source_row,data_troca,modulo_selimp,setor,tipo_troca,sucesso,ultima_comunicacao,bateria_antes_raw,bateria_antes_percentual,status_origem,metodo
2,2025-12-18,03-0046,JT10203VJ0055,CORRETIVA,True,2025-12-18,,,ATUALIZADA,exact
3,2025-12-19,03-0047,MG10101VJ0002,CORRETIVA,True,2025-12-19,,,ATUALIZADA,exact
4,2025-12-19,03-0017,MG10101VJ0012,CORRETIVA,True,2025-12-19,,,ATUALIZADA,exact
5,2025-12-19,03-0072,MG10101VJ0011,CORRETIVA,True,2025-12-19,,,ATUALIZADA,exact
6,2025-12-19,03-0013,MG10101VJ0013,CORRETIVA,True,2025-12-19,,,ATUALIZADA,exact
7,2025-12-19,03-0088,MG10101VJ0007,CORRETIVA,True,2025-12-19,,,ATUALIZADA,exact
8,2025-12-19,03-0009,MG10101VJ0009,CORRETIVA,True,2025-12-19,,,ATUALIZADA,exact
9,2025-12-19,03-0069,MG10101VJ0004,CORRETIVA,True,2025-12-19,,,ATUALIZADA,exact
10,2025-12-20,03-0022,CV10203VJ0056,CORRETIVA,True,2025-12-20,,,ATUALIZADA,exact
11,2025-12-20,03-0089,CV10203VJ0053,CORRETIVA,True,2025-12-20,,,ATUALIZADA,exact
12,2025-12-20,03-0012,CV10203VJ0052,CORRETIVA,True,2025-12-20,,,ATUALIZADA,exact
13,2025-12-20,03-0020,CV10304VJ0026,CORRETIVA,False,2025-12-02,,,DESATUALIZADA,exact
14,2025-12-20,03-0044,CV10304VJ0023,CORRETIVA,False,2025-12-03,,,DESATUALIZADA,exact
15,2025-12-22,03-0077,CV10202VJ0034,CORRETIVA,True,2025-12-22,,,ATUALIZADA,exact
16,2025-12-22,03-0118,CV10202VJ0045,CORRETIVA,True,2025-12-22,,,ATUALIZADA,exact
17,2025-12-22,03-0082,CV10202VJ0029,CORRETIVA,True,2025-12-22,,,ATUALIZADA,exact
18,2025-12-22,03-0038,CV10202VJ0030,CORRETIVA,True,2025-12-22,,,ATUALIZADA,exact
19,2025-12-22,03-0097,CV10202VJ0035,CORRETIVA,True,2025-12-22,,,ATUALIZADA,exact
20,2025-12-22,03-0129,CV10202VJ0041,CORRETIVA,True,2025-12-22,,,ATUALIZADA,exact
21,2025-12-23,03-0107,CV10202VJ0046,CORRETIVA,True,2025-12-23,,,ATUALIZADA,exact
22,2025-12-23,03-0136,CV10202VJ0031,CORRETIVA,True,2025-12-23,,,ATUALIZADA,exact
23,2025-12-26,03-0131,CV10303VJ0020,CORRETIVA,False,2025-12-22,,,DESATUALIZADA,exact
24,2025-12-26,03-0116,CV10303VJ0022,CORRETIVA,False,2025-12-07,,,DESATUALIZADA,exact
25,2025-12-27,03-0143,JT10304VJ0038,CORRETIVA,True,2025-12-27,,,ATUALIZADA,exact
26,2025-12-27,03-0051,JT10304VJ0041,CORRETIVA,True,2025-12-27,,,ATUALIZADA,exact
27,2025-12-30,03-0094,JT10303VJ0024,CORRETIVA,True,2025-12-30,,,ATUALIZADA,exact
28,2025-12-30,03-0002,JT10303VJ0025,CORRETIVA,False,2025-12-06,,,DESATUALIZADA,exact
29,2025-12-30,03-0048,JT10303VJ0026,CORRETIVA,True,2025-12-30,,,ATUALIZADA,exact
30,2025-12-30,03-0043,JT10303VJ0029,CORRETIVA,True,2025-12-30,,,ATUALIZADA,exact
31,2026-01-02,03-0008,JT10304VJ0036,CORRETIVA,True,2026-01-02,,,ATUALIZADA,relaxed
32,2026-01-02,03-0042,JT10202VJ0056,CORRETIVA,True,2026-01-02,,,ATUALIZADA,exact
33,2026-01-03,03-0004,JT10304VJ0059,CORRETIVA,True,2026-01-03,,,ATUALIZADA,exact
34,2026-01-03,03-0031,JT10304VJ0047,CORRETIVA,True,2026-01-03,,,ATUALIZADA,exact
35,2026-01-05,03-0037,JT10302VJ0005,CORRETIVA,True,2026-01-05,,,ATUALIZADA,exact
36,2026-01-05,03-0014,JT10302VJ0011,CORRETIVA,True,2026-01-05,,,ATUALIZADA,exact
37,2026-01-06,03-0026,JT10101VL0001,CORRETIVA,True,2026-01-06,,,ATUALIZADA,exact
38,2026-01-06,03-0087,MG10101VJ0005,CORRETIVA,True,2026-01-06,,,ATUALIZADA,exact
39,2026-01-06,03-0088,MG10101VJ0007,CORRETIVA,True,2026-01-06,,,ATUALIZADA,exact
40,2026-01-06,03-0119,MG10101VJ0003,CORRETIVA,True,2026-01-06,,,ATUALIZADA,exact
41,2026-01-08,03-0045,JT10302VJ0016,CORRETIVA,True,2026-01-08,,,ATUALIZADA,exact
42,2026-01-08,03-0109,JT10302VJ0020,CORRETIVA,True,2026-01-08,,,ATUALIZADA,exact
43,2026-01-08,03-0058,JT10302VJ0019,CORRETIVA,True,2026-01-08,,,ATUALIZADA,exact
44,2026-01-08,03-0068,JT10302VJ0007,CORRETIVA,True,2026-01-08,,,ATUALIZADA,exact
45,2026-01-09,03-0013,MG10101VJ0013,CORRETIVA,True,2026-01-09,,,ATUALIZADA,exact
46,2026-01-09,03-0075,MG10101VJ0010,CORRETIVA,True,2026-01-09,,,ATUALIZADA,exact
47,2026-01-09,03-0006,MG10101VJ0006,CORRETIVA,True,2026-01-09,,,ATUALIZADA,exact
48,2026-01-19,03-0036,CV10101VL0001,CORRETIVA,True,2026-01-19,,,ATUALIZADA,exact
49,2026-01-19,03-0060,CV10101VJ0002,CORRETIVA,True,2026-01-19,,,ATUALIZADA,exact
50,2026-01-19,03-0055,CV10101VJ0001,CORRETIVA,True,2026-01-19,,,ATUALIZADA,exact
51,2026-01-19,03-0101,CV10101VJ0004,CORRETIVA,True,2026-01-19,,,ATUALIZADA,exact
52,2026-01-19,03-0102,CV10101VJ0009,CORRETIVA,True,2026-01-19,,,ATUALIZADA,exact
53,2026-01-19,03-0096,CV10101VJ0007,CORRETIVA,True,2026-01-19,,,ATUALIZADA,exact
54,2026-01-19,03-0120,CV10101VJ0008,CORRETIVA,True,2026-01-19,,,ATUALIZADA,exact
55,2026-01-19,03-0130,CV10102VJ0010,CORRETIVA,True,2026-01-19,,,ATUALIZADA,exact
56,2026-01-19,03-0057,CV10101VJ0005,CORRETIVA,True,2026-01-19,,,ATUALIZADA,exact
57,2026-01-19,03-0112,CV10101VJ0006,CORRETIVA,False,2026-01-10,,,DESATUALIZADA,exact
58,2026-01-19,03-0115,CV10202VJ0037,CORRETIVA,True,2026-01-19,,,ATUALIZADA,exact
59,2026-01-19,03-0113,CV10202VJ0044,CORRETIVA,True,2026-01-19,,,ATUALIZADA,exact
60,2026-01-19,03-0069,MG10101VJ0004,CORRETIVA,True,2026-01-19,,,ATUALIZADA,exact
61,2026-01-19,03-0087,MG10101VJ0005,CORRETIVA,True,2026-01-19,,,ATUALIZADA,exact
62,2026-01-19,03-0006,MG10101VJ0006,CORRETIVA,True,2026-01-19,,,ATUALIZADA,exact
63,2026-01-20,03-0089,CV10203VJ0053,CORRETIVA,True,2026-01-20,,,ATUALIZADA,exact
64,2026-01-20,03-0029,CV10203VJ0055,CORRETIVA,True,2026-01-20,,,ATUALIZADA,exact
65,2026-01-20,03-0022,CV10203VJ0056,CORRETIVA,True,2026-01-20,,,ATUALIZADA,exact
66,2026-01-20,03-0015,CV10203VJ0057,CORRETIVA,True,2026-01-20,,,ATUALIZADA,exact
67,2026-01-20,03-0011,CV10203VJ0051,CORRETIVA,True,2026-01-20,,,ATUALIZADA,exact
68,2026-01-20,03-0039,CV10203VJ0047,CORRETIVA,True,2026-01-20,,,ATUALIZADA,exact
69,2026-01-20,03-0099,CV10203VJ0060,CORRETIVA,True,2026-01-20,,,ATUALIZADA,exact
70,2026-01-20,03-0035,CV10203VJ0061,CORRETIVA,True,2026-01-20,,,ATUALIZADA,exact
71,2026-01-20,03-0098,CV10203VJ0062,CORRETIVA,True,2026-01-20,,,ATUALIZADA,exact
72,2026-01-20,03-0083,CV10203VJ0063,CORRETIVA,True,2026-01-20,,,ATUALIZADA,exact
73,2026-01-20,03-0050,CV10203VJ0064,CORRETIVA,True,2026-01-20,,,ATUALIZADA,exact
74,2026-01-20,03-0061,CV10303VJ0019,CORRETIVA,True,2026-01-20,,,ATUALIZADA,exact
75,2026-01-20,03-0124,MG10101VJ0001,CORRETIVA,True,2026-01-20,,,ATUALIZADA,exact
76,2026-01-20,03-0047,MG10101VJ0002,CORRETIVA,True,2026-01-20,,,ATUALIZADA,exact
77,2026-01-20,03-0182,MG10101VL0001,CORRETIVA,True,2026-01-20,,,ATUALIZADA,exact
78,2026-01-21,03-0023,JT10102VJ0003,CORRETIVA,True,2026-01-21,,,ATUALIZADA,exact
79,2026-01-21,03-0059,JT20102VJ0003,CORRETIVA,True,2026-01-21,,,ATUALIZADA,exact
80,2026-01-21,03-0086,JT10101VL0002,CORRETIVA,True,2026-01-21,,,ATUALIZADA,exact
81,2026-01-21,03-0080,JT10101VJ0004,CORRETIVA,True,2026-01-21,,,ATUALIZADA,exact
82,2026-01-21,03-0026,JT10101VL0001,CORRETIVA,True,2026-01-21,,,ATUALIZADA,exact
83,2026-01-21,03-0138,JT10102VJ0002,CORRETIVA,True,2026-01-21,,,ATUALIZADA,exact
84,2026-01-21,03-0033,JT20102VJ0002,CORRETIVA,True,2026-01-21,,,ATUALIZADA,exact
85,2026-01-21,03-0049,JT10102VJ0001,CORRETIVA,True,2026-01-21,,,ATUALIZADA,exact
86,2026-01-21,03-0103,JT20102VJ0001,CORRETIVA,True,2026-01-21,,,ATUALIZADA,exact
87,2026-01-21,03-0143,JT10304VJ0038,CORRETIVA,True,2026-01-21,,,ATUALIZADA,exact
88,2026-01-21,03-0127,JT10304VJ0039,CORRETIVA,True,2026-01-21,,,ATUALIZADA,exact
89,2026-01-21,03-0031,JT10304VJ0047,CORRETIVA,True,2026-01-21,,,ATUALIZADA,exact
90,2026-01-21,03-0007,JT10304VJ0048,CORRETIVA,True,2026-01-21,,,ATUALIZADA,exact
91,2026-01-21,03-0019,JT10304VJ0049,CORRETIVA,True,2026-01-21,,,ATUALIZADA,exact
92,2026-01-21,03-0016,JT10304VJ0050,CORRETIVA,True,2026-01-21,,,ATUALIZADA,exact
93,2026-01-21,03-0032,JT10304VJ0051,CORRETIVA,True,2026-01-21,,,ATUALIZADA,exact
94,2026-01-21,03-0027,JT10304VJ0052,CORRETIVA,True,2026-01-21,,,ATUALIZADA,exact
95,2026-01-21,03-0005,JT10202VJ0054,CORRETIVA,True,2026-01-21,,,ATUALIZADA,exact
96,2026-01-21,03-0042,JT10202VJ0056,CORRETIVA,True,2026-01-21,,,ATUALIZADA,exact
97,2026-01-21,03-0095,JT10304VJ0042,CORRETIVA,True,2026-01-21,,,ATUALIZADA,exact
98,2026-01-22,03-0045,JT10302VJ0016,CORRETIVA,True,2026-01-22,,,ATUALIZADA,exact
99,2026-01-22,03-0093,JT10302VJ0017,CORRETIVA,True,2026-01-22,,,ATUALIZADA,exact
100,2026-01-22,03-0109,JT10302VJ0020,CORRETIVA,True,2026-01-22,,,ATUALIZADA,exact
101,2026-01-22,03-0137,JT10303VJ0021,CORRETIVA,True,2026-01-22,,,ATUALIZADA,exact
102,2026-01-22,03-0135,JT10303VJ0022,CORRETIVA,True,2026-01-22,,,ATUALIZADA,exact
103,2026-01-22,03-0141,JT10302VJ0018,CORRETIVA,True,2026-01-22,,,ATUALIZADA,exact
104,2026-01-22,03-0058,JT10302VJ0019,CORRETIVA,True,2026-01-22,,,ATUALIZADA,exact
105,2026-01-22,03-0005,JT10202VJ0054,CORRETIVA,True,2026-01-22,,,ATUALIZADA,exact
106,2026-01-22,03-0110,JT10302VJ0014,CORRETIVA,True,2026-01-22,,,ATUALIZADA,exact
107,2026-01-22,03-0030,JT10302VJ0015,CORRETIVA,True,2026-01-22,,,ATUALIZADA,exact
108,2026-01-22,03-0001,JT10303VJ0035,CORRETIVA,True,2026-01-22,,,ATUALIZADA,exact
109,2026-01-22,03-0123,JT10302VJ0012,CORRETIVA,True,2026-01-22,,,ATUALIZADA,exact
110,2026-01-22,03-0014,JT10302VJ0011,CORRETIVA,True,2026-01-22,,,ATUALIZADA,exact
111,2026-01-22,03-0068,JT10302VJ0007,CORRETIVA,True,2026-01-22,,,ATUALIZADA,exact
112,2026-01-23,03-0090,JT10303VJ0032,CORRETIVA,True,2026-01-23,,,ATUALIZADA,exact
113,2026-01-23,03-0008,JT10303VJ0036,CORRETIVA,True,2026-01-23,,,ATUALIZADA,exact
114,2026-01-23,03-0002,JT10303VJ0025,CORRETIVA,False,2025-12-06,,,DESATUALIZADA,exact
115,2026-01-23,03-0094,JT10303VJ0024,CORRETIVA,True,2026-01-23,,,ATUALIZADA,exact
116,2026-01-23,03-0048,JT10303VJ0026,CORRETIVA,True,2026-01-23,,,ATUALIZADA,exact
117,2026-01-23,03-0081,JT10303VJ0027,CORRETIVA,True,2026-01-23,,,ATUALIZADA,exact
118,2026-01-23,03-0063,JT10303VJ0028,CORRETIVA,True,2026-01-23,,,ATUALIZADA,exact
119,2026-01-23,03-0128,JT10303VJ0030,CORRETIVA,True,2026-01-23,,,ATUALIZADA,exact
120,2026-01-23,03-0111,JT10303VJ0058,CORRETIVA,True,2026-01-23,,,ATUALIZADA,exact
121,2026-01-23,03-0041,JT10303VJ0033,CORRETIVA,True,2026-01-23,,,ATUALIZADA,exact
122,2026-01-23,03-0021,MG10101VJ0008,CORRETIVA,True,2026-01-23,,,ATUALIZADA,exact
123,2026-01-23,03-0009,MG10101VJ0009,CORRETIVA,True,2026-01-23,,,ATUALIZADA,exact
124,2026-01-23,03-0017,MG10101VJ0012,CORRETIVA,True,2026-01-23,,,ATUALIZADA,exact
125,2026-01-23,03-0119,MG10101VJ0003,CORRETIVA,True,2026-01-23,,,ATUALIZADA,exact
126,2026-01-23,03-0072,MG10101VJ0011,CORRETIVA,True,2026-01-23,,,ATUALIZADA,exact
127,2026-01-23,03-0013,MG10101VJ0013,CORRETIVA,True,2026-01-23,,,ATUALIZADA,exact
128,2026-01-24,03-0051,JT10304VJ0041,CORRETIVA,True,2026-01-24,,,ATUALIZADA,exact
129,2026-01-24,03-0095,JT10304VJ0042,CORRETIVA,True,2026-01-24,,,ATUALIZADA,exact
130,2026-01-24,03-0025,JT10304VJ0043,CORRETIVA,True,2026-01-24,,,ATUALIZADA,exact
131,2026-01-24,03-0091,JT10304VJ0044,CORRETIVA,True,2026-01-24,,,ATUALIZADA,exact
132,2026-01-24,03-0104,JT10304VJ0045,CORRETIVA,True,2026-01-24,,,ATUALIZADA,exact
133,2026-01-24,03-0024,JT10304VJ0046,CORRETIVA,True,2026-01-24,,,ATUALIZADA,exact
134,2026-01-24,03-0046,JT10203VJ0055,CORRETIVA,True,2026-01-24,,,ATUALIZADA,exact
135,2026-01-24,03-0004,JT10304VJ0059,CORRETIVA,True,2026-01-24,,,ATUALIZADA,exact
136,2026-01-24,03-0140,JT10203VJ0053,CORRETIVA,True,2026-01-24,,,ATUALIZADA,exact
137,2026-01-24,03-0054,JT10304VJ0040,CORRETIVA,True,2026-01-24,,,ATUALIZADA,exact
138,2026-01-24,03-0007,JT10304VJ0048,CORRETIVA,True,2026-01-24,,,ATUALIZADA,exact
139,2026-01-24,03-0026,JT10101VL0001,CORRETIVA,True,2026-01-24,,,ATUALIZADA,exact
140,2026-01-24,03-0088,MG10101VJ0007,CORRETIVA,True,2026-01-24,,,ATUALIZADA,exact
141,2026-01-26,03-0077,CV10202VJ0034,CORRETIVA,True,2026-01-26,,,ATUALIZADA,exact
142,2026-01-26,03-0118,CV10202VJ0045,CORRETIVA,True,2026-01-26,,,ATUALIZADA,exact
143,2026-01-26,03-0107,CV10202VJ0046,CORRETIVA,True,2026-01-26,,,ATUALIZADA,exact
144,2026-01-26,03-0136,CV10202VJ0031,CORRETIVA,True,2026-01-26,,,ATUALIZADA,exact
145,2026-01-26,03-0122,CV10202VJ0039,CORRETIVA,True,2026-01-26,,,ATUALIZADA,exact
146,2026-01-26,03-0065,CV10302VJ0013,CORRETIVA,True,2026-01-26,,,ATUALIZADA,exact
147,2026-01-26,03-0114,CV10202VJ0043,CORRETIVA,True,2026-01-26,,,ATUALIZADA,exact
148,2026-01-26,03-0105,CV10302VJ0015,CORRETIVA,True,2026-01-26,,,ATUALIZADA,exact
149,2026-01-26,03-0126,CV10202VJ0033,CORRETIVA,True,2026-01-26,,,ATUALIZADA,exact
150,2026-01-26,03-0084,CV10302VJ0011,CORRETIVA,True,2026-01-26,,,ATUALIZADA,exact
151,2026-01-26,03-0129,CV10202VJ0041,CORRETIVA,True,2026-01-26,,,ATUALIZADA,exact
152,2026-01-26,03-0085,CV10202VJ0036,CORRETIVA,True,2026-01-26,,,ATUALIZADA,exact
153,2026-01-26,03-0121,CV10202VJ0040,CORRETIVA,True,2026-01-26,,,ATUALIZADA,exact
154,2026-01-26,03-0108,CV10202VJ0042,CORRETIVA,True,2026-01-26,,,ATUALIZADA,exact
155,2026-01-26,03-0082,CV10202VJ0029,CORRETIVA,True,2026-01-26,,,ATUALIZADA,exact
156,2026-01-26,03-0038,CV10202VJ0030,CORRETIVA,True,2026-01-26,,,ATUALIZADA,exact
157,2026-01-26,03-0056,CV10202VJ0032,CORRETIVA,True,2026-01-26,,,ATUALIZADA,exact
158,2026-01-26,03-0139,CV10302VJ0014,CORRETIVA,True,2026-01-26,,,ATUALIZADA,exact
159,2026-01-26,03-0132,CV10202VJ0038,CORRETIVA,True,2026-01-26,,,ATUALIZADA,exact
160,2026-01-26,03-0076,JT10302VJ0057,CORRETIVA,True,2026-01-26,,,ATUALIZADA,exact
161,2026-01-26,03-0052,JT10302VJ0006,CORRETIVA,True,2026-01-26,,,ATUALIZADA,exact
162,2026-01-26,03-0117,JT10302VJ0013,CORRETIVA,True,2026-01-26,,,ATUALIZADA,exact
163,2026-01-26,03-0037,JT10302VJ0005,CORRETIVA,True,2026-01-26,,,ATUALIZADA,exact
164,2026-01-26,03-0013,MG10101VJ0013,CORRETIVA,False,2026-01-21,,,DESATUALIZADA,exact
165,2026-01-27,03-0066,CV10203VJ0048,CORRETIVA,True,2026-01-27,,,ATUALIZADA,exact
166,2026-01-27,03-0134,CV10203VJ0049,CORRETIVA,True,2026-01-27,,,ATUALIZADA,exact
167,2026-01-27,03-0071,CV10203VJ0050,CORRETIVA,False,2025-12-13,,,DESATUALIZADA,exact
168,2026-01-27,03-0012,CV10203VJ0052,CORRETIVA,True,2026-01-27,,,ATUALIZADA,exact
169,2026-01-27,03-0100,CV10203VJ0054,CORRETIVA,True,2026-01-27,,,ATUALIZADA,exact
170,2026-01-27,03-0028,CV10203VJ0058,CORRETIVA,True,2026-01-27,,,ATUALIZADA,exact
171,2026-01-27,03-0034,CV10203VJ0059,CORRETIVA,True,2026-01-27,,,ATUALIZADA,exact
172,2026-01-27,03-0035,CV10203VJ0061,CORRETIVA,True,2026-01-27,,,ATUALIZADA,exact
173,2026-01-27,03-0073,CV10303VJ0017,CORRETIVA,False,2025-12-22,,,DESATUALIZADA,exact
174,2026-01-27,03-0061,CV10303VJ0019,CORRETIVA,True,2026-01-27,,,ATUALIZADA,exact
175,2026-01-27,03-0131,CV10303VJ0020,CORRETIVA,True,2026-01-27,,,ATUALIZADA,exact
176,2026-01-27,03-0067,CV10303VJ0021,CORRETIVA,True,2026-01-27,,,ATUALIZADA,exact
177,2026-01-27,03-0116,CV10303VJ0022,CORRETIVA,True,2026-01-27,,,ATUALIZADA,exact
178,2026-01-27,03-0044,CV10304VJ0023,CORRETIVA,False,2025-12-03,,,DESATUALIZADA,exact
179,2026-01-27,03-0062,CV10304VJ0024,CORRETIVA,False,2026-01-22,,,DESATUALIZADA,exact
180,2026-01-27,03-0140,JT10203VJ0053,CORRETIVA,True,2026-01-27,,,ATUALIZADA,exact
181,2026-01-27,03-0137,JT10303VJ0021,CORRETIVA,False,2025-12-26,,,DESATUALIZADA,exact
182,2026-01-27,03-0090,JT10303VJ0032,CORRETIVA,True,2026-01-27,,,ATUALIZADA,exact
183,2026-01-27,03-0008,JT10303VJ0036,CORRETIVA,True,2026-01-27,,,ATUALIZADA,exact
184,2026-01-27,03-0075,MG10101VJ0010,CORRETIVA,True,2026-01-27,,,ATUALIZADA,exact
185,2026-01-28,03-0097,CV10202VJ0035,CORRETIVA,True,2026-01-28,,,ATUALIZADA,exact
186,2026-01-28,03-0020,CV10304VJ0026,CORRETIVA,True,2026-01-28,,,ATUALIZADA,exact
187,2026-01-28,03-0010,CV10304VJ0027,CORRETIVA,True,2026-01-28,,,ATUALIZADA,exact
188,2026-01-28,03-0125,CV10304VJ0028,CORRETIVA,True,2026-01-28,,,ATUALIZADA,exact
189,2026-01-28,03-0040,JT10304VJ0037,CORRETIVA,True,2026-01-28,,,ATUALIZADA,exact
190,2026-01-28,03-0127,JT10304VJ0039,CORRETIVA,True,2026-01-28,,,ATUALIZADA,exact
191,2026-01-28,03-0051,JT10304VJ0041,CORRETIVA,True,2026-01-28,,,ATUALIZADA,exact
192,2026-01-28,03-0095,JT10304VJ0042,CORRETIVA,True,2026-01-28,,,ATUALIZADA,exact
193,2026-01-28,03-0104,JT10304VJ0045,CORRETIVA,True,2026-01-28,,,ATUALIZADA,exact
194,2026-01-28,03-0032,JT10304VJ0051,CORRETIVA,True,2026-01-28,,,ATUALIZADA,exact
195,2026-01-28,03-0027,JT10304VJ0052,CORRETIVA,True,2026-01-28,,,ATUALIZADA,exact
196,2026-01-29,03-0092,CV10302VJ0012,CORRETIVA,False,2025-12-21,,,DESATUALIZADA,exact
197,2026-01-29,03-0070,CV10302VJ0016,CORRETIVA,True,2026-01-29,,,ATUALIZADA,exact
198,2026-01-29,03-0071,CV10203VJ0050,CORRETIVA,False,2025-12-13,,,DESATUALIZADA,exact
199,2026-01-29,03-0052,JT10302VJ0006,CORRETIVA,True,2026-01-29,,,ATUALIZADA,exact
200,2026-01-29,03-0074,JT10302VJ0008,CORRETIVA,True,2026-01-29,,,ATUALIZADA,exact
201,2026-01-29,03-0079,JT10302VJ0009,CORRETIVA,True,2026-01-29,,,ATUALIZADA,exact
202,2026-01-29,03-0018,JT10302VJ0010,CORRETIVA,False,2026-01-18,,,DESATUALIZADA,exact
203,2026-01-29,03-0110,JT10302VJ0014,CORRETIVA,True,2026-01-29,,,ATUALIZADA,exact
204,2026-01-31,03-0112,CV10101VJ0006,CORRETIVA,True,2026-01-31,,,ATUALIZADA,exact
205,2026-01-31,03-0022,CV10203VJ0056,PREVENTIVA,True,2026-01-31,,,ATUALIZADA,exact
206,2026-01-31,03-0057,CV10101VJ0005,PREVENTIVA,False,2026-01-30,,,DESATUALIZADA,exact
207,2026-01-31,03-0006,MG10101VJ0006,CORRETIVA,True,2026-01-31,,,ATUALIZADA,exact
208,2026-01-31,03-0087,MG10101VJ0005,PREVENTIVA,True,2026-01-31,,,ATUALIZADA,exact
209,2026-01-31,03-0021,MG10101VJ0008,PREVENTIVA,True,2026-01-31,,,ATUALIZADA,exact
210,2026-02-02,03-0065,CV10302VJ0013,CORRETIVA,True,2026-02-02,,,ATUALIZADA,exact
211,2026-02-02,03-0115,CV10202VJ0037,PREVENTIVA,True,2026-02-02,,,ATUALIZADA,exact
212,2026-02-02,03-0101,CV10101VJ0004,PREVENTIVA,True,2026-02-02,,,ATUALIZADA,exact
213,2026-02-02,03-0130,CV10102VJ0010,PREVENTIVA,True,2026-02-02,,,ATUALIZADA,exact
214,2026-02-02,03-0023,JT10102VJ0003,PREVENTIVA,True,2026-02-02,,,ATUALIZADA,exact
215,2026-02-02,03-0058,JT10302VJ0019,PREVENTIVA,True,2026-02-02,,,ATUALIZADA,exact
216,2026-02-02,03-0138,JT10102VJ0002,PREVENTIVA,True,2026-02-02,,,ATUALIZADA,exact
217,2026-02-02,03-0080,JT10101VJ0004,PREVENTIVA,True,2026-02-02,,,ATUALIZADA,exact
218,2026-02-02,03-0086,JT10101VL0002,PREVENTIVA,True,2026-02-02,,,ATUALIZADA,exact
219,2026-02-02,03-0103,JT20102VJ0001,PREVENTIVA,True,2026-02-02,,,ATUALIZADA,exact
220,2026-02-03,03-0057,CV10101VJ0005,CORRETIVA,False,2026-01-30,,,DESATUALIZADA,exact
221,2026-02-03,03-0071,CV10203VJ0050,CORRETIVA,False,2025-12-13,,,DESATUALIZADA,exact
222,2026-02-03,03-0073,CV10303VJ0017,CORRETIVA,False,2026-01-30,,,DESATUALIZADA,exact
223,2026-02-03,03-0131,CV10303VJ0020,CORRETIVA,True,2026-02-03,0.79,79,ATUALIZADA,exact
224,2026-02-03,03-0059,JT20102VJ0003,PREVENTIVA,True,2026-02-03,0.94,94,ATUALIZADA,exact
225,2026-02-03,03-0137,JT10303VJ0021,CORRETIVA,False,2026-01-28,,,DESATUALIZADA,exact
226,2026-02-03,03-0142,JT10303VJ0023,CORRETIVA,True,2026-02-03,0.79,79,ATUALIZADA,exact
227,2026-02-03,03-0002,JT10303VJ0025,CORRETIVA,False,2025-12-06,,,DESATUALIZADA,exact
228,2026-02-03,03-0043,JT10303VJ0029,CORRETIVA,True,2026-02-03,0.79,79,ATUALIZADA,exact
229,2026-02-03,03-0133,JT10303VJ0031,PREVENTIVA,True,2026-02-03,0.84,84,ATUALIZADA,exact
230,2026-02-03,03-0090,JT10303VJ0032,CORRETIVA,False,2026-01-31,,,DESATUALIZADA,exact
231,2026-02-03,03-0053,JT10303VJ0034,CORRETIVA,True,2026-02-03,0.94,94,ATUALIZADA,exact
232,2026-02-03,03-0124,MG10101VJ0001,CORRETIVA,False,2026-01-21,,,DESATUALIZADA,exact
233,2026-02-04,03-0082,CV10202VJ0029,CORRETIVA,True,2026-02-04,0.38,38,ATUALIZADA,exact
234,2026-02-04,03-0038,CV10202VJ0030,CORRETIVA,True,2026-02-04,0.89,89,ATUALIZADA,exact
235,2026-02-04,03-0062,CV10304VJ0024,CORRETIVA,False,2026-01-29,,,DESATUALIZADA,exact
236,2026-02-04,03-0108,CV10202VJ0042,CORRETIVA,True,2026-02-04,0.89,89,ATUALIZADA,exact
237,2026-02-04,03-0136,CV10202VJ0031,CORRETIVA,True,2026-02-04,0.79,79,ATUALIZADA,exact
238,2026-02-04,03-0056,CV10202VJ0032,CORRETIVA,False,2026-02-02,,,DESATUALIZADA,exact
239,2026-02-04,03-0020,CV10304VJ0026,CORRETIVA,True,2026-02-04,0.89,89,ATUALIZADA,exact
240,2026-02-04,03-0044,CV10304VJ0023,CORRETIVA,True,2026-02-04,0.84,84,ATUALIZADA,exact
241,2026-02-04,03-0125,CV10304VJ0028,CORRETIVA,True,2026-02-04,0.84,84,ATUALIZADA,exact
242,2026-02-04,03-0007,JT10304VJ0048,CORRETIVA,True,2026-02-04,0,0,ATUALIZADA,exact
243,2026-02-04,03-0095,JT10304VJ0042,CORRETIVA,False,2026-01-28,,,DESATUALIZADA,exact
244,2026-02-04,03-0026,JT10101VL0001,PREVENTIVA,True,2026-02-04,1,100,ATUALIZADA,exact
245,2026-02-04,03-0086,JT10101VL0002,PREVENTIVA,True,2026-02-04,0.69,69,ATUALIZADA,exact
246,2026-02-04,03-0025,JT10304VJ0043,CORRETIVA,True,2026-02-04,0.94,94,ATUALIZADA,exact
247,2026-02-04,03-0091,JT10304VJ0044,PREVENTIVA,True,2026-02-04,0.91,91,ATUALIZADA,exact
248,2026-02-04,03-0051,JT10304VJ0041,CORRETIVA,False,2026-01-31,,,DESATUALIZADA,exact
249,2026-02-04,03-0027,JT10304VJ0052,CORRETIVA,True,2026-02-04,0.89,89,ATUALIZADA,exact
250,2026-02-04,03-0127,JT10304VJ0039,CORRETIVA,True,2026-02-04,1,100,ATUALIZADA,exact
251,2026-02-04,03-0104,JT10304VJ0045,CORRETIVA,True,2026-02-04,0.89,89,ATUALIZADA,exact
252,2026-02-04,03-0032,JT10304VJ0051,CORRETIVA,True,2026-02-04,0.94,94,ATUALIZADA,exact
253,2026-02-05,03-0022,CV10203VJ0056,PREVENTIVA,True,2026-02-05,0.79,79,ATUALIZADA,exact
254,2026-02-05,03-0092,CV10302VJ0012,CORRETIVA,True,2026-02-05,0.99,99,ATUALIZADA,exact
255,2026-02-05,03-0098,CV10203VJ0062,PREVENTIVA,True,2026-02-05,0.89,89,ATUALIZADA,exact
256,2026-02-05,03-0105,CV10302VJ0015,PREVENTIVA,True,2026-02-05,0.81,81,ATUALIZADA,exact
257,2026-02-05,03-0060,CV10101VJ0002,PREVENTIVA,True,2026-02-05,0.44,44,ATUALIZADA,exact
258,2026-02-05,03-0102,CV10101VJ0009,PREVENTIVA,True,2026-02-05,0.98,98,ATUALIZADA,exact
259,2026-02-05,03-0036,CV10101VL0001,PREVENTIVA,True,2026-02-05,0.89,89,ATUALIZADA,exact
260,2026-02-05,03-0029,CV10203VJ0055,PREVENTIVA,True,2026-02-05,0.85,85,ATUALIZADA,exact
261,2026-02-05,03-0014,JT10302VJ0011,PREVENTIVA,True,2026-02-05,0,0,ATUALIZADA,exact
262,2026-02-05,03-0049,JT10102VJ0001,PREVENTIVA,True,2026-02-05,0.38,38,ATUALIZADA,exact
263,2026-02-05,03-0093,JT10302VJ0017,PREVENTIVA,True,2026-02-05,0.99,99,ATUALIZADA,exact
264,2026-02-06,03-0073,CV10303VJ0017,CORRETIVA,False,2026-02-05,,,DESATUALIZADA,exact
265,2026-02-06,03-0078,CV10303VJ0018,CORRETIVA,True,2026-02-06,0.79,79,ATUALIZADA,exact
266,2026-02-06,03-0131,CV10303VJ0020,CORRETIVA,True,2026-02-06,0.94,94,ATUALIZADA,exact
267,2026-02-06,03-0107,CV10202VJ0046,PREVENTIVA,True,2026-02-06,0.84,84,ATUALIZADA,exact
268,2026-02-06,03-0116,CV10303VJ0022,PREVENTIVA,True,2026-02-06,0.74,74,ATUALIZADA,exact
269,2026-02-06,03-0008,JT10303VJ0036,CORRETIVA,True,2026-02-06,1,100,ATUALIZADA,exact
270,2026-02-06,03-0053,JT10303VJ0034,CORRETIVA,True,2026-02-06,0.94,94,ATUALIZADA,exact
271,2026-02-06,03-0138,JT10102VJ0002,CORRETIVA,True,2026-02-06,0.79,79,ATUALIZADA,exact
272,2026-02-06,03-0103,JT20102VJ0001,CORRETIVA,True,2026-02-06,0.89,89,ATUALIZADA,exact
273,2026-02-07,03-0011,CV10203VJ0051,PREVENTIVA,True,2026-02-07,0.84,84,ATUALIZADA,exact
274,2026-02-07,03-0035,CV10203VJ0061,PREVENTIVA,True,2026-02-07,0.74,74,ATUALIZADA,exact
275,2026-02-07,03-0010,CV10304VJ0027,CORRETIVA,False,2026-02-04,,,DESATUALIZADA,exact
276,2026-02-07,03-0140,JT10203VJ0053,PREVENTIVA,True,2026-02-07,0.78,78,ATUALIZADA,exact
277,2026-02-07,03-0054,JT10304VJ0040,PREVENTIVA,True,2026-02-07,0.88,88,ATUALIZADA,exact
278,2026-02-07,03-0104,JT10304VJ0045,CORRETIVA,False,2026-02-04,,,DESATUALIZADA,exact
279,2026-02-07,03-0024,JT10304VJ0046,PREVENTIVA,True,2026-02-07,0.93,93,ATUALIZADA,exact
280,2026-02-07,03-0007,JT10304VJ0048,CORRETIVA,True,2026-02-07,0,0,ATUALIZADA,exact
281,2026-02-07,03-0004,JT10304VJ0059,CORRETIVA,True,2026-02-07,0.84,84,ATUALIZADA,exact
282,2026-02-09,03-0114,CV10202VJ0043,PREVENTIVA,True,2026-02-09,0.94,94,ATUALIZADA,exact
283,2026-02-09,03-0113,CV10202VJ0044,PREVENTIVA,True,2026-02-09,0.88,88,ATUALIZADA,exact
284,2026-02-09,03-0139,CV10302VJ0014,PREVENTIVA,True,2026-02-09,1,100,ATUALIZADA,exact
285,2026-02-09,03-0042,JT10202VJ0056,PREVENTIVA,True,2026-02-09,0.2,20,ATUALIZADA,exact
286,2026-02-09,03-0068,JT10302VJ0007,CORRETIVA,False,2026-02-05,,,DESATUALIZADA,exact
287,2026-02-09,03-0074,JT10302VJ0008,CORRETIVA,True,2026-02-09,0.89,89,ATUALIZADA,exact
288,2026-02-09,03-0076,JT10302VJ0057,CORRETIVA,True,2026-02-09,0.94,94,ATUALIZADA,exact
289,2026-02-09,03-0009,MG10101VJ0009,PREVENTIVA,False,2026-02-08,,,DESATUALIZADA,exact
290,2026-02-09,03-0072,MG10101VJ0011,PREVENTIVA,False,2026-02-08,,,DESATUALIZADA,exact
291,2026-02-09,03-0017,MG10101VJ0012,PREVENTIVA,True,2026-02-09,0.94,94,ATUALIZADA,exact
292,2026-02-10,03-0096,CV10101VJ0007,PREVENTIVA,True,2026-02-10,0.89,89,ATUALIZADA,exact
293,2026-02-10,03-0112,CV10101VJ0006,PREVENTIVA,True,2026-02-10,0.84,84,ATUALIZADA,exact
294,2026-02-10,03-0057,CV10101VJ0005,CORRETIVA,True,2026-02-10,0.81,81,ATUALIZADA,exact
295,2026-02-10,03-0060,CV10101VJ0002,CORRETIVA,False,2026-02-05,,,DESATUALIZADA,exact
296,2026-02-10,03-0071,CV10203VJ0050,CORRETIVA,False,2025-12-13,,,DESATUALIZADA,exact
297,2026-02-10,03-0090,JT10303VJ0032,CORRETIVA,False,2026-02-06,,,DESATUALIZADA,exact
298,2026-02-10,03-0137,JT10303VJ0021,CORRETIVA,False,2026-01-28,,,DESATUALIZADA,exact
299,2026-02-10,03-0119,MG10101VJ0003,PREVENTIVA,True,2026-02-10,0.94,94,ATUALIZADA,exact
300,2026-02-10,03-0124,MG10101VJ0001,CORRETIVA,False,2026-01-21,,,DESATUALIZADA,exact
301,2026-02-12,03-0101,CV10101VJ0004,PREVENTIVA,True,2026-02-12,0.94,94,ATUALIZADA,exact
302,2026-02-12,03-0089,CV10203VJ0053,PREVENTIVA,True,2026-02-12,0.84,84,ATUALIZADA,exact
303,2026-02-12,03-0065,CV10302VJ0013,CORRETIVA,False,2026-02-11,,,DESATUALIZADA,exact
304,2026-02-12,03-0058,JT10302VJ0019,PREVENTIVA,True,2026-02-12,0.74,74,ATUALIZADA,exact
305,2026-02-12,03-0080,JT10101VJ0004,PREVENTIVA,True,2026-02-12,0.89,89,ATUALIZADA,exact
306,2026-02-12,03-0059,JT20102VJ0003,PREVENTIVA,True,2026-02-12,1,100,ATUALIZADA,exact
307,2026-02-12,03-0109,JT10302VJ0020,PREVENTIVA,True,2026-02-12,0.84,84,ATUALIZADA,exact
308,2026-02-12,03-0117,JT10302VJ0013,PREVENTIVA,True,2026-02-12,0.83,83,ATUALIZADA,exact
309,2026-02-12,03-0014,JT10302VJ0011,CORRETIVA,True,2026-02-12,0.94,94,ATUALIZADA,exact
310,2026-02-12,03-0006,MG10101VJ0006,PREVENTIVA,True,2026-02-12,0.86,86,ATUALIZADA,exact
311,2026-02-12,03-0013,MG10101VJ0013,PREVENTIVA,True,2026-02-12,0.74,74,ATUALIZADA,exact
312,2026-02-12,03-0021,MG10101VJ0008,PREVENTIVA,True,2026-02-12,0.39,39,ATUALIZADA,exact
313,2026-02-12,03-0047,MG10101VJ0002,PREVENTIVA,True,2026-02-12,0.83,83,ATUALIZADA,exact
314,2026-02-12,03-0069,MG10101VJ0004,PREVENTIVA,True,2026-02-12,0.85,85,ATUALIZADA,exact
315,2026-02-13,03-0085,CV10202VJ0036,PREVENTIVA,True,2026-02-13,0.99,99,ATUALIZADA,exact
316,2026-02-13,03-0126,CV10202VJ0033,PREVENTIVA,True,2026-02-13,0.94,94,ATUALIZADA,exact
317,2026-02-13,03-0038,CV10202VJ0030,CORRETIVA,True,2026-02-13,0.89,89,ATUALIZADA,exact
318,2026-02-13,03-0073,CV10303VJ0017,CORRETIVA,True,2026-02-13,0.54,54,ATUALIZADA,exact
319,2026-02-13,03-0077,CV10202VJ0034,CORRETIVA,True,2026-02-13,0.84,84,ATUALIZADA,exact
320,2026-02-13,03-0082,CV10202VJ0029,CORRETIVA,True,2026-02-13,0.84,84,ATUALIZADA,exact
321,2026-02-13,03-0108,CV10202VJ0042,CORRETIVA,True,2026-02-13,0.89,89,ATUALIZADA,exact
322,2026-02-13,03-0116,CV10303VJ0022,CORRETIVA,True,2026-02-13,0.94,94,ATUALIZADA,exact
323,2026-02-13,03-0131,CV10303VJ0020,CORRETIVA,True,2026-02-13,0.6,60,ATUALIZADA,exact
324,2026-02-13,03-0136,CV10202VJ0031,CORRETIVA,True,2026-02-13,0.84,84,ATUALIZADA,exact
325,2026-02-13,03-0008,JT10303VJ0036,CORRETIVA,True,2026-02-13,0.99,99,ATUALIZADA,exact
326,2026-02-13,03-0053,JT10303VJ0034,CORRETIVA,True,2026-02-13,0.79,79,ATUALIZADA,exact
327,2026-02-13,03-0081,JT10303VJ0027,CORRETIVA,False,2026-02-10,,,DESATUALIZADA,exact
328,2026-02-14,03-0010,CV10304VJ0027,CORRETIVA,False,2026-02-11,,,DESATUALIZADA,exact
329,2026-02-14,03-0020,CV10304VJ0026,CORRETIVA,True,2026-02-14,1,100,ATUALIZADA,exact
330,2026-02-14,03-0035,CV10203VJ0061,CORRETIVA,True,2026-02-14,0.76,76,ATUALIZADA,exact
331,2026-02-14,03-0062,CV10304VJ0024,CORRETIVA,False,2026-02-09,,,DESATUALIZADA,exact
332,2026-02-14,03-0007,JT10304VJ0048,CORRETIVA,True,2026-02-14,0,0,ATUALIZADA,exact
333,2026-02-14,03-0025,JT10304VJ0043,CORRETIVA,True,2026-02-14,0.84,84,ATUALIZADA,exact
334,2026-02-14,03-0004,JT10304VJ0059,CORRETIVA,True,2026-02-14,0.89,89,ATUALIZADA,exact
335,2026-02-14,03-0016,JT10304VJ0050,CORRETIVA,True,2026-02-14,0.89,89,ATUALIZADA,exact
336,2026-02-14,03-0027,JT10304VJ0052,CORRETIVA,True,2026-02-14,0.78,78,ATUALIZADA,exact
337,2026-02-14,03-0051,JT10304VJ0041,CORRETIVA,True,2026-02-14,0.79,79,ATUALIZADA,exact
338,2026-02-14,03-0127,JT10304VJ0039,CORRETIVA,True,2026-02-14,0.44,44,ATUALIZADA,exact
339,2026-02-16,03-0056,CV10202VJ0032,CORRETIVA,False,2026-02-02,,,DESATUALIZADA,exact
340,2026-02-16,03-0060,CV10101VJ0002,CORRETIVA,True,2026-02-16,0.74,74,ATUALIZADA,exact
341,2026-02-16,03-0065,CV10302VJ0013,CORRETIVA,True,2026-02-16,0.94,94,ATUALIZADA,exact
342,2026-02-16,03-0092,CV10302VJ0012,CORRETIVA,True,2026-02-16,0.85,85,ATUALIZADA,exact
343,2026-02-16,03-0122,CV10202VJ0039,CORRETIVA,True,2026-02-16,0.74,74,ATUALIZADA,exact
344,2026-02-16,03-0023,JT10102VJ0003,PREVENTIVA,True,2026-02-16,0.84,84,ATUALIZADA,exact
345,2026-02-16,03-0076,JT10302VJ0057,CORRETIVA,True,2026-02-16,0.99,99,ATUALIZADA,exact
346,2026-02-16,03-0021,MG10101VJ0008,CORRETIVA,False,2026-02-12,,,DESATUALIZADA,exact
347,2026-02-18,03-0044,CV10304VJ0023,CORRETIVA,True,2026-02-18,0.89,89,ATUALIZADA,exact
348,2026-02-18,03-0036,CV10101VL0001,PREVENTIVA,True,2026-02-18,0.92,92,ATUALIZADA,exact
349,2026-02-18,03-0064,CV10101VJ0003,PREVENTIVA,True,2026-02-18,0.79,79,ATUALIZADA,exact
350,2026-02-18,03-0107,CV10202VJ0046,CORRETIVA,True,2026-02-18,0.89,89,ATUALIZADA,exact
351,2026-02-18,03-0115,CV10202VJ0037,PREVENTIVA,True,2026-02-18,0.99,99,ATUALIZADA,exact
352,2026-02-18,03-0118,CV10202VJ0045,PREVENTIVA,True,2026-02-18,0.99,99,ATUALIZADA,exact
353,2026-02-18,03-0136,CV10202VJ0031,CORRETIVA,True,2026-02-18,1,100,ATUALIZADA,exact
354,2026-02-18,03-0032,JT10304VJ0051,CORRETIVA,True,2026-02-18,0.94,94,ATUALIZADA,exact
355,2026-02-18,03-0040,JT10304VJ0037,PREVENTIVA,True,2026-02-18,0.96,96,ATUALIZADA,exact
356,2026-02-18,03-0059,JT20102VJ0003,CORRETIVA,False,2026-02-13,,,DESATUALIZADA,exact
357,2026-02-18,03-0086,JT10101VL0002,PREVENTIVA,True,2026-02-18,0.89,89,ATUALIZADA,exact
358,2026-02-19,03-0057,CV10101VJ0005,CORRETIVA,True,2026-02-19,0.84,84,ATUALIZADA,exact
359,2026-02-19,03-0055,CV10101VJ0001,PREVENTIVA,True,2026-02-19,0.36,36,ATUALIZADA,exact
360,2026-02-19,03-0120,CV10101VJ0008,PREVENTIVA,True,2026-02-19,0.04,4,ATUALIZADA,exact
361,2026-02-19,03-0015,CV10203VJ0057,PREVENTIVA,True,2026-02-19,0.79,79,ATUALIZADA,exact
362,2026-02-19,03-0105,CV10302VJ0015,PREVENTIVA,True,2026-02-19,0.39,39,ATUALIZADA,exact
363,2026-02-19,03-0022,CV10203VJ0056,CORRETIVA,True,2026-02-19,0.51,51,ATUALIZADA,exact
364,2026-02-19,03-0035,CV10203VJ0061,CORRETIVA,True,2026-02-19,0.79,79,ATUALIZADA,exact
365,2026-02-19,03-0098,CV10203VJ0062,CORRETIVA,True,2026-02-19,0.19,19,ATUALIZADA,exact
366,2026-02-19,03-0139,CV10302VJ0014,CORRETIVA,True,2026-02-19,0.89,89,ATUALIZADA,exact
367,2026-02-20,03-0056,CV10202VJ0032,CORRETIVA,False,2026-02-02,,,DESATUALIZADA,exact
368,2026-02-20,03-0061,CV10303VJ0019,CORRETIVA,True,2026-02-20,0.89,89,ATUALIZADA,exact
369,2026-02-20,03-0067,CV10303VJ0021,PREVENTIVA,True,2026-02-20,0.84,84,ATUALIZADA,exact
370,2026-02-20,03-0073,CV10303VJ0017,CORRETIVA,True,2026-02-20,0.99,99,ATUALIZADA,exact
371,2026-02-20,03-0078,CV10303VJ0018,CORRETIVA,True,2026-02-20,0.89,89,ATUALIZADA,exact
372,2026-02-20,03-0112,CV10101VJ0006,PREVENTIVA,True,2026-02-20,0.99,99,ATUALIZADA,exact
373,2026-02-20,03-0131,CV10303VJ0020,CORRETIVA,True,2026-02-20,0.79,79,ATUALIZADA,exact
374,2026-02-20,03-0008,JT10303VJ0036,CORRETIVA,True,2026-02-20,0.94,94,ATUALIZADA,exact
375,2026-02-20,03-0041,JT10303VJ0033,PREVENTIVA,True,2026-02-20,0.78,78,ATUALIZADA,exact
376,2026-02-20,03-0053,JT10303VJ0034,CORRETIVA,True,2026-02-20,0,0,ATUALIZADA,exact
377,2026-02-20,03-0081,JT10303VJ0027,CORRETIVA,True,2026-02-20,0.44,44,ATUALIZADA,exact
378,2026-02-20,03-0090,JT10303VJ0032,CORRETIVA,False,2026-02-17,,,DESATUALIZADA,exact
379,2026-02-20,03-0009,MG10101VJ0009,PREVENTIVA,True,2026-02-20,0.84,84,ATUALIZADA,exact
380,2026-02-20,03-0075,MG10101VJ0010,PREVENTIVA,True,2026-02-20,0.3,30,ATUALIZADA,exact
381,2026-02-21,03-0010,CV10304VJ0027,CORRETIVA,False,2026-02-18,,,DESATUALIZADA,exact
382,2026-02-21,03-0020,CV10304VJ0026,CORRETIVA,False,2026-02-18,,,DESATUALIZADA,exact
383,2026-02-21,03-0062,CV10304VJ0024,CORRETIVA,False,2026-02-18,,,DESATUALIZADA,exact
384,2026-02-21,03-0071,CV10203VJ0050,CORRETIVA,False,2025-12-13,,,DESATUALIZADA,exact
385,2026-02-21,03-0025,JT10304VJ0043,CORRETIVA,True,2026-02-21,0.49,49,ATUALIZADA,exact
386,2026-02-21,03-0007,JT10304VJ0048,CORRETIVA,True,2026-02-21,0,0,ATUALIZADA,exact
387,2026-02-23,03-0065,CV10302VJ0013,CORRETIVA,True,2026-02-23,0.84,84,ATUALIZADA,exact
388,2026-02-23,03-0070,CV10302VJ0016,CORRETIVA,True,2026-02-23,0.93,93,ATUALIZADA,exact
389,2026-02-23,03-0049,JT10102VJ0001,PREVENTIVA,True,2026-02-23,0.99,99,ATUALIZADA,exact
390,2026-02-23,03-0059,JT20102VJ0003,CORRETIVA,False,2026-02-13,,,DESATUALIZADA,exact
391,2026-02-23,03-0076,JT10302VJ0057,CORRETIVA,True,2026-02-23,0.94,94,ATUALIZADA,exact
392,2026-02-23,03-0141,JT10302VJ0018,PREVENTIVA,True,2026-02-23,0.99,99,ATUALIZADA,exact
393,2026-02-23,03-0087,MG10101VJ0005,PREVENTIVA,True,2026-02-23,0.89,89,ATUALIZADA,exact
394,2026-02-24,03-0035,CV10203VJ0061,CORRETIVA,True,2026-02-24,0,0,ATUALIZADA,exact
395,2026-02-24,03-0039,CV10203VJ0047,PREVENTIVA,True,2026-02-24,0.85,85,ATUALIZADA,exact
396,2026-02-24,03-0055,CV10101VJ0001,PREVENTIVA,True,2026-02-24,0.89,89,ATUALIZADA,exact
397,2026-02-24,03-0066,CV10203VJ0048,PREVENTIVA,True,2026-02-24,0.84,84,ATUALIZADA,exact
398,2026-02-24,03-0083,CV10203VJ0063,PREVENTIVA,True,2026-02-24,0.92,92,ATUALIZADA,exact
399,2026-02-24,03-0098,CV10203VJ0062,CORRETIVA,True,2026-02-24,0.85,85,ATUALIZADA,exact
400,2026-02-24,03-0106,CV10101VL0002,CORRETIVA,True,2026-02-24,0.8,80,ATUALIZADA,exact
401,2026-02-24,03-0116,CV10303VJ0022,PREVENTIVA,True,2026-02-24,0.89,89,ATUALIZADA,exact
402,2026-02-24,03-0120,CV10101VJ0008,CORRETIVA,True,2026-02-24,0.74,74,ATUALIZADA,exact
403,2026-02-24,03-0134,CV10203VJ0049,PREVENTIVA,True,2026-02-24,0.39,39,ATUALIZADA,exact
404,2026-02-24,03-0046,JT10203VJ0055,PREVENTIVA,True,2026-02-24,0.78,78,ATUALIZADA,exact
405,2026-02-24,03-0103,JT20102VJ0001,PREVENTIVA,True,2026-02-24,0.09,9,ATUALIZADA,exact
406,2026-02-24,03-0138,JT10102VJ0002,PREVENTIVA,True,2026-02-24,0.74,74,ATUALIZADA,exact
407,2026-02-24,03-0140,JT10203VJ0053,CORRETIVA,True,2026-02-24,0.99,99,ATUALIZADA,exact
408,2026-02-25,03-0038,CV10202VJ0030,CORRETIVA,False,2026-02-23,,,DESATUALIZADA,exact
409,2026-02-25,03-0044,CV10304VJ0023,CORRETIVA,True,2026-02-25,0.89,89,ATUALIZADA,exact
410,2026-02-25,03-0082,CV10202VJ0029,PREVENTIVA,True,2026-02-25,0.81,81,ATUALIZADA,exact
411,2026-02-25,03-0122,CV10202VJ0039,CORRETIVA,True,2026-02-25,0.89,89,ATUALIZADA,exact
412,2026-02-25,03-0125,CV10304VJ0028,PREVENTIVA,True,2026-02-25,0.84,84,ATUALIZADA,exact
413,2026-02-25,03-0132,CV10202VJ0038,PREVENTIVA,True,2026-02-25,0.84,84,ATUALIZADA,exact
414,2026-02-25,03-0136,CV10202VJ0031,CORRETIVA,True,2026-02-25,0.84,84,ATUALIZADA,exact
415,2026-02-25,03-0004,JT10304VJ0059,CORRETIVA,True,2026-02-25,0.79,79,ATUALIZADA,exact
416,2026-02-25,03-0005,JT10202VJ0054,PREVENTIVA,True,2026-02-25,0.89,89,ATUALIZADA,exact
417,2026-02-25,03-0033,JT20102VJ0002,PREVENTIVA,True,2026-02-25,0.84,84,ATUALIZADA,exact
418,2026-02-25,03-0051,JT10304VJ0041,CORRETIVA,False,2026-02-22,,,DESATUALIZADA,exact
419,2026-02-25,03-0054,JT10304VJ0040,PREVENTIVA,True,2026-02-25,0.94,94,ATUALIZADA,exact
420,2026-02-25,03-0095,JT10304VJ0042,CORRETIVA,True,2026-02-25,0.94,94,ATUALIZADA,exact
421,2026-02-25,03-0127,JT10304VJ0039,CORRETIVA,False,2026-02-23,,,DESATUALIZADA,exact
422,2026-02-25,03-0143,JT10304VJ0038,PREVENTIVA,True,2026-02-25,0.82,82,ATUALIZADA,exact
423,2026-02-26,03-0022,CV10203VJ0056,CORRETIVA,True,2026-02-26,0.84,84,ATUALIZADA,exact
424,2026-02-26,03-0139,CV10302VJ0014,CORRETIVA,True,2026-02-26,1,100,ATUALIZADA,exact
425,2026-02-26,03-0018,JT10302VJ0010,PREVENTIVA,True,2026-02-26,0.39,39,ATUALIZADA,exact
426,2026-02-26,03-0068,JT10302VJ0007,PREVENTIVA,True,2026-02-26,0.88,88,ATUALIZADA,exact
427,2026-02-26,03-0006,MG10101VJ0006,PREVENTIVA,True,2026-02-26,0.24,24,ATUALIZADA,exact
428,2026-02-26,03-0017,MG10101VJ0012,PREVENTIVA,True,2026-02-26,0.99,99,ATUALIZADA,exact
429,2026-02-27,03-0061,CV10303VJ0019,CORRETIVA,True,2026-02-27,0.94,94,ATUALIZADA,exact
430,2026-02-27,03-0073,CV10303VJ0017,CORRETIVA,False,2026-02-20,,,DESATUALIZADA,exact
431,2026-02-27,03-0126,CV10202VJ0033,PREVENTIVA,True,2026-02-27,0.79,79,ATUALIZADA,exact
432,2026-02-27,03-0131,CV10303VJ0020,CORRETIVA,True,2026-02-27,0.84,84,ATUALIZADA,exact
433,2026-02-27,03-0053,JT10303VJ0034,CORRETIVA,True,2026-02-27,0.99,99,ATUALIZADA,exact
434,2026-02-27,03-0081,JT10303VJ0027,CORRETIVA,True,2026-02-27,0.99,99,ATUALIZADA,exact
435,2026-02-27,03-0090,JT10303VJ0032,CORRETIVA,False,,,,DESATUALIZADA,exact
436,2026-02-27,03-0021,MG10101VJ0008,PREVENTIVA,True,2026-02-27,0.79,79,ATUALIZADA,exact
437,2026-02-27,03-0075,MG10101VJ0010,CORRETIVA,True,2026-02-27,1,100,ATUALIZADA,exact
438,2026-02-28,03-0010,CV10304VJ0027,CORRETIVA,True,2026-02-28,0.8,80,ATUALIZADA,exact
439,2026-03-02,03-0062,CV10304VJ0024,CORRETIVA,False,2026-02-18,,,DESATUALIZADA,exact
440,2026-03-02,03-0038,CV10202VJ0030,CORRETIVA,True,2026-03-02,0.74,74,ATUALIZADA,exact
441,2026-03-02,03-0064,CV10101VJ0003,CORRETIVA,True,2026-03-02,0.89,89,ATUALIZADA,exact
442,2026-03-02,03-0065,CV10302VJ0013,CORRETIVA,False,2026-03-01,,,DESATUALIZADA,exact
443,2026-03-02,03-0018,JT10302VJ0010,CORRETIVA,True,2026-03-02,0.74,74,ATUALIZADA,exact
444,2026-03-02,03-0059,JT20102VJ0003,CORRETIVA,False,2026-02-13,,,DESATUALIZADA,exact
445,2026-03-02,03-0023,JT10102VJ0003,PREVENTIVA,True,2026-03-02,1,100,ATUALIZADA,exact
446,2026-03-02,03-0076,JT10302VJ0057,CORRETIVA,True,2026-03-02,1,100,ATUALIZADA,exact
447,2026-03-03,03-0057,CV10101VJ0005,CORRETIVA,True,2026-03-03,0.92,92,ATUALIZADA,exact
448,2026-03-03,03-0100,CV10203VJ0054,PREVENTIVA,True,2026-03-03,0.99,99,ATUALIZADA,exact
449,2026-03-03,03-0112,CV10101VJ0006,PREVENTIVA,True,2026-03-03,0.89,89,ATUALIZADA,exact
450,2026-03-03,03-0043,JT10303VJ0029,PREVENTIVA,True,2026-03-03,0.89,89,ATUALIZADA,exact
451,2026-03-03,03-0133,JT10303VJ0031,PREVENTIVA,True,2026-03-03,0.99,99,ATUALIZADA,exact
452,2026-03-04,03-0020,CV10304VJ0026,CORRETIVA,True,2026-03-04,0.75,75,ATUALIZADA,exact
453,2026-03-04,03-0044,CV10304VJ0023,CORRETIVA,True,2026-03-04,0.84,84,ATUALIZADA,exact
454,2026-03-04,03-0010,CV10304VJ0027,CORRETIVA,True,2026-03-04,0.84,84,ATUALIZADA,exact
455,2026-03-04,03-0086,JT10101VL0002,CORRETIVA,True,2026-03-04,0.89,89,ATUALIZADA,exact
456,2026-03-04,03-0080,JT10101VJ0004,CORRETIVA,True,2026-03-04,0.89,89,ATUALIZADA,exact
457,2026-03-04,03-0007,JT10304VJ0048,CORRETIVA,True,2026-03-04,0,0,ATUALIZADA,exact
458,2026-03-04,03-0051,JT10304VJ0041,CORRETIVA,True,2026-03-04,,,ATUALIZADA,exact
459,2026-03-04,03-0004,JT10304VJ0059,CORRETIVA,True,2026-03-04,0.84,84,ATUALIZADA,exact
460,2026-03-04,03-0127,JT10304VJ0039,CORRETIVA,True,2026-03-04,0.79,79,ATUALIZADA,exact
461,2026-03-04,03-0025,JT10304VJ0043,CORRETIVA,True,2026-03-04,0.84,84,ATUALIZADA,exact
462,2026-03-04,03-0047,MG10101VJ0002,CORRETIVA,True,2026-03-04,0.84,84,ATUALIZADA,exact
463,2026-03-05,03-0092,CV10302VJ0012,CORRETIVA,True,2026-03-05,0.94,94,ATUALIZADA,exact
464,2026-03-05,03-0035,CV10203VJ0061,CORRETIVA,True,2026-03-05,0.86,86,ATUALIZADA,exact
465,2026-03-05,03-0139,CV10302VJ0014,CORRETIVA,False,2026-03-02,,,DESATUALIZADA,exact
466,2026-03-05,03-0105,CV10302VJ0015,CORRETIVA,True,2026-03-05,0.79,79,ATUALIZADA,exact
467,2026-03-05,03-0134,CV10203VJ0049,CORRETIVA,True,2026-03-05,0.89,89,ATUALIZADA,exact
468,2026-03-05,03-0079,JT10302VJ0009,CORRETIVA,True,2026-03-05,0.79,79,ATUALIZADA,exact
469,2026-03-05,03-0074,JT10302VJ0008,CORRETIVA,True,2026-03-05,0.94,94,ATUALIZADA,exact
470,2026-03-05,03-0110,JT10302VJ0014,PREVENTIVA,True,2026-03-05,0.88,88,ATUALIZADA,exact
471,2026-03-05,03-0109,JT10302VJ0020,CORRETIVA,True,2026-03-05,0.79,79,ATUALIZADA,exact
472,2026-03-05,03-0138,JT10102VJ0002,PREVENTIVA,True,2026-03-05,0.84,84,ATUALIZADA,exact
473,2026-03-05,03-0013,MG10101VJ0013,PREVENTIVA,True,2026-03-05,0.74,74,ATUALIZADA,exact
474,2026-03-05,03-0088,MG10101VJ0007,CORRETIVA,True,2026-03-05,1,100,ATUALIZADA,exact
475,2026-03-06,03-0009,MG10101VJ0009,CORRETIVA,True,2026-03-06,0.84,84,ATUALIZADA,exact
476,2026-03-06,03-0072,MG10101VJ0011,PREVENTIVA,True,2026-03-06,0.84,84,ATUALIZADA,exact
477,2026-03-06,03-0008,JT10303VJ0036,PREVENTIVA,True,2026-03-06,0.93,93,ATUALIZADA,exact
478,2026-03-07,03-0028,CV10203VJ0058,PREVENTIVA,True,2026-03-07,0.89,89,ATUALIZADA,exact
479,2026-03-09,03-0129,CV10202VJ0041,PREVENTIVA,True,2026-03-09,0.84,84,ATUALIZADA,exact
480,2026-03-09,03-0121,CV10202VJ0040,PREVENTIVA,True,2026-03-09,0.79,79,ATUALIZADA,exact
481,2026-03-09,03-0107,CV10202VJ0046,CORRETIVA,True,2026-03-09,0.74,74,ATUALIZADA,exact
482,2026-03-10,03-0096,CV10101VJ0007,CORRETIVA,True,2026-03-10,0.83,83,ATUALIZADA,exact
483,2026-03-10,03-0101,CV10101VJ0004,CORRETIVA,True,2026-03-10,0.84,84,ATUALIZADA,exact
484,2026-03-10,03-0060,CV10101VJ0002,CORRETIVA,True,2026-03-10,0.84,84,ATUALIZADA,exact
485,2026-03-10,03-0116,CV10303VJ0022,CORRETIVA,True,2026-03-10,0.83,83,ATUALIZADA,exact
486,2026-03-10,03-0137,JT10303VJ0021,CORRETIVA,False,2026-03-06,,,DESATUALIZADA,exact
487,2026-03-10,03-0119,MG10101VJ0003,PREVENTIVA,True,2026-03-10,0.79,79,ATUALIZADA,exact
488,2026-03-10,03-0069,MG10101VJ0004,CORRETIVA,True,2026-03-10,0.89,89,ATUALIZADA,exact
489,2026-03-11,03-0082,CV10202VJ0029,CORRETIVA,True,2026-03-11,0.74,74,ATUALIZADA,exact
490,2026-03-11,03-0097,CV10202VJ0035,CORRETIVA,True,2026-03-11,0.84,84,ATUALIZADA,exact
491,2026-03-11,03-0108,CV10202VJ0042,CORRETIVA,True,2026-03-11,0.79,79,ATUALIZADA,exact
492,2026-03-11,03-0122,CV10202VJ0039,CORRETIVA,True,2026-03-11,0.79,79,ATUALIZADA,exact
493,2026-03-11,03-0125,CV10304VJ0028,CORRETIVA,True,2026-03-11,0.79,79,ATUALIZADA,exact
494,2026-03-11,03-0033,JT20102VJ0002,CORRETIVA,False,2026-03-02,,,DESATUALIZADA,exact
495,2026-03-12,03-0050,CV10203VJ0064,CORRETIVA,True,2026-03-12,0.85,85,ATUALIZADA,exact
496,2026-03-12,03-0049,JT10102VJ0001,CORRETIVA,True,2026-03-12,0.94,94,ATUALIZADA,exact
497,2026-03-12,03-0052,JT10302VJ0006,CORRETIVA,True,2026-03-12,0.79,79,ATUALIZADA,exact
498,2026-03-12,03-0093,JT10302VJ0017,CORRETIVA,True,2026-03-12,0.94,94,ATUALIZADA,exact
499,2026-03-12,03-0087,MG10101VJ0005,CORRETIVA,True,2026-03-12,0.88,88,ATUALIZADA,exact
500,2026-03-13,03-0048,JT10303VJ0026,CORRETIVA,True,2026-03-13,0.81,81,ATUALIZADA,exact
501,2026-03-13,03-0053,JT10303VJ0034,CORRETIVA,True,2026-03-13,0.18,18,ATUALIZADA,exact
502,2026-03-13,03-0090,JT10303VJ0032,CORRETIVA,True,2026-03-13,0.29,29,ATUALIZADA,exact
503,2026-03-13,03-0111,JT10303VJ0058,CORRETIVA,True,2026-03-13,0.94,94,ATUALIZADA,exact
504,2026-03-14,03-0031,JT10304VJ0047,CORRETIVA,True,2026-03-14,0.93,93,ATUALIZADA,exact
505,2026-03-14,03-0054,JT10304VJ0040,CORRETIVA,True,2026-03-14,0.89,89,ATUALIZADA,exact
506,2026-03-14,03-0095,JT10304VJ0042,CORRETIVA,True,2026-03-14,0.89,89,ATUALIZADA,exact
507,2026-03-14,03-0104,JT10304VJ0045,CORRETIVA,True,2026-03-14,0.99,99,ATUALIZADA,exact
508,2026-03-16,03-0037,JT10302VJ0005,CORRETIVA,True,2026-03-16,0.95,95,ATUALIZADA,exact
509,2026-03-16,03-0103,JT20102VJ0001,CORRETIVA,True,2026-03-16,0.97,97,ATUALIZADA,exact
510,2026-03-16,03-0117,JT10302VJ0013,CORRETIVA,True,2026-03-16,0.94,94,ATUALIZADA,exact
511,2026-03-17,03-0001,JT10303VJ0035,CORRETIVA,True,2026-03-17,0.89,89,ATUALIZADA,exact
512,2026-03-17,03-0008,JT10303VJ0036,CORRETIVA,True,2026-03-17,0.92,92,ATUALIZADA,exact
513,2026-03-17,03-0026,JT10101VL0001,CORRETIVA,True,2026-03-17,0.84,84,ATUALIZADA,exact
514,2026-03-17,03-0128,JT10303VJ0030,CORRETIVA,True,2026-03-17,0.96,96,ATUALIZADA,exact
515,2026-03-17,03-0140,JT10203VJ0053,CORRETIVA,True,2026-03-17,0.94,94,ATUALIZADA,exact
516,2026-03-17,03-0006,MG10101VJ0006,CORRETIVA,True,2026-03-17,0.94,94,ATUALIZADA,exact
517,2026-03-18,03-0025,JT10304VJ0043,CORRETIVA,True,2026-03-18,1,100,ATUALIZADA,exact
518,2026-03-18,03-0004,JT10304VJ0059,CORRETIVA,True,2026-03-18,0.8,80,ATUALIZADA,exact
519,2026-03-18,03-0033,JT20102VJ0002,CORRETIVA,False,2026-03-02,,,DESATUALIZADA,exact
520,2026-03-19,03-0030,JT10302VJ0015,CORRETIVA,True,2026-03-19,0.96,96,ATUALIZADA,exact
521,2026-03-19,03-0045,JT10302VJ0016,CORRETIVA,True,2026-03-19,0,0,ATUALIZADA,exact
522,2026-03-19,03-0058,JT10302VJ0019,CORRETIVA,True,2026-03-19,0.76,76,ATUALIZADA,exact
523,2026-03-19,03-0123,JT10302VJ0012,CORRETIVA,True,2026-03-19,0.79,79,ATUALIZADA,exact
524,2026-03-25,03-0044,CV10304VJ0023,CORRETIVA,True,2026-03-25,0.99,99,ATUALIZADA,exact
525,2026-03-25,03-0020,CV10304VJ0026,CORRETIVA,False,2026-03-12,,,DESATUALIZADA,exact
526,2026-03-25,03-0025,JT10304VJ0043,CORRETIVA,True,2026-03-25,0.94,94,ATUALIZADA,exact
527,2026-03-25,03-0004,JT10304VJ0059,CORRETIVA,True,2026-03-25,0.94,94,ATUALIZADA,exact
528,2026-03-25,03-0095,JT10304VJ0042,CORRETIVA,True,2026-03-25,0.94,94,ATUALIZADA,exact
529,2026-03-25,03-0127,JT10304VJ0039,CORRETIVA,False,,,,DESATUALIZADA,exact
530,2026-03-25,03-0051,JT10304VJ0041,CORRETIVA,True,2026-03-25,0.74,74,ATUALIZADA,exact
531,2026-03-25,03-0027,JT10304VJ0052,CORRETIVA,True,2026-03-25,0.99,99,ATUALIZADA,exact
532,2026-03-25,03-0019,JT10304VJ0049,CORRETIVA,True,2026-03-25,0.92,92,ATUALIZADA,exact
533,2026-03-25,03-0024,JT10304VJ0046,CORRETIVA,True,2026-03-25,0.88,88,ATUALIZADA,exact
534,2026-03-25,03-0007,JT10304VJ0048,CORRETIVA,True,2026-03-25,0,0,ATUALIZADA,exact
535,2026-03-26,03-0023,JT10102VJ0003,CORRETIVA,True,2026-03-26,0.04,4,ATUALIZADA,exact
536,2026-03-26,03-0080,JT10101VJ0004,CORRETIVA,True,2026-03-26,0.79,79,ATUALIZADA,exact
537,2026-03-26,03-0068,JT10302VJ0007,CORRETIVA,False,2026-03-22,,,DESATUALIZADA,exact
538,2026-03-26,03-0120,CV10101VJ0008,CORRETIVA,True,2026-03-26,0.84,84,ATUALIZADA,exact
539,2026-03-26,03-0011,CV10203VJ0051,CORRETIVA,True,2026-03-26,0.84,84,ATUALIZADA,exact
540,2026-03-26,03-0012,CV10203VJ0052,CORRETIVA,True,2026-03-26,0.99,99,ATUALIZADA,exact
541,2026-03-26,03-0015,CV10203VJ0057,CORRETIVA,True,2026-03-26,0.84,84,ATUALIZADA,exact
542,2026-03-26,03-0029,CV10203VJ0055,CORRETIVA,True,2026-03-26,0.94,94,ATUALIZADA,exact
543,2026-03-26,03-0034,CV10203VJ0059,CORRETIVA,True,2026-03-26,0.89,89,ATUALIZADA,exact
544,2026-03-26,03-0066,CV10203VJ0048,CORRETIVA,True,2026-03-26,0.85,85,ATUALIZADA,exact
545,2026-03-26,03-0083,CV10203VJ0063,CORRETIVA,False,2026-03-23,,,DESATUALIZADA,exact
546,2026-03-26,03-0089,CV10203VJ0053,CORRETIVA,True,2026-03-26,0.84,84,ATUALIZADA,exact
547,2026-03-26,03-0098,CV10203VJ0062,CORRETIVA,True,2026-03-26,0.8,80,ATUALIZADA,exact
548,2026-03-26,03-0099,CV10203VJ0060,CORRETIVA,True,2026-03-26,0.79,79,ATUALIZADA,exact
549,2026-03-27,03-0114,CV10202VJ0043,CORRETIVA,True,2026-03-27,0.79,79,ATUALIZADA,exact
550,2026-03-27,03-0115,CV10202VJ0037,CORRETIVA,True,2026-03-27,0.78,78,ATUALIZADA,exact
551,2026-03-27,03-0122,CV10202VJ0039,CORRETIVA,True,2026-03-27,0.89,89,ATUALIZADA,exact
552,2026-03-27,03-0126,CV10202VJ0033,CORRETIVA,True,2026-03-27,0.74,74,ATUALIZADA,exact
553,2026-03-27,03-0061,CV10303VJ0019,CORRETIVA,True,2026-03-27,0.84,84,ATUALIZADA,exact
554,2026-03-27,03-0067,CV10303VJ0021,CORRETIVA,True,2026-03-27,0.94,94,ATUALIZADA,exact
555,2026-03-27,03-0078,CV10303VJ0018,CORRETIVA,True,2026-03-27,0.73,73,ATUALIZADA,exact
556,2026-03-27,03-0116,CV10303VJ0022,CORRETIVA,True,2026-03-27,0.88,88,ATUALIZADA,exact
557,2026-03-27,03-0042,JT10202VJ0056,CORRETIVA,True,2026-03-27,0.89,89,ATUALIZADA,exact
558,2026-03-27,03-0048,JT10303VJ0026,CORRETIVA,True,2026-03-27,0.75,75,ATUALIZADA,exact
559,2026-03-27,03-0002,JT10303VJ0025,CORRETIVA,False,2026-03-16,,,DESATUALIZADA,exact
560,2026-03-27,03-0063,JT10303VJ0028,CORRETIVA,True,2026-03-27,0.89,89,ATUALIZADA,exact
561,2026-03-27,03-0094,JT10303VJ0024,CORRETIVA,True,2026-03-27,0.89,89,ATUALIZADA,exact
562,2026-03-27,03-0135,JT10303VJ0022,CORRETIVA,True,2026-03-27,0.8,80,ATUALIZADA,exact
563,2026-03-27,03-0137,JT10303VJ0021,CORRETIVA,False,2026-03-22,,,DESATUALIZADA,exact
564,2026-03-27,03-0142,JT10303VJ0023,CORRETIVA,True,2026-03-27,0.81,81,ATUALIZADA,exact
565,2026-03-28,03-0057,CV10101VJ0005,CORRETIVA,True,2026-03-28,0.69,69,ATUALIZADA,exact
566,2026-03-28,03-0112,CV10101VJ0006,CORRETIVA,True,2026-03-28,0.79,79,ATUALIZADA,exact
567,2026-03-28,03-0039,CV10203VJ0047,CORRETIVA,True,2026-03-28,0.71,71,ATUALIZADA,exact
568,2026-03-28,03-0022,CV10203VJ0056,CORRETIVA,True,2026-03-28,0.74,74,ATUALIZADA,exact
569,2026-03-28,03-0083,CV10203VJ0063,CORRETIVA,True,2026-03-28,0.74,74,ATUALIZADA,exact
570,2026-03-28,03-0125,CV10304VJ0028,CORRETIVA,True,2026-03-28,0.81,81,ATUALIZADA,exact
571,2026-03-28,03-0086,JT10101VL0002,CORRETIVA,True,2026-03-28,0.67,67,ATUALIZADA,exact
572,2026-03-28,03-0040,JT10304VJ0037,CORRETIVA,True,2026-03-28,0.8,80,ATUALIZADA,exact
573,2026-03-28,03-0091,JT10304VJ0044,CORRETIVA,True,2026-03-28,0.84,84,ATUALIZADA,exact
574,2026-03-28,03-0021,MG10101VJ0008,CORRETIVA,True,2026-03-28,0.74,74,ATUALIZADA,exact
575,2026-03-28,03-0009,MG10101VJ0009,CORRETIVA,True,2026-03-28,0.76,76,ATUALIZADA,exact
576,2026-03-28,03-0075,MG10101VJ0010,CORRETIVA,True,2026-03-28,0.94,94,ATUALIZADA,exact
577,2026-03-28,03-0017,MG10101VJ0012,CORRETIVA,True,2026-03-28,0.82,82,ATUALIZADA,exact
578,2026-03-28,03-0013,MG10101VJ0013,CORRETIVA,True,2026-03-28,0.74,74,ATUALIZADA,exact
579,2026-03-30,03-0102,CV10101VJ0009,CORRETIVA,True,2026-03-30,0.79,79,ATUALIZADA,exact
580,2026-03-30,03-0036,CV10101VL0001,CORRETIVA,True,2026-03-30,1,100,ATUALIZADA,exact
581,2026-03-30,03-0106,CV10101VL0002,CORRETIVA,True,2026-03-30,1,100,ATUALIZADA,exact
582,2026-03-30,03-0077,CV10202VJ0034,CORRETIVA,True,2026-03-30,0.86,86,ATUALIZADA,exact
583,2026-03-30,03-0107,CV10202VJ0046,CORRETIVA,True,2026-03-30,0.79,79,ATUALIZADA,exact
584,2026-03-30,03-0084,CV10302VJ0011,CORRETIVA,True,2026-03-30,0.84,84,ATUALIZADA,exact
585,2026-03-30,03-0092,CV10302VJ0012,CORRETIVA,True,2026-03-30,0.85,85,ATUALIZADA,exact
586,2026-03-30,03-0139,CV10302VJ0014,CORRETIVA,True,2026-03-30,0.94,94,ATUALIZADA,exact
587,2026-03-30,03-0079,JT10302VJ0009,CORRETIVA,True,2026-03-30,0.79,79,ATUALIZADA,exact
588,2026-03-30,03-0045,JT10302VJ0016,CORRETIVA,True,2026-03-30,0.79,79,ATUALIZADA,exact
589,2026-03-31,03-0055,CV10101VJ0001,CORRETIVA,True,2026-03-31,0.99,99,ATUALIZADA,exact
590,2026-03-31,03-0130,CV10102VJ0010,CORRETIVA,True,2026-03-31,0.85,85,ATUALIZADA,exact
591,2026-03-31,03-0039,CV10203VJ0047,CORRETIVA,True,2026-03-31,0.44,44,ATUALIZADA,exact
592,2026-03-31,03-0134,CV10203VJ0049,CORRETIVA,True,2026-03-31,0.99,99,ATUALIZADA,exact
593,2026-03-31,03-0083,CV10203VJ0063,CORRETIVA,True,2026-03-31,0.54,54,ATUALIZADA,exact
594,2026-03-31,03-0116,CV10303VJ0022,CORRETIVA,True,2026-03-31,0.94,94,ATUALIZADA,exact
595,2026-03-31,03-0043,JT10303VJ0029,CORRETIVA,True,2026-03-31,0.84,84,ATUALIZADA,exact
596,2026-03-31,03-0041,JT10303VJ0033,CORRETIVA,True,2026-03-31,1,100,ATUALIZADA,exact
597,2026-03-31,03-0001,JT10303VJ0035,CORRETIVA,True,2026-03-31,0.94,94,ATUALIZADA,exact
598,2026-03-31,03-0008,JT10303VJ0036,CORRETIVA,True,2026-03-31,0.84,84,ATUALIZADA,exact
599,2026-03-31,03-0111,JT10303VJ0058,CORRETIVA,True,2026-03-31,0.83,83,ATUALIZADA,exact
600,2026-03-31,03-0047,MG10101VJ0002,CORRETIVA,True,2026-03-31,0.89,89,ATUALIZADA,exact
601,2026-03-31,03-0069,MG10101VJ0004,CORRETIVA,True,2026-03-31,0.84,84,ATUALIZADA,exact
602,2026-04-01,03-0062,CV10304VJ0024,CORRETIVA,False,2026-03-14,,,DESATUALIZADA,exact
603,2026-04-01,03-0082,CV10202VJ0029,CORRETIVA,True,2026-04-01,0.94,94,ATUALIZADA,exact
604,2026-04-01,03-0085,CV10202VJ0036,PREVENTIVA,True,2026-04-01,0.99,99,ATUALIZADA,exact
605,2026-04-01,03-0108,CV10202VJ0042,CORRETIVA,True,2026-04-01,0.84,84,ATUALIZADA,exact
606,2026-04-01,03-0113,CV10202VJ0044,CORRETIVA,True,2026-04-01,0.84,84,ATUALIZADA,exact
607,2026-04-01,03-0118,CV10202VJ0045,CORRETIVA,True,2026-04-01,0.92,92,ATUALIZADA,exact
608,2026-04-01,03-0132,CV10202VJ0038,CORRETIVA,True,2026-04-01,0.99,99,ATUALIZADA,exact
609,2026-04-01,03-0049,JT10102VJ0001,CORRETIVA,True,2026-04-01,0.94,94,ATUALIZADA,exact
610,2026-04-01,03-0103,JT20102VJ0001,CORRETIVA,True,2026-04-01,0.94,94,ATUALIZADA,exact
611,2026-04-01,03-0138,JT10102VJ0002,CORRETIVA,True,2026-04-01,0.87,87,ATUALIZADA,exact
612,2026-04-01,03-0143,JT10304VJ0038,CORRETIVA,True,2026-04-01,0.79,79,ATUALIZADA,exact
613,2026-04-01,03-0072,MG10101VJ0011,CORRETIVA,True,2026-04-01,0.92,92,ATUALIZADA,exact
614,2026-04-01,03-0087,MG10101VJ0005,CORRETIVA,True,2026-04-01,0.84,84,ATUALIZADA,exact
615,2026-04-01,03-0119,MG10101VJ0003,PREVENTIVA,True,2026-04-01,0.95,95,ATUALIZADA,exact
616,2026-04-02,03-0046,JT10203VJ0055,CORRETIVA,True,2026-04-02,0.74,74,ATUALIZADA,exact
617,2026-04-02,03-0052,JT10302VJ0006,CORRETIVA,True,2026-04-02,0.89,89,ATUALIZADA,exact
618,2026-04-02,03-0018,JT10302VJ0010,CORRETIVA,True,2026-04-02,1,100,ATUALIZADA,exact
619,2026-04-02,03-0093,JT10302VJ0017,CORRETIVA,True,2026-04-02,0.99,99,ATUALIZADA,exact
620,2026-04-04,03-0062,CV10304VJ0024,CORRETIVA,False,2026-04-03,,,DESATUALIZADA,exact
622,2026-04-06,03-0105,CV10302VJ0015,CORRETIVA,True,2026-04-06,0.79,79,ATUALIZADA,exact
623,2026-04-06,03-0122,CV10202VJ0039,CORRETIVA,True,2026-04-06,0.89,89,ATUALIZADA,exact
624,2026-04-06,03-0108,CV10202VJ0042,CORRETIVA,True,2026-04-06,0.79,79,ATUALIZADA,exact
625,2026-04-06,03-0014,JT10302VJ0011,CORRETIVA,True,2026-04-06,0.89,89,ATUALIZADA,exact
626,2026-04-06,03-0006,MG10101VJ0006,CORRETIVA,True,2026-04-06,0.84,84,ATUALIZADA,exact
627,2026-04-07,03-0067,CV10303VJ0021,PREVENTIVA,True,2026-04-07,0.67,67,ATUALIZADA,exact
628,2026-04-07,03-0060,CV10101VJ0002,PREVENTIVA,True,2026-04-07,1,100,ATUALIZADA,exact
629,2026-04-07,03-0061,CV10303VJ0019,CORRETIVA,False,2026-04-01,,,DESATUALIZADA,exact
630,2026-04-07,03-0098,CV10203VJ0062,CORRETIVA,True,2026-04-07,0.94,94,ATUALIZADA,exact
631,2026-04-07,03-0078,CV10303VJ0018,CORRETIVA,True,2026-04-07,0.76,76,ATUALIZADA,exact
632,2026-04-07,03-0039,CV10203VJ0047,CORRETIVA,True,2026-04-07,0.94,94,ATUALIZADA,exact
633,2026-04-07,03-0080,JT10101VJ0004,CORRETIVA,True,2026-04-07,0.79,79,ATUALIZADA,exact
634,2026-04-07,03-0140,JT10203VJ0053,PREVENTIVA,True,2026-04-07,0.74,74,ATUALIZADA,exact
635,2026-04-07,03-0048,JT10303VJ0026,CORRETIVA,True,2026-04-07,0.94,94,ATUALIZADA,exact
636,2026-04-07,03-0081,JT10303VJ0027,CORRETIVA,True,2026-04-07,0.84,84,ATUALIZADA,exact
637,2026-04-07,03-0094,JT10303VJ0024,CORRETIVA,True,2026-04-07,0.79,79,ATUALIZADA,exact
638,2026-04-07,03-0128,JT10303VJ0030,CORRETIVA,True,2026-04-07,0.8,80,ATUALIZADA,exact
639,2026-04-07,03-0135,JT10303VJ0022,CORRETIVA,True,2026-04-07,0.84,84,ATUALIZADA,exact
640,2026-04-07,03-0137,JT10303VJ0021,CORRETIVA,False,2026-03-22,,,DESATUALIZADA,exact
641,2026-04-08,03-0003,CV10304VJ0025,CORRETIVA,True,2026-04-08,1,100,ATUALIZADA,exact
642,2026-04-08,03-0064,CV10101VJ0003,PREVENTIVA,True,2026-04-08,0.88,88,ATUALIZADA,exact
643,2026-04-08,03-0101,CV10101VJ0004,PREVENTIVA,True,2026-04-08,0.78,78,ATUALIZADA,exact
644,2026-04-08,03-0107,CV10202VJ0046,CORRETIVA,True,2026-04-08,0.79,79,ATUALIZADA,exact
645,2026-04-08,03-0129,CV10202VJ0041,PREVENTIVA,True,2026-04-08,0.79,79,ATUALIZADA,exact
646,2026-04-08,03-0016,JT10304VJ0050,PREVENTIVA,True,2026-04-08,0.97,97,ATUALIZADA,exact
647,2026-04-08,03-0023,JT10102VJ0003,CORRETIVA,True,2026-04-08,0.84,84,ATUALIZADA,exact
648,2026-04-08,03-0024,JT10304VJ0046,PREVENTIVA,True,2026-04-08,0.89,89,ATUALIZADA,exact
649,2026-04-09,03-0070,CV10302VJ0016,PREVENTIVA,True,2026-04-09,0.99,99,ATUALIZADA,exact
650,2026-04-09,03-0028,CV10203VJ0058,PREVENTIVA,True,2026-04-09,0.82,82,ATUALIZADA,exact
651,2026-04-09,03-0139,CV10302VJ0014,CORRETIVA,True,2026-04-09,0.79,79,ATUALIZADA,exact
652,2026-04-09,03-0086,JT10101VL0002,PREVENTIVA,True,2026-04-09,0.99,99,ATUALIZADA,exact
653,2026-04-09,03-0074,JT10302VJ0008,PREVENTIVA,True,2026-04-09,0.97,97,ATUALIZADA,exact
654,2026-04-09,03-0068,JT10302VJ0007,CORRETIVA,True,2026-04-09,0.99,99,ATUALIZADA,exact
655,2026-04-10,03-0310,MG10101VL0002,CORRETIVA,True,2026-04-10,1,100,ATUALIZADA,exact
656,2026-04-10,03-0179,MG10202VJ0026,CORRETIVA,True,2026-04-10,1,100,ATUALIZADA,exact
657,2026-04-10,03-0239,MG10202VJ0030,CORRETIVA,True,2026-04-10,1,100,ATUALIZADA,exact
658,2026-04-10,03-0240,MG10202VJ0031,CORRETIVA,False,2026-01-23,,,DESATUALIZADA,exact
659,2026-04-10,03-0233,MG10202VJ0032,CORRETIVA,False,2026-03-27,,,DESATUALIZADA,exact
660,2026-04-10,03-0308,MG10202VJ0033,CORRETIVA,True,2026-04-10,1,100,ATUALIZADA,exact
661,2026-04-10,03-0319,MG10202VJ0035,CORRETIVA,True,2026-04-10,1,100,ATUALIZADA,exact
662,2026-04-10,03-0178,MG10202VJ0036,CORRETIVA,True,2026-04-10,1,100,ATUALIZADA,exact
663,2026-04-10,03-0214,MG10303VJ0019,CORRETIVA,False,2026-03-31,,,DESATUALIZADA,exact
664,2026-04-10,03-0288,ST10101VJ0002,CORRETIVA,True,2026-04-10,1,100,ATUALIZADA,exact
665,2026-04-10,03-0273,ST10101VJ0005,CORRETIVA,True,2026-04-10,1,100,ATUALIZADA,exact
666,2026-04-10,03-0302,ST10101VJ0006,CORRETIVA,True,2026-04-10,1,100,ATUALIZADA,exact
667,2026-04-10,03-0267,ST10101VJ0007,CORRETIVA,True,2026-04-10,1,100,ATUALIZADA,exact
668,2026-04-10,03-0311,ST10101VJ0013,CORRETIVA,True,2026-04-10,1,100,ATUALIZADA,exact
669,2026-04-10,03-0196,ST10101VJ0014,CORRETIVA,False,2026-03-28,,,DESATUALIZADA,exact
670,2026-04-10,03-0244,ST10101VJ0015,CORRETIVA,False,2026-03-26,,,DESATUALIZADA,exact
671,2026-04-10,03-0144,ST10101VJ0019,CORRETIVA,True,2026-04-10,1,100,ATUALIZADA,exact
672,2026-04-10,03-0270,ST10101VJ0009,CORRETIVA,True,2026-04-10,1,100,ATUALIZADA,exact
673,2026-04-10,03-0293,ST10101VJ0023,CORRETIVA,True,2026-04-10,1,100,ATUALIZADA,exact
674,2026-04-11,03-0251,MG10304VJ0020,CORRETIVA,True,2026-04-11,1,100,ATUALIZADA,exact
675,2026-04-11,03-0256,MG10203VJ0061,CORRETIVA,True,2026-04-11,1,100,ATUALIZADA,exact
676,2026-04-11,03-0171,MG10203VJ0048,CORRETIVA,True,2026-04-11,1,100,ATUALIZADA,exact
677,2026-04-11,03-0190,MG10203VJ0069,CORRETIVA,True,2026-04-11,1,100,ATUALIZADA,exact
678,2026-04-11,03-0197,MG10203VJ0065,CORRETIVA,True,2026-04-11,1,100,ATUALIZADA,exact
679,2026-04-11,03-0198,MG10203VJ0055,CORRETIVA,True,2026-04-11,1,100,ATUALIZADA,exact
680,2026-04-11,03-0211,MG10203VJ0049,CORRETIVA,True,2026-04-11,1,100,ATUALIZADA,exact
681,2026-04-11,03-0148,ST10304VJ0067,CORRETIVA,False,2026-03-28,,,DESATUALIZADA,exact
682,2026-04-11,03-0150,ST10304VJ0066,CORRETIVA,True,2026-04-11,1,100,ATUALIZADA,exact
683,2026-04-11,03-0186,ST10304VJ0068,CORRETIVA,False,2026-04-01,,,DESATUALIZADA,exact
684,2026-04-11,03-0189,ST10304VJ0061,CORRETIVA,True,2026-04-11,1,100,ATUALIZADA,exact
685,2026-04-11,03-0299,ST10304VJ0055,CORRETIVA,True,2026-04-11,1,100,ATUALIZADA,exact
686,2026-04-11,03-0328,ST10304VJ0065,CORRETIVA,True,2026-04-11,1,100,ATUALIZADA,exact
687,2026-04-11,03-0329,ST10304VJ0064,CORRETIVA,True,2026-04-11,1,100,ATUALIZADA,exact
688,2026-04-13,03-0312,MG10202VJ0024,CORRETIVA,True,2026-04-13,1,100,ATUALIZADA,exact
689,2026-04-13,03-0290,MG10202VJ0027,CORRETIVA,True,2026-04-13,1,100,ATUALIZADA,exact
690,2026-04-13,03-0250,MG10202VJ0028,CORRETIVA,True,2026-04-13,1,100,ATUALIZADA,exact
691,2026-04-13,03-0307,MG10202VJ0034,CORRETIVA,True,2026-04-13,1,100,ATUALIZADA,exact
692,2026-04-13,03-0180,MG10202VJ0037,CORRETIVA,True,2026-04-13,1,100,ATUALIZADA,exact
693,2026-04-13,03-0268,MG10202VJ0038,CORRETIVA,True,2026-04-13,1,100,ATUALIZADA,exact
694,2026-04-13,03-0269,MG10202VJ0039,CORRETIVA,True,2026-04-13,1,100,ATUALIZADA,exact
695,2026-04-13,03-0243,MG10202VJ0040,CORRETIVA,True,2026-04-13,1,100,ATUALIZADA,exact
696,2026-04-13,03-0253,ST10101VJ0022,CORRETIVA,True,2026-04-13,1,100,ATUALIZADA,exact
697,2026-04-13,03-0291,ST10302VJ0024,CORRETIVA,False,2026-03-26,,,DESATUALIZADA,exact
698,2026-04-13,03-0222,ST10302VJ0025,CORRETIVA,True,2026-04-13,1,100,ATUALIZADA,exact
699,2026-04-13,03-0320,ST10302VJ0026,CORRETIVA,True,2026-04-13,1,100,ATUALIZADA,exact
700,2026-04-13,03-0225,ST10302VJ0027,CORRETIVA,True,2026-04-13,1,100,ATUALIZADA,exact
701,2026-04-13,03-0173,ST10302VJ0028,CORRETIVA,True,2026-04-13,1,100,ATUALIZADA,exact
702,2026-04-13,03-0192,ST10302VJ0032,CORRETIVA,True,2026-04-13,1,100,ATUALIZADA,exact
703,2026-04-13,03-0195,ST10302VJ0033,CORRETIVA,True,2026-04-13,1,100,ATUALIZADA,exact
704,2026-04-14,03-0002,JT10303VJ0025,CORRETIVA,False,2026-03-16,,,DESATUALIZADA,exact
705,2026-04-14,03-0043,JT10303VJ0029,CORRETIVA,True,2026-04-14,0.84,84,ATUALIZADA,exact
706,2026-04-14,03-0041,JT10303VJ0033,CORRETIVA,True,2026-04-14,0.99,99,ATUALIZADA,exact
707,2026-04-14,03-0111,JT10303VJ0058,CORRETIVA,False,2026-04-08,,,DESATUALIZADA,exact
708,2026-04-14,03-0191,MG10203VJ0059,CORRETIVA,True,2026-04-14,1,100,ATUALIZADA,exact
709,2026-04-14,03-0216,MG10203VJ0060,CORRETIVA,True,2026-04-14,1,100,ATUALIZADA,exact
710,2026-04-14,03-0208,MG10203VJ0066,CORRETIVA,True,2026-04-14,1,100,ATUALIZADA,exact
711,2026-04-14,03-0274,MG10203VJ0070,CORRETIVA,True,2026-04-14,1,100,ATUALIZADA,exact
712,2026-04-14,03-0285,ST10203VJ0077,CORRETIVA,True,2026-04-14,1,100,ATUALIZADA,exact
713,2026-04-14,03-0263,ST10203VJ0078,CORRETIVA,True,2026-04-14,1,100,ATUALIZADA,exact
714,2026-04-14,03-0321,ST10203VJ0079,CORRETIVA,True,2026-04-14,1,100,ATUALIZADA,exact
715,2026-04-14,03-0316,ST10203VJ0080,CORRETIVA,False,2026-04-02,,,DESATUALIZADA,exact
716,2026-04-14,03-0226,ST10303VJ0039,CORRETIVA,True,2026-04-14,1,100,ATUALIZADA,exact
717,2026-04-14,03-0151,ST10303VJ0044,CORRETIVA,True,2026-04-14,1,100,ATUALIZADA,exact
718,2026-04-14,03-0167,ST10303VJ0046,CORRETIVA,True,2026-04-14,1,100,ATUALIZADA,exact
719,2026-04-14,03-0203,ST10303VJ0051,CORRETIVA,True,2026-04-14,1,100,ATUALIZADA,exact
720,2026-04-14,03-0185,ST10303VJ0052,CORRETIVA,True,2026-04-14,1,100,ATUALIZADA,exact
721,2026-04-14,03-0187,ST10303VJ0053,CORRETIVA,True,2026-04-14,1,100,ATUALIZADA,exact
722,2026-04-15,03-0112,CV10101VJ0006,CORRETIVA,False,2026-04-13,,,DESATUALIZADA,exact
723,2026-04-15,03-0096,CV10101VJ0007,CORRETIVA,False,2026-04-11,,,DESATUALIZADA,exact
724,2026-04-15,03-0056,CV10202VJ0032,CORRETIVA,True,2026-04-15,1,100,ATUALIZADA,exact
725,2026-04-15,03-0126,CV10202VJ0033,CORRETIVA,True,2026-04-15,0.94,94,ATUALIZADA,exact
726,2026-04-15,03-0032,JT10304VJ0051,CORRETIVA,True,2026-04-15,1,100,ATUALIZADA,exact
727,2026-04-15,03-0049,JT10102VJ0001,DESNECESSÁRIA,True,2026-04-15,0,0,ATUALIZADA,exact
728,2026-04-15,03-0088,MG10101VJ0007,CORRETIVA,True,2026-04-15,1,100,ATUALIZADA,exact
729,2026-04-15,03-0009,MG10101VJ0009,CORRETIVA,False,2026-04-12,,,DESATUALIZADA,exact
730,2026-04-15,03-0182,MG10101VL0001,CORRETIVA,True,2026-04-15,1,100,ATUALIZADA,exact
731,2026-04-15,03-0309,MG10202VJ0023,CORRETIVA,True,2026-04-15,1,100,ATUALIZADA,exact
732,2026-04-15,03-0181,MG10202VJ0025,CORRETIVA,True,2026-04-15,1,100,ATUALIZADA,exact
733,2026-04-15,03-0220,MG10304VJ0022,CORRETIVA,False,2026-03-30,,,DESATUALIZADA,exact
734,2026-04-15,03-0272,ST10101VJ0001,CORRETIVA,True,2026-04-15,1,100,ATUALIZADA,exact
735,2026-04-15,03-0303,ST10101VJ0003,CORRETIVA,True,2026-04-15,1,100,ATUALIZADA,exact
736,2026-04-15,03-0284,ST10101VJ0004,CORRETIVA,False,2026-04-09,,,DESATUALIZADA,exact
737,2026-04-15,03-0314,ST10101VJ0008,CORRETIVA,True,2026-04-15,1,100,ATUALIZADA,exact
738,2026-04-16,03-0219,MG10203VJ0064,CORRETIVA,True,2026-04-16,1,100,ATUALIZADA,exact
739,2026-04-16,03-0280,MG10302VJ0015,CORRETIVA,True,2026-04-16,1,100,ATUALIZADA,exact
740,2026-04-16,03-0297,MG10203VP0026/27,CORRETIVA,True,2026-04-16,1,100,ATUALIZADA,exact
741,2026-04-16,03-0292,MG10203VP0028/29,CORRETIVA,True,2026-04-16,1,100,ATUALIZADA,exact
742,2026-04-16,03-0300,MG10203VP0032/33,CORRETIVA,True,2026-04-16,1,100,ATUALIZADA,exact
743,2026-04-16,03-0259,MG10302VP0038/39/40,CORRETIVA,True,2026-04-16,1,100,ATUALIZADA,exact
744,2026-04-16,03-0278,ST10101VJ0010,CORRETIVA,True,2026-04-16,1,100,ATUALIZADA,exact
745,2026-04-16,03-0193,ST10101VJ0011,CORRETIVA,True,2026-04-16,1,100,ATUALIZADA,exact
746,2026-04-16,03-0245,ST10101VJ0012,CORRETIVA,True,2026-04-16,1,100,ATUALIZADA,exact
747,2026-04-16,03-0271,ST10101VJ0017,CORRETIVA,True,2026-04-16,1,100,ATUALIZADA,exact
748,2026-04-16,03-0277,ST10101VJ0020,CORRETIVA,True,2026-04-16,1,100,ATUALIZADA,exact
749,2026-04-16,03-0152,ST10102VL0001,CORRETIVA,True,2026-04-16,1,100,ATUALIZADA,exact
750,2026-04-16,03-0238,ST20102VL0002,CORRETIVA,True,2026-04-16,1,100,ATUALIZADA,exact
751,2026-04-17,03-0157,MG10202VP0013/14,CORRETIVA,False,2026-03-28,,,DESATUALIZADA,exact
752,2026-04-17,03-0164,MG10202VP0022/23,CORRETIVA,False,2026-02-26,,,DESATUALIZADA,exact
753,2026-04-17,03-0224,MG10202VP0017/18/19/20,CORRETIVA,True,2026-04-17,1,100,ATUALIZADA,exact
754,2026-04-17,03-0234,MG10202VJ0041,CORRETIVA,True,2026-04-17,1,100,ATUALIZADA,exact
755,2026-04-17,03-0236,MG10202VJ0042,CORRETIVA,False,2026-03-27,,,DESATUALIZADA,exact
756,2026-04-17,03-0260,MG10303VP0041/42/43/44/45,CORRETIVA,True,2026-04-17,1,100,ATUALIZADA,exact
757,2026-04-17,03-0327,MG10202VP0010/11/12,CORRETIVA,True,2026-04-17,1,100,ATUALIZADA,exact
758,2026-04-17,03-0330,MG10202VP0004/05,CORRETIVA,True,2026-04-17,1,100,ATUALIZADA,exact
759,2026-04-17,03-0174,ST10202VJ0072,CORRETIVA,True,2026-04-17,1,100,ATUALIZADA,exact
760,2026-04-17,03-0175,ST10202VJ0071,CORRETIVA,True,2026-04-17,1,100,ATUALIZADA,exact
761,2026-04-17,03-0176,ST10202VJ0070,CORRETIVA,True,2026-04-17,1,100,ATUALIZADA,exact
762,2026-04-17,03-0247,ST10303VJ0049,CORRETIVA,True,2026-04-17,1,100,ATUALIZADA,exact
763,2026-04-17,03-0282,ST10202VJ0073,CORRETIVA,True,2026-04-17,1,100,ATUALIZADA,exact
764,2026-04-17,03-0286,ST10202VJ0074,CORRETIVA,True,2026-04-17,1,100,ATUALIZADA,exact
765,2026-04-18,03-0054,JT10304VJ0040,PREVENTIVA,True,2026-04-18,0.09,9,ATUALIZADA,exact
766,2026-04-18,03-0104,JT10304VJ0045,PREVENTIVA,True,2026-04-18,1,100,ATUALIZADA,exact
767,2026-04-18,03-0160,JT10304VP0013,CORRETIVA,True,2026-04-18,1,100,ATUALIZADA,exact
768,2026-04-18,03-0162,JT10304VP0012,CORRETIVA,True,2026-04-18,1,100,ATUALIZADA,exact
769,2026-04-18,03-0199,MG10203VJ0068,CORRETIVA,True,2026-04-18,1,100,ATUALIZADA,exact
770,2026-04-18,03-0202,MG10203VP0037,CORRETIVA,True,2026-04-18,1,100,ATUALIZADA,exact
771,2026-04-18,03-0257,MG10203VP0034,CORRETIVA,True,2026-04-18,1,100,ATUALIZADA,exact
772,2026-04-18,03-0323,MG10304VJ0021,CORRETIVA,True,2026-04-18,1,100,ATUALIZADA,exact
773,2026-04-18,03-0205,ST10304VJ0058,CORRETIVA,True,2026-04-18,1,100,ATUALIZADA,exact
774,2026-04-18,03-0252,ST10304VJ0054,CORRETIVA,True,2026-04-18,1,100,ATUALIZADA,exact
775,2026-04-18,03-0262,ST10203VJ0075,CORRETIVA,True,2026-04-18,1,100,ATUALIZADA,exact
776,2026-04-18,03-0264,ST10203VJ0076,CORRETIVA,True,2026-04-18,1,100,ATUALIZADA,exact
777,2026-04-18,03-0298,ST10304VJ0057,CORRETIVA,True,2026-04-18,1,100,ATUALIZADA,exact
778,2026-04-18,03-0326,ST10304VJ0062,CORRETIVA,True,2026-04-18,1,100,ATUALIZADA,exact
779,2026-04-18,03-0125,CV10304VJ0028,CORRETIVA,True,2026-04-18,1,100,ATUALIZADA,exact
780,2026-04-18,03-0062,CV10304VJ0024,CORRETIVA,True,2026-04-18,1,100,ATUALIZADA,exact
781,2026-04-20,03-0235,MG10202VJ0043,CORRETIVA,True,2026-04-20,1,100,ATUALIZADA,exact
782,2026-04-20,03-0242,MG10202VJ0045,CORRETIVA,True,2026-04-20,1,100,ATUALIZADA,exact
783,2026-04-20,03-0153,JT10101VP0002/03,CORRETIVA,True,2026-04-20,1,100,ATUALIZADA,exact
784,2026-04-20,03-0161,JT10101VP0001,CORRETIVA,True,2026-04-20,1,100,ATUALIZADA,exact
785,2026-04-20,03-0059,JT20102VJ0003,CORRETIVA,True,2026-04-20,1,100,ATUALIZADA,exact
786,2026-04-20,03-0110,JT10302VJ0014,CORRETIVA,False,2026-04-17,,,DESATUALIZADA,exact
787,2026-04-20,03-0117,JT10302VJ0013,PREVENTIVA,True,2026-04-20,0.69,69,ATUALIZADA,exact
788,2026-04-20,03-0156,JT10302VP0004/05,CORRETIVA,True,2026-04-20,1,100,ATUALIZADA,exact
789,2026-04-20,03-0304,JT10302VP0006/07,CORRETIVA,True,2026-04-20,1,100,ATUALIZADA,exact
790,2026-04-20,03-0082,CV10202VJ0029,PREVENTIVA,True,2026-04-20,0.49,49,ATUALIZADA,exact
791,2026-04-20,03-0105,CV10302VJ0015,CORRETIVA,True,2026-04-20,0.19,19,ATUALIZADA,exact
792,2026-04-20,03-0102,CV10101VJ0009,CORRETIVA,True,2026-04-20,0.69,69,ATUALIZADA,exact
793,2026-04-20,03-0168,ST10302VJ0029,CORRETIVA,True,2026-04-20,1,100,ATUALIZADA,exact
794,2026-04-20,03-0265,ST10302VJ0037,CORRETIVA,True,2026-04-20,1,100,ATUALIZADA,exact
795,2026-04-20,03-0266,ST10302VJ0036,CORRETIVA,True,2026-04-20,1,100,ATUALIZADA,exact
796,2026-04-20,03-0301,ST10102VL0002,CORRETIVA,True,2026-04-20,1,100,ATUALIZADA,exact
797,2026-04-22,03-0213,CV10101VP0004,CORRETIVA,False,2026-03-19,,,DESATUALIZADA,exact
798,2026-04-22,03-0231,CV10101VP0006/07/08,CORRETIVA,True,2026-04-22,1,100,ATUALIZADA,exact
799,2026-04-22,03-0305,CV10101VP0005,CORRETIVA,False,2026-03-23,,,DESATUALIZADA,exact
800,2026-04-22,03-0121,CV10202VJ0040,CORRETIVA,True,2026-04-22,0.74,74,ATUALIZADA,exact
801,2026-04-22,03-0115,CV10202VJ0037,CORRETIVA,True,2026-04-22,1,100,ATUALIZADA,exact
804,2026-04-22,03-0305,CV10202VP0011,CORRETIVA,False,2026-03-25,,,DESATUALIZADA,exact
805,2026-04-23,03-0047,MG10101VJ0002,CORRETIVA,True,2026-04-23,0.84,84,ATUALIZADA,exact
806,2026-04-23,03-0069,MG10101VJ0004,CORRETIVA,True,2026-04-23,0.83,83,ATUALIZADA,exact
807,2026-04-23,03-0087,MG10101VJ0005,CORRETIVA,False,2026-04-19,,,DESATUALIZADA,exact
808,2026-04-23,03-0021,MG10101VJ0008,PREVENTIVA,True,2026-04-23,0.63,63,ATUALIZADA,exact
809,2026-04-23,03-0017,MG10101VJ0012,CORRETIVA,True,2026-04-23,0.94,94,ATUALIZADA,exact
810,2026-04-23,03-0013,MG10101VJ0013,CORRETIVA,True,2026-04-23,0.74,74,ATUALIZADA,exact
811,2026-04-23,03-0172,MG10203VJ0047,CORRETIVA,False,2026-04-16,,,DESATUALIZADA,exact
812,2026-04-23,03-0200,MG10203VJ0054,CORRETIVA,True,2026-04-23,1,100,ATUALIZADA,exact
813,2026-04-23,03-0325,MG10203VJ0056,CORRETIVA,True,2026-04-23,1,100,ATUALIZADA,exact
814,2026-04-23,03-0154,MG10203VJ0058,CORRETIVA,True,2026-04-23,1,100,ATUALIZADA,exact
815,2026-04-23,03-0216,MG10203VJ0060,CORRETIVA,True,2026-04-23,1,100,ATUALIZADA,exact
816,2026-04-23,03-0207,MG10302VJ0014,CORRETIVA,True,2026-04-23,1,100,ATUALIZADA,exact
817,2026-04-24,03-0284,ST10101VJ0004,CORRETIVA,True,2026-04-24,1,100,ATUALIZADA,exact
818,2026-04-24,03-0166,ST10303VJ0045,CORRETIVA,True,2026-04-24,1,100,ATUALIZADA,exact
819,2026-04-24,03-0177,ST10202VJ0069,CORRETIVA,True,2026-04-24,1,100,ATUALIZADA,exact
820,2026-04-24,03-0194,ST10303VJ0043,CORRETIVA,True,2026-04-24,1,100,ATUALIZADA,exact
821,2026-04-24,03-0246,ST10303VJ0050,CORRETIVA,True,2026-04-24,1,100,ATUALIZADA,exact
822,2026-04-24,03-0248,ST10303VJ0048,CORRETIVA,True,2026-04-24,1,100,ATUALIZADA,exact
823,2026-04-24,03-0281,ST10303VJ0047,CORRETIVA,False,2026-03-24,,,DESATUALIZADA,exact
824,2026-04-24,03-0287,ST10303VJ0041,CORRETIVA,True,2026-04-24,1,100,ATUALIZADA,exact
825,2026-04-24,03-0289,ST10303VJ0040,CORRETIVA,True,2026-04-24,1,100,ATUALIZADA,exact
826,2026-04-24,03-0295,ST10101VJ0018,CORRETIVA,True,2026-04-24,1,100,ATUALIZADA,exact
827,2026-04-24,03-0313,ST10101VJ0016,CORRETIVA,True,2026-04-24,1,100,ATUALIZADA,exact
828,2026-04-25,03-0071,CV10203VJ0050,CORRETIVA,True,2026-04-25,1,100,ATUALIZADA,exact
829,2026-04-25,03-0100,CV10203VJ0054,CORRETIVA,True,2026-04-25,1,100,ATUALIZADA,exact
830,2026-04-25,03-0050,CV10203VJ0064,CORRETIVA,True,2026-04-25,0.84,84,ATUALIZADA,exact
831,2026-04-25,03-0011,CV10203VJ0051,CORRETIVA,True,2026-04-25,0.76,76,ATUALIZADA,exact
832,2026-04-25,03-0015,CV10203VJ0057,CORRETIVA,True,2026-04-25,0.73,73,ATUALIZADA,exact
833,2026-04-25,03-0034,CV10203VJ0059,PREVENTIVA,True,2026-04-25,0.74,74,ATUALIZADA,exact
834,2026-04-25,03-0066,CV10203VJ0048,CORRETIVA,True,2026-04-25,0.99,99,ATUALIZADA,exact
835,2026-04-25,03-0089,CV10203VJ0053,CORRETIVA,True,2026-04-25,0.83,83,ATUALIZADA,exact
836,2026-04-25,03-0099,CV10203VJ0060,CORRETIVA,False,2026-04-23,,,DESATUALIZADA,exact
837,2026-04-25,03-0022,CV10203VJ0056,CORRETIVA,False,2026-04-09,,,DESATUALIZADA,exact
838,2026-04-25,03-0255,ST20102VL0001,CORRETIVA,True,2026-04-25,1,100,ATUALIZADA,exact
839,2026-04-28,03-0170,MG10203VJ0063,CORRETIVA,True,2026-04-28,1,100,ATUALIZADA,exact
840,2026-04-28,03-0183,MG10203VJ0050,CORRETIVA,True,2026-04-28,1,100,ATUALIZADA,exact
841,2026-04-28,03-0184,MG10203VJ0057,CORRETIVA,True,2026-04-28,1,100,ATUALIZADA,exact
842,2026-04-28,03-0201,MG10203VJ0051,CORRETIVA,True,2026-04-28,1,100,ATUALIZADA,exact
843,2026-04-28,03-0209,MG10203VP0036,CORRETIVA,True,2026-04-28,1,100,ATUALIZADA,exact
844,2026-04-28,03-0210,MG10203VP0031,CORRETIVA,True,2026-04-28,1,100,ATUALIZADA,exact
845,2026-04-28,03-0215,MG10303VJ0018,CORRETIVA,True,2026-04-28,1,100,ATUALIZADA,exact
846,2026-04-28,03-0218,MG10303VJ0017,CORRETIVA,True,2026-04-28,1,100,ATUALIZADA,exact
847,2026-04-28,03-0221,MG10203VJ0062,CORRETIVA,True,2026-04-28,1,100,ATUALIZADA,exact
848,2026-04-28,03-0228,MG10203VP0035,CORRETIVA,True,2026-04-28,1,100,ATUALIZADA,exact
849,2026-04-28,03-0276,MG10203VJ0067,CORRETIVA,True,2026-04-28,1,100,ATUALIZADA,exact
850,2026-04-29,03-0097,CV10202VJ0035,PREVENTIVA,True,2026-04-29,0.04,4,ATUALIZADA,exact
851,2026-04-29,03-0114,CV10202VJ0043,CORRETIVA,True,2026-04-29,0.81,81,ATUALIZADA,exact
852,2026-04-29,03-0113,CV10202VJ0044,CORRETIVA,False,2026-04-20,,,DESATUALIZADA,exact
853,2026-04-29,03-0108,CV10202VJ0042,CORRETIVA,True,2026-04-29,0.99,99,ATUALIZADA,exact
854,2026-04-29,03-0122,CV10202VJ0039,CORRETIVA,True,2026-04-29,0.94,94,ATUALIZADA,exact
855,2026-04-29,03-0107,CV10202VJ0046,CORRETIVA,False,2026-04-15,,,DESATUALIZADA,exact
856,2026-04-29,03-0213,CV10101VP0004,CORRETIVA,False,2026-03-19,,,DESATUALIZADA,exact
857,2026-04-29,03-0305,CV10202VP0011,CORRETIVA,False,2026-03-25,,,DESATUALIZADA,exact
858,2026-04-29,03-0305,CV10101VP0005,CORRETIVA,False,2026-03-23,,,DESATUALIZADA,exact
859,2026-04-29,03-0217,CV10101VP0001/02/03,CORRETIVA,True,2026-04-29,1,100,ATUALIZADA,exact
860,2026-04-29,03-0294,CV10202VP0012,CORRETIVA,True,2026-04-29,1,100,ATUALIZADA,exact
861,2026-04-30,03-0196,ST10101VJ0014,CORRETIVA,False,2026-04-24,,,DESATUALIZADA,exact
862,2026-04-30,03-0273,ST10101VJ0005,CORRETIVA,False,2026-04-13,,,DESATUALIZADA,exact
863,2026-04-30,03-0293,ST10101VJ0023,CORRETIVA,True,2026-04-30,1,100,ATUALIZADA,exact
864,2026-04-30,03-0302,ST10101VJ0006,CORRETIVA,False,2026-04-23,,,DESATUALIZADA,exact
865,2026-04-30,03-0173,ST10302VJ0028,CORRETIVA,True,2026-04-30,1,100,ATUALIZADA,exact
866,2026-04-30,03-0195,ST10302VJ0033,CORRETIVA,True,2026-04-30,1,100,ATUALIZADA,exact
867,2026-04-30,03-0206,ST10302VJ0031,CORRETIVA,True,2026-04-30,1,100,ATUALIZADA,exact
868,2026-04-30,03-0227,ST10302VJ0038,CORRETIVA,True,2026-04-30,1,100,ATUALIZADA,exact
869,2026-04-30,03-0261,ST10302VJ0035,CORRETIVA,True,2026-04-30,1,100,ATUALIZADA,exact
870,2026-04-30,03-0275,ST10101VJ0021,CORRETIVA,True,2026-04-30,1,100,ATUALIZADA,exact
871,2026-04-30,03-0283,ST10302VJ0034,CORRETIVA,True,2026-04-30,1,100,ATUALIZADA,exact
872,2026-05-02,03-0144,ST10101VJ0019,CORRETIVA,True,2026-05-02,1,100,ATUALIZADA,exact
873,2026-05-02,03-0244,ST10101VJ0015,CORRETIVA,True,2026-05-02,1,100,ATUALIZADA,exact
874,2026-05-02,03-0148,ST10304VJ0067,CORRETIVA,False,2026-04-11,,,DESATUALIZADA,exact
875,2026-05-02,03-0150,ST10304VJ0066,CORRETIVA,True,2026-05-02,1,100,ATUALIZADA,exact
876,2026-05-02,03-0189,ST10304VJ0061,CORRETIVA,True,2026-05-02,1,100,ATUALIZADA,exact
877,2026-05-02,03-0329,ST10304VJ0064,CORRETIVA,True,2026-05-02,1,100,ATUALIZADA,exact
878,2026-05-02,03-0253,ST10101VJ0022,CORRETIVA,True,2026-05-02,1,100,ATUALIZADA,exact
879,2026-05-02,03-0317,ST10304VJ0056,CORRETIVA,True,2026-05-02,1,100,ATUALIZADA,exact
880,2026-05-02,03-0322,ST10304VJ0063,CORRETIVA,True,2026-05-02,1,100,ATUALIZADA,exact
881,2026-05-04,03-0075,MG10101VJ0010,CORRETIVA,True,2026-05-04,0.89,89,ATUALIZADA,exact
882,2026-05-04,03-0072,MG10101VJ0011,CORRETIVA,True,2026-05-04,0.96,96,ATUALIZADA,exact
883,2026-05-04,03-0119,MG10101VJ0003,CORRETIVA,True,2026-05-04,0.72,72,ATUALIZADA,exact
884,2026-05-04,03-0147,MG10202VP0021,CORRETIVA,True,2026-05-04,0.72,72,ATUALIZADA,exact
885,2026-05-04,03-0163,MG10202VP0024,CORRETIVA,True,2026-05-04,1,100,ATUALIZADA,exact
886,2026-05-04,03-0241,MG10202VJ0046,CORRETIVA,True,2026-05-04,1,100,ATUALIZADA,exact
887,2026-05-04,03-0249,MG10202VJ0044,CORRETIVA,True,2026-05-04,1,100,ATUALIZADA,exact
888,2026-05-04,03-0279,MG10302VJ0016,CORRETIVA,True,2026-05-04,1,100,ATUALIZADA,exact
889,2026-05-04,03-0315,MG10202VJ0029,CORRETIVA,True,2026-05-04,1,100,ATUALIZADA,exact
890,2026-05-05,03-0133,JT10303VJ0031,CORRETIVA,False,2026-04-10,,,DESATUALIZADA,exact
891,2026-05-05,03-0033,JT20102VJ0002,CORRETIVA,False,2026-03-02,,,DESATUALIZADA,exact
892,2026-05-05,03-0063,JT10303VJ0028,CORRETIVA,True,2026-05-05,1,100,ATUALIZADA,exact
893,2026-05-05,03-0142,JT10303VJ0023,CORRETIVA,True,2026-05-05,0.82,82,ATUALIZADA,exact
894,2026-05-05,03-0103,JT20102VJ0001,CORRETIVA,True,2026-05-05,0.84,84,ATUALIZADA,exact
895,2026-05-05,03-0138,JT10102VJ0002,CORRETIVA,True,2026-05-05,1,100,ATUALIZADA,exact
896,2026-05-05,03-0046,JT10203VJ0055,CORRETIVA,True,2026-05-05,0.74,74,ATUALIZADA,exact
897,2026-05-05,03-0048,JT10303VJ0026,CORRETIVA,True,2026-05-05,1,100,ATUALIZADA,exact
898,2026-05-05,03-0159,JT10303VP0010/11,CORRETIVA,True,2026-05-05,0.94,94,ATUALIZADA,exact
899,2026-05-05,03-0165,JT10303VP0008/09,CORRETIVA,True,2026-05-05,0,0,ATUALIZADA,exact
900,2026-05-06,03-0006,MG10101VJ0006,CORRETIVA,False,2026-04-19,,,DESATUALIZADA,exact
901,2026-05-06,03-0308,MG10202VJ0033,CORRETIVA,False,2026-04-15,,,DESATUALIZADA,exact
902,2026-05-06,03-0240,MG10202VJ0031,CORRETIVA,False,2026-04-18,,,DESATUALIZADA,exact
903,2026-05-06,03-0179,MG10202VJ0026,CORRETIVA,False,2026-04-20,,,DESATUALIZADA,exact
904,2026-05-06,03-0239,MG10202VJ0030,CORRETIVA,False,2026-04-20,,,DESATUALIZADA,exact
905,2026-05-06,03-0233,MG10202VJ0032,CORRETIVA,False,2026-04-22,,,DESATUALIZADA,exact
906,2026-05-06,03-0290,MG10202VJ0027,PREVENTIVA,True,2026-05-06,1,100,ATUALIZADA,exact
907,2026-05-06,03-0180,MG10202VJ0037,PREVENTIVA,True,2026-05-06,1,100,ATUALIZADA,exact
908,2026-05-06,03-0331,MG10304VP0046/47/48/49,CORRETIVA,True,2026-05-06,1,100,ATUALIZADA,exact
909,2026-05-06,03-0318,MG10202VP0015/16,PREVENTIVA,True,2026-05-06,1,100,ATUALIZADA,exact
910,2026-05-06,03-0204,MG10202VP0001/02/03,CORRETIVA,True,2026-05-06,1,100,ATUALIZADA,exact
911,2026-05-06,03-0254,MG10202VP0006/07/08/09,CORRETIVA,False,2026-04-29,,,DESATUALIZADA,exact
912,2026-05-07,03-0120,CV10101VJ0008,CORRETIVA,False,2026-04-26,,,DESATUALIZADA,exact
913,2026-05-07,03-0057,CV10101VJ0005,CORRETIVA,True,2026-05-07,1,100,ATUALIZADA,exact
914,2026-05-07,03-0092,CV10302VJ0012,CORRETIVA,True,2026-05-07,1,100,ATUALIZADA,exact
915,2026-05-07,03-0036,CV10101VL0001,CORRETIVA,True,2026-05-07,1,100,ATUALIZADA,exact
916,2026-05-07,03-0130,CV10102VJ0010,CORRETIVA,True,2026-05-07,1,100,ATUALIZADA,exact
917,2026-05-07,03-0055,CV10101VJ0001,CORRETIVA,True,2026-05-07,1,100,ATUALIZADA,exact
918,2026-05-07,03-0134,CV10203VJ0049,CORRETIVA,False,2026-04-28,,,DESATUALIZADA,exact
920,2026-05-08,03-0009,MG10101VJ0009,CORRETIVA,True,2026-05-08,0.84,84,ATUALIZADA,exact
921,2026-05-08,03-0308,MG10202VJ0033,CORRETIVA,False,2026-04-15,,,DESATUALIZADA,exact
922,2026-05-08,03-0240,MG10202VJ0031,CORRETIVA,False,2026-04-20,,,DESATUALIZADA,exact
923,2026-05-08,03-0179,MG10202VJ0026,CORRETIVA,True,2026-05-08,1,100,ATUALIZADA,exact
924,2026-05-08,03-0233,MG10202VJ0032,CORRETIVA,False,2026-05-01,,,DESATUALIZADA,exact
925,2026-05-08,03-0236,MG10202VJ0042,CORRETIVA,False,2026-04-22,,,DESATUALIZADA,exact
926,2026-05-08,03-0235,MG10202VJ0043,CORRETIVA,False,2026-04-22,,,DESATUALIZADA,exact
927,2026-05-08,03-0214,MG10303VJ0019,CORRETIVA,True,2026-05-08,0.84,84,ATUALIZADA,exact
928,2026-05-08,03-0187,ST10303VJ0053,CORRETIVA,True,2026-05-08,0.78,78,ATUALIZADA,exact
929,2026-05-08,03-0232,ST10303VJ0042,CORRETIVA,False,2026-04-20,,,DESATUALIZADA,exact
930,2026-05-09,03-0193,ST10101VJ0011,CORRETIVA,True,2026-05-09,0.85,85,ATUALIZADA,exact
931,2026-05-09,03-0245,ST10101VJ0012,CORRETIVA,True,2026-05-09,0.67,67,ATUALIZADA,exact
932,2026-05-09,03-0267,ST10101VJ0007,CORRETIVA,False,2026-04-27,,,DESATUALIZADA,exact
933,2026-05-09,03-0270,ST10101VJ0009,CORRETIVA,True,2026-05-09,0.74,74,ATUALIZADA,exact
934,2026-05-09,03-0271,ST10101VJ0017,CORRETIVA,True,2026-05-09,0.88,88,ATUALIZADA,exact
935,2026-05-09,03-0277,ST10101VJ0020,CORRETIVA,True,2026-05-09,0.78,78,ATUALIZADA,exact
936,2026-05-09,03-0278,ST10101VJ0010,CORRETIVA,False,2026-04-25,,,DESATUALIZADA,exact
937,2026-05-09,03-0288,ST10101VJ0002,CORRETIVA,True,2026-05-09,0.74,74,ATUALIZADA,exact
938,2026-05-09,03-0303,ST10101VJ0003,CORRETIVA,True,2026-05-09,0.69,69,ATUALIZADA,exact
939,2026-05-11,03-0136,CV10202VJ0031,CORRETIVA,True,2026-05-11,0.98,98,ATUALIZADA,exact
940,2026-05-11,03-0038,CV10202VJ0030,CORRETIVA,True,2026-05-11,0.83,83,ATUALIZADA,exact
941,2026-05-11,03-0065,CV10302VJ0013,CORRETIVA,False,2026-03-16,,,DESATUALIZADA,exact
942,2026-05-11,03-0077,CV10202VJ0034,CORRETIVA,True,2026-05-11,0.87,87,ATUALIZADA,exact
943,2026-05-11,03-0106,CV10101VL0002,CORRETIVA,True,2026-05-11,0.85,85,ATUALIZADA,exact
944,2026-05-11,03-0085,CV10202VJ0036,CORRETIVA,True,2026-05-11,0.83,83,ATUALIZADA,exact
945,2026-05-11,03-0060,CV10101VJ0002,CORRETIVA,True,2026-05-11,0.84,84,ATUALIZADA,exact
946,2026-05-11,03-0064,CV10101VJ0003,CORRETIVA,True,2026-05-11,0.74,74,ATUALIZADA,exact
947,2026-05-12,03-0073,CV10303VJ0017,CORRETIVA,False,2026-03-10,,,DESATUALIZADA,exact
948,2026-05-12,03-0131,CV10303VJ0020,CORRETIVA,True,2026-05-12,0.89,89,ATUALIZADA,exact
949,2026-05-12,03-0035,CV10203VJ0061,CORRETIVA,True,2026-05-12,0.83,83,ATUALIZADA,exact
950,2026-05-12,03-0012,CV10203VJ0052,CORRETIVA,True,2026-05-12,0.74,74,ATUALIZADA,exact
951,2026-05-12,03-0029,CV10203VJ0055,CORRETIVA,True,2026-05-12,0.93,93,ATUALIZADA,exact
952,2026-05-12,03-0083,CV10203VJ0063,CORRETIVA,True,2026-05-12,0.94,94,ATUALIZADA,exact
953,2026-05-12,03-0061,CV10303VJ0019,CORRETIVA,True,2026-05-12,0.83,83,ATUALIZADA,exact
954,2026-05-12,03-0131,CV10303VJ0020,CORRETIVA,True,2026-05-12,0.89,89,ATUALIZADA,exact
955,2026-05-12,03-0067,CV10303VJ0021,CORRETIVA,True,2026-05-12,0.8,80,ATUALIZADA,exact
956,2026-05-12,03-0116,CV10303VJ0022,CORRETIVA,False,2026-04-10,,,DESATUALIZADA,exact
957,2026-05-12,03-0044,CV10304VJ0023,CORRETIVA,False,2026-04-11,,,DESATUALIZADA,exact
958,2026-05-12,03-0310,MG10101VL0002,CORRETIVA,False,2026-04-29,,,DESATUALIZADA,exact
959,2026-05-12,03-0171,MG10203VJ0048,CORRETIVA,True,2026-05-12,0.89,89,ATUALIZADA,exact
960,2026-05-12,03-0190,MG10203VJ0069,CORRETIVA,True,2026-05-12,0.83,83,ATUALIZADA,exact
961,2026-05-12,03-0197,MG10203VJ0065,CORRETIVA,True,2026-05-12,0.99,99,ATUALIZADA,exact
962,2026-05-12,03-0124,MG10101VJ0001,CORRETIVA,True,2026-05-12,0.55,55,ATUALIZADA,exact
963,2026-05-12,03-0256,MG10203VJ0061,CORRETIVA,True,2026-05-12,0.99,99,ATUALIZADA,exact
964,2026-05-12,03-0146,MG10203VP0025,CORRETIVA,False,2026-03-31,,,DESATUALIZADA,exact
965,2026-05-12,03-0149,MG10203VP0030,CORRETIVA,True,2026-05-12,0.84,84,ATUALIZADA,exact
966,2026-05-12,03-0155,MG10203VJ0053,CORRETIVA,True,2026-05-12,0.91,91,ATUALIZADA,exact
967,2026-05-12,03-0188,MG10203VJ0052,CORRETIVA,True,2026-05-12,0.74,74,ATUALIZADA,exact
968,2026-05-13,03-0010,CV10304VJ0027,CORRETIVA,True,2026-05-13,0.94,94,ATUALIZADA,exact
969,2026-05-13,03-0020,CV10304VJ0026,CORRETIVA,True,2026-05-13,0.89,89,ATUALIZADA,exact
970,2026-05-13,03-0003,CV10304VJ0025,CORRETIVA,True,2026-05-13,1,100,ATUALIZADA,exact
971,2026-05-13,03-0056,CV10202VJ0032,CORRETIVA,True,2026-05-13,0.84,84,ATUALIZADA,exact
972,2026-05-13,03-0062,CV10304VJ0024,CORRETIVA,False,2026-05-01,,,DESATUALIZADA,exact
973,2026-05-13,03-0125,CV10304VJ0028,CORRETIVA,True,2026-05-13,1,100,ATUALIZADA,exact
974,2026-05-13,03-0082,CV10202VJ0029,CORRETIVA,True,2026-05-13,0.8,80,ATUALIZADA,exact
975,2026-05-13,03-0122,CV10202VJ0039,CORRETIVA,False,2026-05-08,,,DESATUALIZADA,exact
976,2026-05-13,03-0108,CV10202VJ0042,CORRETIVA,True,2026-05-13,0.89,89,ATUALIZADA,exact
977,2026-05-13,03-0097,CV10202VJ0035,CORRETIVA,True,2026-05-13,0.79,79,ATUALIZADA,exact
978,2026-05-13,03-0251,MG10304VJ0020,CORRETIVA,True,2026-05-13,0.84,84,ATUALIZADA,exact
979,2026-05-13,03-0250,MG10202VJ0028,CORRETIVA,False,2026-04-27,,,DESATUALIZADA,exact
980,2026-05-13,03-0312,MG10202VJ0024,CORRETIVA,True,2026-05-13,0.84,84,ATUALIZADA,exact
981,2026-05-13,03-0309,MG10202VJ0023,CORRETIVA,True,2026-05-13,1,100,ATUALIZADA,exact
982,2026-05-13,03-0181,MG10202VJ0025,CORRETIVA,True,2026-05-13,1,100,ATUALIZADA,exact
983,2026-05-13,03-0220,MG10304VJ0022,CORRETIVA,False,2026-05-02,,,DESATUALIZADA,exact
984,2026-05-13,03-0327,MG10202VP0010/11/12,CORRETIVA,False,2026-05-09,,,DESATUALIZADA,exact
985,2026-05-13,03-0164,MG10202VP0022/23,CORRETIVA,True,2026-05-13,0.99,99,ATUALIZADA,exact
986,2026-05-13,03-0330,MG10202VP0004/05,CORRETIVA,False,2026-04-28,,,DESATUALIZADA,exact
987,2026-05-13,03-0323,MG10304VJ0021,CORRETIVA,False,2026-05-11,,,DESATUALIZADA,exact
988,2026-05-14,03-0037,JT10302VJ0005,CORRETIVA,True,2026-05-14,0.96,96,ATUALIZADA,exact
989,2026-05-14,03-0052,JT10302VJ0006,CORRETIVA,True,2026-05-14,0.79,79,ATUALIZADA,exact
990,2026-05-14,03-0068,JT10302VJ0007,CORRETIVA,True,2026-05-14,1,100,ATUALIZADA,exact
991,2026-05-14,03-0074,JT10302VJ0008,CORRETIVA,True,2026-05-14,0.89,89,ATUALIZADA,exact
992,2026-05-14,03-0079,JT10302VJ0009,CORRETIVA,True,2026-05-14,0.94,94,ATUALIZADA,exact
993,2026-05-14,03-0018,JT10302VJ0010,CORRETIVA,True,2026-05-14,0.94,94,ATUALIZADA,exact
994,2026-05-14,03-0014,JT10302VJ0011,CORRETIVA,True,2026-05-14,0.66,66,ATUALIZADA,exact
995,2026-05-14,03-0123,JT10302VJ0012,CORRETIVA,True,2026-05-14,0.79,79,ATUALIZADA,exact
996,2026-05-14,03-0117,JT10302VJ0013,CORRETIVA,True,2026-05-14,0.91,91,ATUALIZADA,exact
997,2026-05-14,03-0110,JT10302VJ0014,CORRETIVA,True,2026-05-14,0.98,98,ATUALIZADA,exact
998,2026-05-14,03-0192,ST10302VJ0032,CORRETIVA,True,2026-05-14,0.99,99,ATUALIZADA,exact
999,2026-05-14,03-0222,ST10302VJ0025,CORRETIVA,False,2026-04-23,,,DESATUALIZADA,exact
1000,2026-05-14,03-0225,ST10302VJ0027,CORRETIVA,True,2026-05-14,0.34,34,ATUALIZADA,exact
1001,2026-05-14,03-0291,ST10302VJ0024,CORRETIVA,False,2026-03-30,,,DESATUALIZADA,exact
1002,2026-05-14,03-0320,ST10302VJ0026,CORRETIVA,False,2026-04-27,,,DESATUALIZADA,exact
1003,2026-05-14,03-0168,ST10302VJ0029,CORRETIVA,True,2026-05-14,0.99,99,ATUALIZADA,exact
1004,2026-05-14,03-0295,ST10101VJ0018,PREVENTIVA,True,2026-05-14,0.94,94,ATUALIZADA,exact
1005,2026-05-14,03-0173,ST10302VJ0028,CORRETIVA,True,2026-05-14,0.64,64,ATUALIZADA,exact
1006,2026-05-14,03-0283,ST10302VJ0034,CORRETIVA,True,2026-05-14,0.89,89,ATUALIZADA,exact
1007,2026-05-14,03-0302,ST10101VJ0006,PREVENTIVA,True,2026-05-14,0.9,90,ATUALIZADA,exact
1008,2026-05-14,03-0169,ST10302VJ0030,CORRETIVA,True,2026-05-14,1,100,ATUALIZADA,exact
1009,2026-05-15,03-0132,CV10202VJ0038,PREVENTIVA,True,2026-05-15,0.84,84,ATUALIZADA,exact
1011,2026-05-15,03-0129,CV10202VJ0041,CORRETIVA,True,2026-05-15,0.94,94,ATUALIZADA,exact
1012,2026-05-15,03-0101,CV10101VJ0004,CORRETIVA,True,2026-05-15,0.89,89,ATUALIZADA,exact
1013,2026-05-15,03-0090,JT10303VJ0032,CORRETIVA,True,2026-05-15,0.74,74,ATUALIZADA,exact
1014,2026-05-15,03-0053,JT10303VJ0034,CORRETIVA,True,2026-05-15,0.79,79,ATUALIZADA,exact
1015,2026-05-15,03-0026,JT10101VL0001,CORRETIVA,True,2026-05-15,0.79,79,ATUALIZADA,exact
1016,2026-05-15,03-0042,JT10202VJ0056,CORRETIVA,True,2026-05-15,0.94,94,ATUALIZADA,exact
1017,2026-05-15,03-0001,JT10303VJ0035,CORRETIVA,True,2026-05-15,0.8,80,ATUALIZADA,exact
1018,2026-05-15,03-0008,JT10303VJ0036,CORRETIVA,True,2026-05-15,1,100,ATUALIZADA,exact
1019,2026-05-15,03-0081,JT10303VJ0027,CORRETIVA,False,2026-05-05,,,DESATUALIZADA,exact
1020,2026-05-15,03-0094,JT10303VJ0024,CORRETIVA,True,2026-05-15,0.88,88,ATUALIZADA,exact
1021,2026-05-15,03-0128,JT10303VJ0030,CORRETIVA,True,2026-05-15,0.89,89,ATUALIZADA,exact
1022,2026-05-15,03-0096,CV10101VJ0007,CORRETIVA,True,2026-05-15,0.85,85,ATUALIZADA,exact
1023,2026-05-15,03-0112,CV10101VJ0006,CORRETIVA,True,2026-05-15,0.89,89,ATUALIZADA,exact
1024,2026-05-15,03-0102,CV10101VJ0009,CORRETIVA,True,2026-05-15,0.94,94,ATUALIZADA,exact
1026,2026-05-15,03-0231,CV10101VP0006/07/08,CORRETIVA,True,2026-05-15,1,100,ATUALIZADA,exact
1027,2026-05-16,03-0031,JT10304VJ0047,CORRETIVA,True,2026-05-16,0.8,80,ATUALIZADA,exact
1028,2026-05-16,03-0051,JT10304VJ0041,CORRETIVA,True,2026-05-16,0.79,79,ATUALIZADA,exact
1029,2026-05-16,03-0127,JT10304VJ0039,CORRETIVA,True,2026-05-16,1,100,ATUALIZADA,exact
1030,2026-05-16,03-0019,JT10304VJ0049,CORRETIVA,True,2026-05-16,0,0,ATUALIZADA,exact
1031,2026-05-16,03-0025,JT10304VJ0043,CORRETIVA,True,2026-05-16,0.89,89,ATUALIZADA,exact
1032,2026-05-16,03-0004,JT10304VJ0059,CORRETIVA,True,2026-05-16,0.89,89,ATUALIZADA,exact
1033,2026-05-16,03-0095,JT10304VJ0042,CORRETIVA,True,2026-05-16,0.56,56,ATUALIZADA,exact
1034,2026-05-16,03-0027,JT10304VJ0052,CORRETIVA,False,2026-05-11,,,DESATUALIZADA,exact
1035,2026-05-16,03-0091,JT10304VJ0044,CORRETIVA,False,2026-05-09,,,DESATUALIZADA,exact
1036,2026-05-16,03-0040,JT10304VJ0037,CORRETIVA,True,2026-05-16,0.74,74,ATUALIZADA,exact
1037,2026-05-16,03-0305,CV10101VP0005,CORRETIVA,False,2026-05-12,,,DESATUALIZADA,exact
1038,2026-05-16,03-0098,CV10203VJ0062,CORRETIVA,True,2026-05-16,0.97,97,ATUALIZADA,exact
1039,2026-05-16,03-0039,CV10203VJ0047,CORRETIVA,True,2026-05-16,0.84,84,ATUALIZADA,exact
1040,2026-05-16,03-0028,CV10203VJ0058,CORRETIVA,True,2026-05-16,0.79,79,ATUALIZADA,exact
1041,2026-05-16,03-0022,CV10203VJ0056,CORRETIVA,True,2026-05-16,0.74,74,ATUALIZADA,exact
1042,2026-05-16,03-0099,CV10203VJ0060,CORRETIVA,True,2026-05-16,0.73,73,ATUALIZADA,exact
1043,2026-05-16,03-0237,CV10203VP0022,CORRETIVA,True,2026-05-16,0.93,93,ATUALIZADA,exact
1044,2026-05-16,03-0306,CV10203VP0023,CORRETIVA,True,2026-05-16,0.94,94,ATUALIZADA,exact
1045,2026-05-16,03-0145,CV10203VP0019,CORRETIVA,True,2026-05-16,0.85,85,ATUALIZADA,exact
1046,2026-05-18,03-0023,JT10102VJ0003,CORRETIVA,True,2026-05-18,0.84,84,ATUALIZADA,exact
1047,2026-05-18,03-0005,JT10202VJ0054,CORRETIVA,True,2026-05-18,0.91,91,ATUALIZADA,exact
1048,2026-05-18,03-0141,JT10302VJ0018,CORRETIVA,True,2026-05-18,0.84,84,ATUALIZADA,exact
1049,2026-05-18,03-0076,JT10302VJ0057,CORRETIVA,True,2026-05-18,0.84,84,ATUALIZADA,exact
1050,2026-05-18,03-0109,JT10302VJ0020,CORRETIVA,True,2026-05-18,0.98,98,ATUALIZADA,exact
1051,2026-05-18,03-0030,JT10302VJ0015,CORRETIVA,False,2026-05-10,,,DESATUALIZADA,exact
1052,2026-05-18,03-0058,JT10302VJ0019,CORRETIVA,True,2026-05-18,0.94,94,ATUALIZADA,exact
1053,2026-05-18,03-0045,JT10302VJ0016,CORRETIVA,True,2026-05-18,0.94,94,ATUALIZADA,exact
1054,2026-05-18,03-0093,JT10302VJ0017,CORRETIVA,True,2026-05-18,0.84,84,ATUALIZADA,exact
1055,2026-05-18,03-0272,ST10101VJ0001,CORRETIVA,True,2026-05-18,0.93,93,ATUALIZADA,exact
1056,2026-05-18,03-0238,ST20102VL0002,CORRETIVA,True,2026-05-18,0.89,89,ATUALIZADA,exact
1057,2026-05-18,03-0152,ST10102VL0001,CORRETIVA,False,2026-05-07,,,DESATUALIZADA,exact
1058,2026-05-18,03-0301,ST10102VL0002,PREVENTIVA,True,2026-05-18,0.84,84,ATUALIZADA,exact
1059,2026-05-18,03-0284,ST10101VJ0004,PREVENTIVA,True,2026-05-18,0.89,89,ATUALIZADA,exact
1060,2026-05-18,03-0311,ST10101VJ0013,CORRETIVA,True,2026-05-18,0.83,83,ATUALIZADA,exact
1061,2026-05-18,03-0313,ST10101VJ0016,CORRETIVA,True,2026-05-18,0.71,71,ATUALIZADA,exact
1062,2026-05-18,03-0175,ST10202VJ0071,CORRETIVA,True,2026-05-18,0.94,94,ATUALIZADA,exact
1063,2026-05-18,03-0176,ST10202VJ0070,CORRETIVA,True,2026-05-18,1,100,ATUALIZADA,exact
1064,2026-05-19,03-0078,CV10303VJ0018,CORRETIVA,True,2026-05-19,0.98,98,ATUALIZADA,exact
1065,2026-05-19,03-0055,CV10101VJ0001,CORRETIVA,True,2026-05-19,0.59,59,ATUALIZADA,exact
1066,2026-05-19,03-0120,CV10101VJ0008,CORRETIVA,True,2026-05-19,0.99,99,ATUALIZADA,exact
1067,2026-05-19,03-0134,CV10203VJ0049,CORRETIVA,True,2026-05-19,0.89,89,ATUALIZADA,exact
1068,2026-05-19,03-0073,CV10303VJ0017,CORRETIVA,False,2026-05-16,,,DESATUALIZADA,exact
1069,2026-05-19,03-0131,CV10303VJ0020,CORRETIVA,True,2026-05-19,0.9,90,ATUALIZADA,exact
1071,2026-05-19,03-0080,JT10101VJ0004,CORRETIVA,False,2026-04-19,,,DESATUALIZADA,exact
1072,2026-05-19,03-0135,JT10303VJ0022,CORRETIVA,True,2026-05-19,0.84,84,ATUALIZADA,exact
1073,2026-05-19,03-0137,JT10303VJ0021,CORRETIVA,False,2026-04-22,,,DESATUALIZADA,exact
1074,2026-05-19,03-0140,JT10203VJ0053,CORRETIVA,False,2026-04-19,,,DESATUALIZADA,exact
1075,2026-05-19,03-0086,JT10101VL0002,CORRETIVA,True,2026-05-19,0.83,83,ATUALIZADA,exact
1076,2026-05-19,03-0041,JT10303VJ0033,CORRETIVA,True,2026-05-19,0.99,99,ATUALIZADA,exact
1077,2026-05-19,03-0043,JT10303VJ0029,CORRETIVA,True,2026-05-19,0.69,69,ATUALIZADA,exact
1078,2026-05-19,03-0111,JT10303VJ0058,CORRETIVA,True,2026-05-19,0.94,94,ATUALIZADA,exact
1079,2026-05-19,03-0049,JT10102VJ0001,CORRETIVA,True,2026-05-19,0.59,59,ATUALIZADA,exact
1080,2026-05-19,03-0161,JT10101VP0001,CORRETIVA,True,2026-05-19,0.89,89,ATUALIZADA,exact
1081,2026-05-20,03-0178,MG10202VJ0036,CORRETIVA,False,2026-04-27,,,DESATUALIZADA,exact
1082,2026-05-20,03-0319,MG10202VJ0035,CORRETIVA,False,2026-04-24,,,DESATUALIZADA,exact
1083,2026-05-20,03-0243,MG10202VJ0040,CORRETIVA,True,2026-05-20,0.89,89,ATUALIZADA,exact
1084,2026-05-20,03-0268,MG10202VJ0038,CORRETIVA,True,2026-05-20,0.69,69,ATUALIZADA,exact
1085,2026-05-20,03-0269,MG10202VJ0039,CORRETIVA,True,2026-05-20,0.89,89,ATUALIZADA,exact
1086,2026-05-20,03-0307,MG10202VJ0034,CORRETIVA,True,2026-05-20,0.94,94,ATUALIZADA,exact
1087,2026-05-20,03-0088,MG10101VJ0007,CORRETIVA,False,2026-05-11,,,DESATUALIZADA,exact
1088,2026-05-20,03-0182,MG10101VL0001,CORRETIVA,True,2026-05-20,0.94,94,ATUALIZADA,exact
1089,2026-05-20,03-0157,MG10202VP0013/14,CORRETIVA,False,2026-05-04,,,DESATUALIZADA,exact
1090,2026-05-20,03-0234,MG10202VJ0041,CORRETIVA,True,2026-05-20,0.84,84,ATUALIZADA,exact
1091,2026-05-20,03-0186,ST10304VJ0068,CORRETIVA,False,2026-05-09,,,DESATUALIZADA,exact
1092,2026-05-20,03-0299,ST10304VJ0055,CORRETIVA,False,2026-05-02,,,DESATUALIZADA,exact
1093,2026-05-20,03-0328,ST10304VJ0065,CORRETIVA,False,2026-05-05,,,DESATUALIZADA,exact
1094,2026-05-20,03-0314,ST10101VJ0008,CORRETIVA,True,2026-05-20,0.69,69,ATUALIZADA,exact
1095,2026-05-20,03-0298,ST10304VJ0057,CORRETIVA,False,2026-05-06,,,DESATUALIZADA,exact
1096,2026-05-20,03-0326,ST10304VJ0062,CORRETIVA,True,2026-05-20,1,100,ATUALIZADA,exact
1097,2026-05-20,03-0177,ST10202VJ0069,CORRETIVA,True,2026-05-20,0.88,88,ATUALIZADA,exact
1098,2026-05-20,03-0255,ST20102VL0001,CORRETIVA,True,2026-05-20,0.84,84,ATUALIZADA,exact
1099,2026-05-20,03-0258,ST10304VJ0059,CORRETIVA,True,2026-05-20,0.89,89,ATUALIZADA,exact
1100,2026-05-21,03-0211,MG10203VJ0049,CORRETIVA,True,2026-05-21,1,100,ATUALIZADA,exact
1101,2026-05-21,03-0191,MG10203VJ0059,CORRETIVA,True,2026-05-21,0.79,79,ATUALIZADA,exact
1102,2026-05-21,03-0208,MG10203VJ0066,CORRETIVA,True,2026-05-21,0.99,99,ATUALIZADA,exact
1103,2026-05-21,03-0219,MG10203VJ0064,CORRETIVA,True,2026-05-21,0.79,79,ATUALIZADA,exact
1104,2026-05-21,03-0259,MG10302VP0038/39/40,CORRETIVA,True,2026-05-21,0.73,73,ATUALIZADA,exact
1105,2026-05-21,03-0280,MG10302VJ0015,CORRETIVA,True,2026-05-21,0.93,93,ATUALIZADA,exact
1106,2026-05-21,03-0292,MG10203VP0028/29,CORRETIVA,True,2026-05-21,0.84,84,ATUALIZADA,exact
1107,2026-05-21,03-0300,MG10203VP0032/33,CORRETIVA,True,2026-05-21,0.99,99,ATUALIZADA,exact
1108,2026-05-21,03-0199,MG10203VJ0068,CORRETIVA,True,2026-05-21,0.79,79,ATUALIZADA,exact
1109,2026-05-21,03-0202,MG10203VP0037,CORRETIVA,False,2026-04-23,,,DESATUALIZADA,exact
1110,2026-05-21,03-0257,MG10203VP0034,CORRETIVA,True,2026-05-21,0.84,84,ATUALIZADA,exact
1111,2026-05-21,03-0263,ST10203VJ0078,CORRETIVA,True,2026-05-21,1,100,ATUALIZADA,exact
1112,2026-05-21,03-0285,ST10203VJ0077,CORRETIVA,True,2026-05-21,0.89,89,ATUALIZADA,exact
1113,2026-05-21,03-0316,ST10203VJ0080,CORRETIVA,False,2026-04-02,,,DESATUALIZADA,exact
1114,2026-05-21,03-0321,ST10203VJ0079,CORRETIVA,False,2026-04-02,0.89,89,DESATUALIZADA,exact
1115,2026-05-21,03-0262,ST10203VJ0075,CORRETIVA,True,2026-05-21,0.99,99,ATUALIZADA,exact
1116,2026-05-21,03-0264,ST10203VJ0076,CORRETIVA,True,2026-05-21,0.96,96,ATUALIZADA,exact
1117,2026-05-21,03-0195,ST10302VJ0033,CORRETIVA,True,2026-05-21,0.89,89,ATUALIZADA,exact
1118,2026-05-21,03-0196,ST10101VJ0014,CORRETIVA,False,2026-05-08,,,DESATUALIZADA,exact
1119,2026-05-21,03-0273,ST10101VJ0005,CORRETIVA,True,2026-05-21,1,100,ATUALIZADA,exact
1120,2026-05-21,03-0275,ST10101VJ0021,CORRETIVA,True,2026-05-21,0.84,84,ATUALIZADA,exact
1121,2026-05-21,03-0144,ST10101VJ0019,CORRETIVA,True,2026-05-21,0.69,69,ATUALIZADA,exact
1122,2026-05-21,03-0244,ST10101VJ0015,PREVENTIVA,True,2026-05-21,0.99,99,ATUALIZADA,exact
1123,2026-05-22,03-0224,MG10202VP0017/18/19/20,CORRETIVA,True,2026-05-22,0.82,82,ATUALIZADA,exact
1124,2026-05-22,03-0242,MG10202VJ0045,PREVENTIVA,True,2026-05-22,0.94,94,ATUALIZADA,exact
1125,2026-05-22,03-0013,MG10101VJ0013,CORRETIVA,True,2026-05-22,0.87,87,ATUALIZADA,exact
1126,2026-05-22,03-0017,MG10101VJ0012,CORRETIVA,False,2026-05-07,,,DESATUALIZADA,exact
1127,2026-05-22,03-0021,MG10101VJ0008,CORRETIVA,True,2026-05-22,0.84,84,ATUALIZADA,exact
1128,2026-05-22,03-0047,MG10101VJ0002,CORRETIVA,True,2026-05-22,0.88,88,ATUALIZADA,exact
1129,2026-05-22,03-0069,MG10101VJ0004,CORRETIVA,False,2026-04-29,,,DESATUALIZADA,exact
1130,2026-05-22,03-0087,MG10101VJ0005,CORRETIVA,True,2026-05-22,0.96,96,ATUALIZADA,exact
1131,2026-05-22,03-0006,MG10101VJ0006,CORRETIVA,True,2026-05-22,0.84,84,ATUALIZADA,exact
1132,2026-05-22,03-0239,MG10202VJ0030,CORRETIVA,False,2026-05-19,,,DESATUALIZADA,exact
1133,2026-05-22,03-0009,MG10101VJ0009,CORRETIVA,True,2026-05-22,0.6,60,ATUALIZADA,exact
1134,2026-05-22,03-0151,ST10303VJ0044,CORRETIVA,True,2026-05-22,0.94,94,ATUALIZADA,exact
1135,2026-05-22,03-0167,ST10303VJ0046,CORRETIVA,True,2026-05-22,0.64,64,ATUALIZADA,exact
1136,2026-05-22,03-0185,ST10303VJ0052,CORRETIVA,True,2026-05-22,0.94,94,ATUALIZADA,exact
1137,2026-05-22,03-0203,ST10303VJ0051,CORRETIVA,True,2026-05-22,1,100,ATUALIZADA,exact
1138,2026-05-22,03-0226,ST10303VJ0039,CORRETIVA,True,2026-05-22,0.91,91,ATUALIZADA,exact
1139,2026-05-22,03-0247,ST10303VJ0049,CORRETIVA,True,2026-05-22,0.94,94,ATUALIZADA,exact
1140,2026-05-22,03-0166,ST10303VJ0045,CORRETIVA,True,2026-05-22,1,100,ATUALIZADA,exact
1141,2026-05-22,03-0281,ST10303VJ0047,CORRETIVA,False,2026-05-05,,,DESATUALIZADA,exact
1142,2026-05-22,03-0289,ST10303VJ0040,CORRETIVA,True,2026-05-22,0.89,89,ATUALIZADA,exact
1143,2026-05-22,03-0253,ST10101VJ0022,CORRETIVA,True,2026-05-22,0.89,89,ATUALIZADA,exact
1144,2026-05-22,03-0303,ST10101VJ0003,PREVENTIVA,True,2026-05-22,0.84,84,ATUALIZADA,exact
1145,2026-05-22,03-0324,ST10304VJ0060,CORRETIVA,True,2026-05-22,0.89,89,ATUALIZADA,exact
1146,2026-05-23,03-0089,CV10203VJ0053,CORRETIVA,True,2026-05-23,0.69,69,ATUALIZADA,exact
1147,2026-05-23,03-0035,CV10203VJ0061,CORRETIVA,True,2026-05-23,0.65,65,ATUALIZADA,exact
1148,2026-05-23,03-0044,CV10304VJ0023,CORRETIVA,True,2026-05-23,0.85,85,ATUALIZADA,exact
1149,2026-05-23,03-0010,CV10304VJ0027,CORRETIVA,True,2026-05-23,0.84,84,ATUALIZADA,exact
1150,2026-05-23,03-0020,CV10304VJ0026,CORRETIVA,True,2026-05-23,0.99,99,ATUALIZADA,exact
1151,2026-05-23,03-0062,CV10304VJ0024,CORRETIVA,True,2026-05-23,0.49,49,ATUALIZADA,exact
1152,2026-05-23,03-0125,CV10304VJ0028,CORRETIVA,True,2026-05-23,0.95,95,ATUALIZADA,exact
1153,2026-05-23,03-0098,CV10203VJ0062,CORRETIVA,True,2026-05-23,0,0,ATUALIZADA,exact
1154,2026-05-23,03-0305,CV10101VP0005/11,CORRETIVA,False,2026-05-22,,,DESATUALIZADA,exact
1155,2026-05-23,03-0306,CV10203VP0018/23,CORRETIVA,True,2026-05-23,1,100,ATUALIZADA,exact
1156,2026-05-23,03-0297,MG10203VP0026/27,CORRETIVA,False,2026-04-25,,,DESATUALIZADA,exact
1157,2026-05-23,03-0172,MG10203VJ0047,CORRETIVA,True,2026-05-23,0.67,67,ATUALIZADA,exact
1158,2026-05-23,03-0216,MG10203VJ0060,CORRETIVA,True,2026-05-23,0.83,83,ATUALIZADA,exact
1159,2026-05-23,03-0170,MG10203VJ0063,CORRETIVA,True,2026-05-23,0.69,69,ATUALIZADA,exact
1160,2026-05-23,03-0210,MG10203VP0031,CORRETIVA,True,2026-05-23,0.69,69,ATUALIZADA,exact
1161,2026-05-23,03-0190,MG10203VJ0069,CORRETIVA,True,2026-05-23,0.74,74,ATUALIZADA,exact
1162,2026-05-23,03-0310,MG10101VL0002VL,CORRETIVA,True,2026-05-23,0.75,75,ATUALIZADA,exact
1163,2026-05-23,03-0220,MG10304VJ0022,CORRETIVA,True,2026-05-23,0.94,94,ATUALIZADA,exact
1164,2026-05-23,03-0251,MG10304VJ0020,CORRETIVA,True,2026-05-23,0.84,84,ATUALIZADA,exact
1165,2026-05-23,03-0323,MG10304VJ0021,CORRETIVA,True,2026-05-23,0.71,71,ATUALIZADA,exact
1166,2026-05-25,03-0084,CV10302VJ0011,CORRETIVA,True,2026-05-25,0.79,79,ATUALIZADA,exact
1167,2026-05-25,03-0070,CV10302VJ0016,PREVENTIVA,True,2026-05-25,0.99,99,ATUALIZADA,exact
1168,2026-05-25,03-0139,CV10302VJ0014,CORRETIVA,True,2026-05-25,0.39,39,ATUALIZADA,exact
1169,2026-05-25,03-0126,CV10202VJ0033,CORRETIVA,False,2026-05-20,,,DESATUALIZADA,exact
1170,2026-05-25,03-0105,CV10302VJ0015,CORRETIVA,True,2026-05-25,0.94,94,ATUALIZADA,exact
1171,2026-05-25,03-0107,CV10202VJ0046,CORRETIVA,True,2026-05-25,0.75,75,ATUALIZADA,exact
1172,2026-05-25,03-0113,CV10202VJ0044,CORRETIVA,False,2026-04-20,,,DESATUALIZADA,exact
1173,2026-05-25,03-0092,CV10302VJ0012,CORRETIVA,False,2026-05-21,,,DESATUALIZADA,exact
1174,2026-05-25,03-0038,CV10202VJ0030,CORRETIVA,True,2026-05-25,0.84,84,ATUALIZADA,exact
1175,2026-05-25,03-0065,CV10302VJ0013,CORRETIVA,True,2026-05-25,1,100,ATUALIZADA,exact
1176,2026-05-25,03-0122,CV10202VJ0039,CORRETIVA,True,2026-05-25,0.97,97,ATUALIZADA,exact
1177,2026-05-25,03-0207,MG10302VJ0014,CORRETIVA,True,2026-05-25,0.79,79,ATUALIZADA,exact
1178,2026-05-25,03-0290,MG10202VJ0027,CORRETIVA,True,2026-05-25,0.79,79,ATUALIZADA,exact
1179,2026-05-25,03-0147,MG10202VP0021,DESNECESSÁRIA,True,2026-05-25,0.74,74,ATUALIZADA,exact
1180,2026-05-25,03-0179,MG10202VJ0026,CORRETIVA,False,2026-05-16,,,DESATUALIZADA,exact
1181,2026-05-25,03-0235,MG10202VJ0043,CORRETIVA,False,2026-05-16,,,DESATUALIZADA,exact
1182,2026-05-25,03-0236,MG10202VJ0042,CORRETIVA,False,2026-05-17,,,DESATUALIZADA,exact
1183,2026-05-25,03-0240,MG10202VJ0031,CORRETIVA,False,2026-05-18,,,DESATUALIZADA,exact
1184,2026-05-25,03-0088,MG10101VJ0007,CORRETIVA,True,2026-05-25,1,100,ATUALIZADA,exact
1185,2026-05-25,03-0250,MG10202VJ0028,CORRETIVA,False,2026-05-18,,,DESATUALIZADA,exact
1186,2026-05-25,03-0017,MG10101VJ0012,CORRETIVA,True,2026-05-25,0.59,59,ATUALIZADA,exact
1187,2026-05-25,03-0069,MG10101VJ0004,CORRETIVA,False,2026-04-29,,,DESATUALIZADA,exact
1188,2026-05-25,03-0308,MG10202VJ0033,CORRETIVA,True,2026-05-25,0.8,80,ATUALIZADA,exact
1189,2026-05-25,03-0309,MG10202VJ0023,CORRETIVA,False,2026-05-20,,,DESATUALIZADA,exact
1190,2026-05-26,03-0066,CV10203VJ0048,DESNECESSÁRIA,True,2026-05-26,0.79,79,ATUALIZADA,exact
1191,2026-05-26,03-0011,CV10203VJ0051,DESNECESSÁRIA,True,2026-05-26,0.98,98,ATUALIZADA,exact
1192,2026-05-26,03-0100,CV10203VJ0054,DESNECESSÁRIA,True,2026-05-26,1,100,ATUALIZADA,exact
1193,2026-05-26,03-0035,CV10203VJ0061,DESNECESSÁRIA,True,2026-05-26,1,100,ATUALIZADA,exact
1194,2026-05-26,03-0098,CV10203VJ0062,CORRETIVA,True,2026-05-26,0.84,84,ATUALIZADA,exact
1195,2026-05-26,03-0083,CV10203VJ0063,DESNECESSÁRIA,True,2026-05-26,0.69,69,ATUALIZADA,exact
1196,2026-05-26,03-0050,CV10203VJ0064,DESNECESSÁRIA,True,2026-05-26,0.48,48,ATUALIZADA,exact
1197,2026-05-26,03-0036,CV10101VL0001,DESNECESSÁRIA,True,2026-05-26,0.94,94,ATUALIZADA,exact
1198,2026-05-26,03-0130,CV10102VJ0010,DESNECESSÁRIA,True,2026-05-26,1,100,ATUALIZADA,exact
1199,2026-05-26,03-0278,ST10101VJ0010,CORRETIVA,True,2026-05-26,0.79,79,ATUALIZADA,exact
1200,2026-05-26,03-0172,MG10203VJ0047,DESNECESSÁRIA,True,2026-05-26,0.64,64,ATUALIZADA,exact
1201,2026-05-26,03-0211,MG10203VJ0049,DESNECESSÁRIA,True,2026-05-26,0.38,38,ATUALIZADA,exact
1202,2026-05-26,03-0183,MG10203VJ0050,DESNECESSÁRIA,True,2026-05-26,0.79,79,ATUALIZADA,exact
1203,2026-05-26,03-0200,MG10203VJ0054,PREVENTIVA,True,2026-05-26,0.84,84,ATUALIZADA,exact
1204,2026-05-26,03-0202,MG10203VP0037,CORRETIVA,True,2026-05-26,1,100,ATUALIZADA,exact
1205,2026-05-26,03-0209,MG10203VP0036,PREVENTIVA,True,2026-05-26,1,100,ATUALIZADA,exact
1206,2026-05-26,03-0260,MG10303VP0041/42/43/44/45,CORRETIVA,True,2026-05-26,0.81,81,ATUALIZADA,exact
1207,2026-05-26,03-0228,MG10203VP0035,DESNECESSÁRIA,True,2026-05-26,0.83,83,ATUALIZADA,exact
1208,2026-05-26,03-0300,MG10203VP0032/33,DESNECESSÁRIA,True,2026-05-26,0.85,85,ATUALIZADA,exact
1209,2026-05-26,03-0297,MG10203VP0026/27,CORRETIVA,True,2026-05-26,0.84,84,ATUALIZADA,exact
1210,2026-05-27,03-0143,JT10304VJ0038,CORRETIVA,True,2026-05-27,0.96,96,ATUALIZADA,exact
1211,2026-05-27,03-0016,JT10304VJ0050,CORRETIVA,True,2026-05-27,0.89,89,ATUALIZADA,exact
1212,2026-05-27,03-0024,JT10304VJ0046,CORRETIVA,True,2026-05-27,0.73,73,ATUALIZADA,exact
1213,2026-05-27,03-0032,JT10304VJ0051,CORRETIVA,True,2026-05-27,0.89,89,ATUALIZADA,exact
1214,2026-05-27,03-0160,JT10304VP0013,CORRETIVA,False,2026-05-04,,,DESATUALIZADA,exact
1215,2026-05-27,03-0162,JT10304VP0012,CORRETIVA,False,2026-05-05,,,DESATUALIZADA,exact
1216,2026-05-27,03-0059,JT20102VJ0003,CORRETIVA,True,2026-05-27,0.86,86,ATUALIZADA,exact
1217,2026-05-27,03-0153,JT10101VP0002/03,CORRETIVA,True,2026-05-27,0.89,89,ATUALIZADA,exact
1218,2026-05-27,03-0103,JT20102VJ0001,CORRETIVA,False,2026-05-22,,,DESATUALIZADA,exact
1219,2026-05-27,03-0025,JT10304VJ0043,CORRETIVA,True,2026-05-27,0.89,89,ATUALIZADA,exact
1220,2026-05-27,03-0019,JT10304VJ0049,CORRETIVA,True,2026-05-27,0.82,82,ATUALIZADA,exact
1221,2026-05-27,03-0174,ST10202VJ0072,PREVENTIVA,True,2026-05-27,0.96,96,ATUALIZADA,exact
1222,2026-05-27,03-0282,ST10202VJ0073,CORRETIVA,True,2026-05-27,0.88,88,ATUALIZADA,exact
1223,2026-05-27,03-0252,ST10304VJ0054,CORRETIVA,True,2026-05-27,1,100,ATUALIZADA,exact
1224,2026-05-27,03-0293,ST10101VJ0023,PREVENTIVA,True,2026-05-27,1,100,ATUALIZADA,exact
1225,2026-05-27,03-0148,ST10304VJ0067,CORRETIVA,True,2026-05-27,0.94,94,ATUALIZADA,exact
1226,2026-05-27,03-0150,ST10304VJ0066,CORRETIVA,True,2026-05-27,1,100,ATUALIZADA,exact
1227,2026-05-27,03-0189,ST10304VJ0061,CORRETIVA,True,2026-05-27,0.74,74,ATUALIZADA,exact
1228,2026-05-27,03-0322,ST10304VJ0063,CORRETIVA,False,2026-05-20,,,DESATUALIZADA,exact
1229,2026-05-27,03-0329,ST10304VJ0064,CORRETIVA,True,2026-05-27,0.89,89,ATUALIZADA,exact
1230,2026-05-27,03-0245,ST10101VJ0012,CORRETIVA,True,2026-05-27,0.83,83,ATUALIZADA,exact
1231,2026-05-27,03-0267,ST10101VJ0007,CORRETIVA,True,2026-05-27,1,100,ATUALIZADA,exact
1232,2026-05-27,03-0152,ST10102VL0001,CORRETIVA,True,2026-05-27,1,100,ATUALIZADA,exact
1233,2026-05-28,03-0156,JT10302VP0004/05,CORRETIVA,True,2026-05-28,0.89,89,ATUALIZADA,exact
1234,2026-05-28,03-0304,JT10302VP0006/07,CORRETIVA,True,2026-05-28,0.78,78,ATUALIZADA,exact
1235,2026-05-28,03-0023,JT10102VJ0003,CORRETIVA,False,2026-05-25,,,DESATUALIZADA,exact
1236,2026-05-28,03-0030,JT10302VJ0015,CORRETIVA,True,2026-05-28,0.84,84,ATUALIZADA,exact
1237,2026-05-28,03-0076,JT10302VJ0057,CORRETIVA,True,2026-05-28,0.84,84,ATUALIZADA,exact
1238,2026-05-28,03-0049,JT10102VJ0001,CORRETIVA,True,2026-05-28,0.99,99,ATUALIZADA,exact
1239,2026-05-28,03-0140,JT10203VJ0053,CORRETIVA,True,2026-05-28,0.88,88,ATUALIZADA,exact
1240,2026-05-28,03-0325,MG10203VJ0056,CORRETIVA,True,2026-05-28,0.79,79,ATUALIZADA,exact
1241,2026-05-28,03-0221,MG10203VJ0062,CORRETIVA,True,2026-05-28,1,100,ATUALIZADA,exact
1242,2026-05-28,03-0146,MG10203VP0025,CORRETIVA,False,2026-05-27,,,DESATUALIZADA,exact
1243,2026-05-28,03-0256,MG10203VJ0061,CORRETIVA,True,2026-05-28,0.8,80,ATUALIZADA,exact
1244,2026-05-28,03-0265,ST10302VJ0037,CORRETIVA,True,2026-05-28,0.97,97,ATUALIZADA,exact
1245,2026-05-28,03-0168,ST10302VJ0029,CORRETIVA,True,2026-05-28,0.99,99,ATUALIZADA,exact
1246,2026-05-28,03-0173,ST10302VJ0028,CORRETIVA,True,2026-05-28,0.98,98,ATUALIZADA,exact
1247,2026-05-28,03-0192,ST10302VJ0032,CORRETIVA,False,2026-05-25,,,DESATUALIZADA,exact
1248,2026-05-28,03-0225,ST10302VJ0027,CORRETIVA,False,2026-05-25,,,DESATUALIZADA,exact
1249,2026-05-28,03-0283,ST10302VJ0034,CORRETIVA,True,2026-05-28,0.99,99,ATUALIZADA,exact
1250,2026-05-28,03-0291,ST10302VJ0024,CORRETIVA,False,2026-04-19,,,DESATUALIZADA,exact
1251,2026-05-28,03-0311,ST10101VJ0013,CORRETIVA,False,2026-05-27,,,DESATUALIZADA,exact
1252,2026-05-28,03-0195,ST10302VJ0033,CORRETIVA,True,2026-05-28,1,100,ATUALIZADA,exact
1253,2026-05-28,03-0262,ST10203VJ0075,CORRETIVA,True,2026-05-28,0.74,74,ATUALIZADA,exact
1254,2026-05-28,03-0273,ST10101VJ0005,CORRETIVA,True,2026-05-28,0.99,99,ATUALIZADA,exact
1255,2026-05-29,03-0118,CV10202VJ0045,CORRETIVA,True,2026-05-29,0.98,98,ATUALIZADA,exact
1256,2026-05-29,03-0121,CV10202VJ0040,CORRETIVA,True,2026-05-29,0.94,94,ATUALIZADA,exact
1257,2026-05-29,03-0213,CV10101VP0004,CORRETIVA,False,2026-05-26,,,DESATUALIZADA,exact
1258,2026-05-29,03-0136,CV10202VJ0031,CORRETIVA,True,2026-05-29,0.81,81,ATUALIZADA,exact
1259,2026-05-29,03-0115,CV10202VJ0037,PREVENTIVA,True,2026-05-29,0.64,64,ATUALIZADA,exact
1260,2026-05-29,03-0294,CV10202VP0012,PREVENTIVA,True,2026-05-29,0.91,91,ATUALIZADA,exact
1261,2026-05-29,03-0133,JT10303VJ0031,CORRETIVA,False,2026-04-10,,,DESATUALIZADA,exact
1262,2026-05-29,03-0165,JT10303VP0008/09,CORRETIVA,True,2026-05-29,0,0,ATUALIZADA,exact
1263,2026-05-29,03-0053,JT10303VJ0034,CORRETIVA,True,2026-05-29,0.88,88,ATUALIZADA,exact
1264,2026-05-29,03-0075,MG10101VJ0010,CORRETIVA,True,2026-05-29,0.84,84,ATUALIZADA,exact
1265,2026-05-29,03-0180,MG10202VJ0037,CORRETIVA,True,2026-05-29,0.94,94,ATUALIZADA,exact
1266,2026-05-29,03-0204,MG10202VP0001/02/03,CORRETIVA,True,2026-05-29,0.79,79,ATUALIZADA,exact
1267,2026-05-29,03-0312,MG10202VJ0024,CORRETIVA,True,2026-05-29,0.89,89,ATUALIZADA,exact
1268,2026-05-29,03-0327,MG10202VP0010/11/12,CORRETIVA,True,2026-05-29,0.79,79,ATUALIZADA,exact
1269,2026-05-29,03-0330,MG10202VP0004/05,CORRETIVA,True,2026-05-29,0.78,78,ATUALIZADA,exact
1270,2026-05-29,03-0072,MG10101VJ0011,PREVENTIVA,True,2026-05-29,0.89,89,ATUALIZADA,exact
1271,2026-05-29,03-0119,MG10101VJ0003,PREVENTIVA,True,2026-05-29,0.74,74,ATUALIZADA,exact
1272,2026-05-29,03-0246,ST10303VJ0050,CORRETIVA,True,2026-05-29,1,100,ATUALIZADA,exact
1273,2026-05-29,03-0187,ST10303VJ0053,CORRETIVA,True,2026-05-29,0.84,84,ATUALIZADA,exact
1274,2026-05-29,03-0232,ST10303VJ0042,CORRETIVA,True,2026-05-29,0.94,94,ATUALIZADA,exact
1275,2026-05-29,03-0270,ST10101VJ0009,CORRETIVA,True,2026-05-29,1,100,ATUALIZADA,exact
1276,2026-05-29,03-0302,ST10101VJ0006,CORRETIVA,False,2026-05-28,,,DESATUALIZADA,exact
1277,2026-05-30,03-0015,CV10203VJ0057,CORRETIVA,True,2026-05-30,0.89,89,ATUALIZADA,exact
1278,2026-05-30,03-0034,CV10203VJ0059,CORRETIVA,True,2026-05-30,0.94,94,ATUALIZADA,exact
1279,2026-05-30,03-0112,CV10101VJ0006,CORRETIVA,True,2026-05-30,0.66,66,ATUALIZADA,exact
1280,2026-05-30,03-0007,JT10304VJ0048,PREVENTIVA,True,2026-05-30,0,0,ATUALIZADA,exact
1281,2026-05-30,03-0054,JT10304VJ0040,CORRETIVA,True,2026-05-30,0.62,62,ATUALIZADA,exact
1282,2026-05-30,03-0104,JT10304VJ0045,CORRETIVA,True,2026-05-30,0.74,74,ATUALIZADA,exact
1283,2026-05-30,03-0004,JT10304VJ0059,CORRETIVA,True,2026-05-30,0.84,84,ATUALIZADA,exact
1284,2026-05-30,03-0027,JT10304VJ0052,CORRETIVA,False,2026-05-20,,,DESATUALIZADA,exact
1285,2026-05-30,03-0051,JT10304VJ0041,CORRETIVA,True,2026-05-30,0.33,33,ATUALIZADA,exact
1286,2026-05-30,03-0091,JT10304VJ0044,CORRETIVA,True,2026-05-30,0.74,74,ATUALIZADA,exact
1287,2026-05-30,03-0274,MG10203VJ0070,PREVENTIVA,True,2026-05-30,0.89,89,ATUALIZADA,exact
1288,2026-05-30,03-0154,MG10203VJ0058,PREVENTIVA,True,2026-05-30,0.86,86,ATUALIZADA,exact
1289,2026-05-30,03-0149,MG10203VP0030,CORRETIVA,True,2026-05-30,0.83,83,ATUALIZADA,exact
1290,2026-05-30,03-0188,MG10203VJ0052,CORRETIVA,True,2026-05-30,0.76,76,ATUALIZADA,exact
1291,2026-05-30,03-0205,ST10304VJ0058,PREVENTIVA,True,2026-05-30,0.79,79,ATUALIZADA,exact
1292,2026-05-30,03-0313,ST10101VJ0016,CORRETIVA,True,2026-05-30,0.79,79,ATUALIZADA,exact
1293,2026-05-30,03-0186,ST10304VJ0068,CORRETIVA,True,2026-05-30,0.75,75,ATUALIZADA,exact
1294,2026-05-30,03-0298,ST10304VJ0057,CORRETIVA,True,2026-05-30,0.74,74,ATUALIZADA,exact
1295,2026-05-30,03-0299,ST10304VJ0055,CORRETIVA,True,2026-05-30,0.92,92,ATUALIZADA,exact
1296,2026-05-30,03-0326,ST10304VJ0062,CORRETIVA,True,2026-05-30,0.64,64,ATUALIZADA,exact
1297,2026-05-30,03-0328,ST10304VJ0065,CORRETIVA,False,2026-05-05,,,DESATUALIZADA,exact
1298,2026-05-30,03-0196,ST10101VJ0014,CORRETIVA,False,2026-05-08,,,DESATUALIZADA,exact
1299,2026-06-01,03-0114,CV10202VJ0043,CORRETIVA,False,2026-05-29,,,DESATUALIZADA,exact
1300,2026-06-01,03-0056,CV10202VJ0032,CORRETIVA,True,2026-06-01,1,100,ATUALIZADA,exact
1301,2026-06-01,03-0108,CV10202VJ0042,CORRETIVA,False,2026-05-25,,,DESATUALIZADA,exact
1302,2026-06-01,03-0305,CV10101VP0005/11,CORRETIVA,False,2026-05-23,,,DESATUALIZADA,exact
1303,2026-06-01,03-0065,CV10302VJ0013,CORRETIVA,True,2026-06-01,0.49,49,ATUALIZADA,exact
1304,2026-06-01,03-0092,CV10302VJ0012,CORRETIVA,False,2026-05-21,,,DESATUALIZADA,exact
1305,2026-06-01,03-0158,CV10202VP0009/14,CORRETIVA,True,2026-06-01,1,100,ATUALIZADA,exact
1306,2026-06-01,03-0296,CV10202VP0010/16,CORRETIVA,False,2026-05-27,,,DESATUALIZADA,exact
1307,2026-06-01,03-0059,JT20102VJ0003,CORRETIVA,True,2026-06-01,0.88,88,ATUALIZADA,exact
1308,2026-06-01,03-0103,JT20102VJ0001,CORRETIVA,True,2026-06-01,0.79,79,ATUALIZADA,exact
1309,2026-06-01,03-0249,MG10202VJ0044,CORRETIVA,True,2026-06-01,0.7,70,ATUALIZADA,exact
1310,2026-06-01,03-0178,MG10202VJ0036,CORRETIVA,False,2026-05-28,,,DESATUALIZADA,exact
1311,2026-06-01,03-0319,MG10202VJ0035,CORRETIVA,True,2026-06-01,0.69,69,ATUALIZADA,exact
1312,2026-06-01,03-0259,MG10302VP0038/39/40,CORRETIVA,True,2026-06-01,0.69,69,ATUALIZADA,exact
1313,2026-06-01,03-0009,MG10101VJ0009,CORRETIVA,False,2026-05-22,,,DESATUALIZADA,exact
1314,2026-06-01,03-0224,MG10202VP0017/18/19/20,CORRETIVA,True,2026-06-01,0.89,89,ATUALIZADA,exact
1315,2026-06-01,03-0235,MG10202VJ0043,CORRETIVA,False,2026-05-20,,,DESATUALIZADA,exact
1316,2026-06-01,03-0236,MG10202VJ0042,CORRETIVA,False,2026-05-28,,,DESATUALIZADA,exact
1317,2026-06-01,03-0240,MG10202VJ0031,CORRETIVA,False,2026-05-29,,,DESATUALIZADA,exact
1318,2026-06-01,03-0250,MG10202VJ0028,CORRETIVA,False,2026-05-28,,,DESATUALIZADA,exact
1319,2026-06-01,03-0266,ST10302VJ0036,PREVENTIVA,True,2026-06-01,0.94,94,ATUALIZADA,exact
1320,2026-06-01,03-0222,ST10302VJ0025,CORRETIVA,True,2026-06-01,0.69,69,ATUALIZADA,exact
1321,2026-06-01,03-0320,ST10302VJ0026,CORRETIVA,False,2026-05-27,,,DESATUALIZADA,exact
1322,2026-06-02,03-0071,CV10203VJ0050,PREVENTIVA,True,2026-06-02,0.79,79,ATUALIZADA,exact
1323,2026-06-02,03-0116,CV10303VJ0022,CORRETIVA,True,2026-06-02,0.89,89,ATUALIZADA,exact
1324,2026-06-02,03-0055,CV10101VJ0001,CORRETIVA,False,2026-05-30,,,DESATUALIZADA,exact
1325,2026-06-02,03-0073,CV10303VJ0017,CORRETIVA,True,2026-06-02,1,100,ATUALIZADA,exact
1326,2026-06-02,03-0131,CV10303VJ0020,CORRETIVA,True,2026-06-02,0.74,74,ATUALIZADA,exact
1327,2026-06-02,03-0081,JT10303VJ0027,CORRETIVA,True,2026-06-02,0.99,99,ATUALIZADA,exact
1328,2026-06-02,03-0090,JT10303VJ0032,CORRETIVA,False,2026-05-26,,,DESATUALIZADA,exact
1329,2026-06-02,03-0128,JT10303VJ0030,CORRETIVA,False,2026-05-29,,,DESATUALIZADA,exact
1330,2026-06-02,03-0043,JT10303VJ0029,CORRETIVA,False,2026-05-29,,,DESATUALIZADA,exact
1331,2026-06-02,03-0080,JT10101VJ0004,PREVENTIVA,True,2026-06-02,0.89,89,ATUALIZADA,exact
1332,2026-06-02,03-0111,JT10303VJ0058,CORRETIVA,False,2026-05-29,,,DESATUALIZADA,exact
1333,2026-06-02,03-0137,JT10303VJ0021,CORRETIVA,True,2026-06-02,0.84,84,ATUALIZADA,exact
1334,2026-06-02,03-0276,MG10203VJ0067,CORRETIVA,True,2026-06-02,0.94,94,ATUALIZADA,exact
1335,2026-06-02,03-0214,MG10303VJ0019,CORRETIVA,True,2026-06-02,1,100,ATUALIZADA,exact
1336,2026-06-02,03-0197,MG10203VJ0065,PREVENTIVA,True,2026-06-02,0.89,89,ATUALIZADA,exact
1337,2026-06-02,03-0191,MG10203VJ0059,CORRETIVA,True,2026-06-02,0.77,77,ATUALIZADA,exact
1338,2026-06-02,03-0219,MG10203VJ0064,CORRETIVA,True,2026-06-02,0.84,84,ATUALIZADA,exact
1339,2026-06-02,03-0194,ST10303VJ0043,PREVENTIVA,True,2026-06-02,0.78,78,ATUALIZADA,exact
1340,2026-06-02,03-0287,ST10303VJ0041,CORRETIVA,True,2026-06-02,0.74,74,ATUALIZADA,exact
1341,2026-06-02,03-0193,ST10101VJ0011,CORRETIVA,True,2026-06-02,1,100,ATUALIZADA,exact
1342,2026-06-02,03-0288,ST10101VJ0002,CORRETIVA,True,2026-06-02,0.99,99,ATUALIZADA,exact
1343,2026-06-02,03-0264,ST10203VJ0076,CORRETIVA,True,2026-06-02,1,100,ATUALIZADA,exact
1344,2026-06-02,03-0285,ST10203VJ0077,CORRETIVA,False,2026-05-28,,,DESATUALIZADA,exact
1345,2026-06-03,03-0077,CV10202VJ0034,PREVENTIVA,True,2026-06-03,0.04,4,ATUALIZADA,exact
1346,2026-06-03,03-0003,CV10304VJ0025,CORRETIVA,True,2026-06-03,1,100,ATUALIZADA,exact
1347,2026-06-03,03-0082,CV10202VJ0029,CORRETIVA,False,2026-05-25,,,DESATUALIZADA,exact
1348,2026-06-03,03-0010,CV10304VJ0027,CORRETIVA,True,2026-06-03,0.84,84,ATUALIZADA,exact
1349,2026-06-03,03-0020,CV10304VJ0026,CORRETIVA,True,2026-06-03,0.61,61,ATUALIZADA,exact
1350,2026-06-03,03-0044,CV10304VJ0023,CORRETIVA,True,2026-06-03,0.79,79,ATUALIZADA,exact
1351,2026-06-03,03-0062,CV10304VJ0024,CORRETIVA,False,2026-05-23,,,DESATUALIZADA,exact
1352,2026-06-03,03-0038,CV10202VJ0030,CORRETIVA,True,2026-06-03,0.94,94,ATUALIZADA,exact
1353,2026-06-03,03-0107,CV10202VJ0046,CORRETIVA,True,2026-06-03,0,0,ATUALIZADA,exact
1354,2026-06-03,03-0122,CV10202VJ0039,CORRETIVA,True,2026-06-03,0.94,94,ATUALIZADA,exact
1355,2026-06-03,03-0033,JT20102VJ0002,CORRETIVA,True,2026-06-03,0.89,89,ATUALIZADA,exact
1356,2026-06-03,03-0127,JT10304VJ0039,CORRETIVA,True,2026-06-03,0.84,84,ATUALIZADA,exact
1357,2026-06-03,03-0241,MG10202VJ0046,PREVENTIVA,True,2026-06-03,0.79,79,ATUALIZADA,exact
1358,2026-06-03,03-0157,MG10202VP0013/14,CORRETIVA,True,2026-06-03,0.89,89,ATUALIZADA,exact
1359,2026-06-03,03-0234,MG10202VJ0041,CORRETIVA,True,2026-06-03,0.23,23,ATUALIZADA,exact
1360,2026-06-03,03-0269,MG10202VJ0039,CORRETIVA,True,2026-06-03,0.84,84,ATUALIZADA,exact
1361,2026-06-03,03-0307,MG10202VJ0034,CORRETIVA,True,2026-06-03,0.94,94,ATUALIZADA,exact
1362,2026-06-03,03-0006,MG10101VJ0006,CORRETIVA,True,2026-06-03,0.79,79,ATUALIZADA,exact
1363,2026-06-03,03-0220,MG10304VJ0022,CORRETIVA,True,2026-06-03,0.99,99,ATUALIZADA,exact
1364,2026-06-03,03-0251,MG10304VJ0020,CORRETIVA,True,2026-06-03,0.69,69,ATUALIZADA,exact
1365,2026-06-03,03-0179,MG10202VJ0026,CORRETIVA,True,2026-06-03,0.69,69,ATUALIZADA,exact
1366,2026-06-03,03-0290,MG10202VJ0027,CORRETIVA,True,2026-06-03,1,100,ATUALIZADA,exact
1367,2026-06-03,03-0286,ST10202VJ0074,PREVENTIVA,True,2026-06-03,0.79,79,ATUALIZADA,exact
1368,2026-06-03,03-0271,ST10101VJ0017,CORRETIVA,True,2026-06-03,0.88,88,ATUALIZADA,exact
1369,2026-06-05,03-0231,CV10101VP0006/07/08,PREVENTIVA,True,2026-06-05,0.94,94,ATUALIZADA,exact
1370,2026-06-05,03-0126,CV10202VJ0033,CORRETIVA,True,2026-06-05,0.83,83,ATUALIZADA,exact
1371,2026-06-05,03-0130,CV10102VJ0010,CORRETIVA,True,2026-06-05,0.83,83,ATUALIZADA,exact
1372,2026-06-05,03-0213,CV10101VP0004,CORRETIVA,False,2026-05-26,,,DESATUALIZADA,exact
1373,2026-06-05,03-0305,CV10101VP0005/11,CORRETIVA,False,2026-05-30,,,DESATUALIZADA,exact
1374,2026-06-05,03-0108,CV10202VJ0042,CORRETIVA,False,2026-05-25,,,DESATUALIZADA,exact
1375,2026-06-05,03-0026,JT10101VL0001,PREVENTIVA,True,2026-06-05,0.84,84,ATUALIZADA,exact
1376,2026-06-05,03-0086,JT10101VL0002,PREVENTIVA,True,2026-06-05,0,0,ATUALIZADA,exact
1377,2026-06-05,03-0023,JT10102VJ0003,CORRETIVA,False,2026-05-25,,,DESATUALIZADA,exact
1378,2026-06-05,03-0053,JT10303VJ0034,CORRETIVA,True,2026-06-05,0.84,84,ATUALIZADA,exact
1379,2026-06-05,03-0133,JT10303VJ0031,CORRETIVA,True,2026-06-05,1,100,ATUALIZADA,exact
1380,2026-06-05,03-0165,JT10303VP0008/09,CORRETIVA,True,2026-06-05,0,0,ATUALIZADA,exact
1381,2026-06-05,03-0218,MG10303VJ0017,CORRETIVA,True,2026-06-05,0.91,91,ATUALIZADA,exact
1382,2026-06-05,03-0182,MG10101VL0001,PREVENTIVA,True,2026-06-05,0.86,86,ATUALIZADA,exact
1383,2026-06-05,03-0243,MG10202VJ0040,PREVENTIVA,True,2026-06-05,0.94,94,ATUALIZADA,exact
1384,2026-06-05,03-0260,MG10303VP0041/42/43/44/45,CORRETIVA,True,2026-06-05,0.98,98,ATUALIZADA,exact
1385,2026-06-05,03-0327,MG10202VP0010/11/12,CORRETIVA,True,2026-06-05,0.94,94,ATUALIZADA,exact
1386,2026-06-05,03-0278,ST10101VJ0010,DESNECESSÁRIA,True,2026-06-05,0.79,79,ATUALIZADA,exact
1387,2026-06-05,03-0255,ST20102VL0001,DESNECESSÁRIA,True,2026-06-05,0.44,44,ATUALIZADA,exact
1388,2026-06-05,03-0273,ST10101VJ0005,DESNECESSÁRIA,True,2026-06-05,0.89,89,ATUALIZADA,exact
1389,2026-06-05,03-0196,ST10101VJ0014,CORRETIVA,False,2026-05-08,,,DESATUALIZADA,exact
1390,2026-06-06,03-0060,CV10101VJ0002,PREVENTIVA,True,2026-06-06,0.89,89,ATUALIZADA,exact
1391,2026-06-06,03-0101,CV10101VJ0004,PREVENTIVA,True,2026-06-06,0.29,29,ATUALIZADA,exact
1392,2026-06-06,03-0145,CV10203VP0019,CORRETIVA,True,2026-06-06,1,100,ATUALIZADA,exact
1393,2026-06-06,03-0125,CV10304VJ0028,PREVENTIVA,True,2026-06-06,0.89,89,ATUALIZADA,exact
1394,2026-06-06,03-0306,CV10203VP0018/23,CORRETIVA,True,2026-06-06,0.78,78,ATUALIZADA,exact
1395,2026-06-06,03-0046,JT10203VJ0055,CORRETIVA,True,2026-06-06,0.71,71,ATUALIZADA,exact
1396,2026-06-06,03-0138,JT10102VJ0002,PREVENTIVA,True,2026-06-06,0.72,72,ATUALIZADA,exact
1397,2026-06-06,03-0095,JT10304VJ0042,CORRETIVA,True,2026-06-06,0.69,69,ATUALIZADA,exact
1398,2026-06-06,03-0171,MG10203VJ0048,PREVENTIVA,True,2026-06-06,0.85,85,ATUALIZADA,exact
1399,2026-06-06,03-0257,MG10203VP0034,CORRETIVA,True,2026-06-06,0.72,72,ATUALIZADA,exact
1400,2026-06-06,03-0292,MG10203VP0028/29,CORRETIVA,False,2026-05-26,,,DESATUALIZADA,exact
1401,2026-06-06,03-0216,MG10203VJ0060,CORRETIVA,True,2026-06-06,0.83,83,ATUALIZADA,exact
1402,2026-06-06,03-0202,MG10203VP0037,CORRETIVA,True,2026-06-06,0.72,72,ATUALIZADA,exact
1403,2026-06-06,03-0211,MG10203VJ0049,CORRETIVA,True,2026-06-06,0.84,84,ATUALIZADA,exact
1404,2026-06-06,03-0297,MG10203VP0026/27,CORRETIVA,True,2026-06-06,0.77,77,ATUALIZADA,exact
1405,2026-06-06,03-0272,ST10101VJ0001,PREVENTIVA,True,2026-06-06,0.79,79,ATUALIZADA,exact
1406,2026-06-06,03-0244,ST10101VJ0015,PREVENTIVA,True,2026-06-06,0.89,89,ATUALIZADA,exact
1407,2026-06-06,03-0316,ST10203VJ0080,CORRETIVA,True,2026-06-06,0.81,81,ATUALIZADA,exact
1408,2026-06-06,03-0321,ST10203VJ0079,PREVENTIVA,True,2026-06-06,0.98,98,ATUALIZADA,exact
1409,2026-06-06,03-0253,ST10101VJ0022,CORRETIVA,True,2026-06-06,0.64,64,ATUALIZADA,exact
1410,2026-06-06,03-0303,ST10101VJ0003,PREVENTIVA,True,2026-06-06,1,100,ATUALIZADA,exact
1411,2026-06-08,03-0065,CV10302VJ0013,CORRETIVA,False,2026-06-01,,,DESATUALIZADA,exact
1412,2026-06-08,03-0077,CV10202VJ0034,CORRETIVA,True,2026-06-08,0.94,94,ATUALIZADA,exact
1413,2026-06-08,03-0085,CV10202VJ0036,PREVENTIVA,True,2026-06-08,0.94,94,ATUALIZADA,exact
1414,2026-06-08,03-0092,CV10302VJ0012,CORRETIVA,True,2026-06-08,0.65,65,ATUALIZADA,exact
1415,2026-06-08,03-0097,CV10202VJ0035,PREVENTIVA,True,2026-06-08,0.89,89,ATUALIZADA,exact
1416,2026-06-08,03-0107,CV10202VJ0046,CORRETIVA,True,2026-06-08,0.84,84,ATUALIZADA,exact
1417,2026-06-08,03-0108,CV10202VJ0042,CORRETIVA,True,2026-06-08,1,100,ATUALIZADA,exact
1418,2026-06-08,03-0114,CV10202VJ0043,CORRETIVA,True,2026-06-08,0.94,94,ATUALIZADA,exact
1419,2026-06-08,03-0115,CV10202VJ0037,CORRETIVA,True,2026-06-08,0.89,89,ATUALIZADA,exact
1420,2026-06-08,03-0132,CV10202VJ0038,PREVENTIVA,True,2026-06-08,0.94,94,ATUALIZADA,exact
1421,2026-06-08,03-0052,JT10302VJ0006,CORRETIVA,True,2026-06-08,0.84,84,ATUALIZADA,exact
1422,2026-06-08,03-0076,JT10302VJ0057,CORRETIVA,True,2026-06-08,0.84,84,ATUALIZADA,exact
1423,2026-06-08,03-0059,JT20102VJ0003,CORRETIVA,True,2026-06-08,0.89,89,ATUALIZADA,exact
1424,2026-06-08,03-0103,JT20102VJ0001,CORRETIVA,False,2026-06-05,,,DESATUALIZADA,exact
1425,2026-06-08,03-0164,MG10202VP0022/23,PREVENTIVA,True,2026-06-08,0.85,85,ATUALIZADA,exact
1426,2026-06-08,03-0178,MG10202VJ0036,CORRETIVA,True,2026-06-08,0.54,54,ATUALIZADA,exact
1427,2026-06-08,03-0181,MG10202VJ0025,PREVENTIVA,True,2026-06-08,0.99,99,ATUALIZADA,exact
1428,2026-06-08,03-0234,MG10202VJ0041,CORRETIVA,True,2026-06-08,0.8,80,ATUALIZADA,exact
1429,2026-06-08,03-0235,MG10202VJ0043,CORRETIVA,False,2026-05-30,,,DESATUALIZADA,exact
1430,2026-06-08,03-0236,MG10202VJ0042,CORRETIVA,False,2026-06-06,,,DESATUALIZADA,exact
1431,2026-06-08,03-0240,MG10202VJ0031,CORRETIVA,False,2026-06-01,,,DESATUALIZADA,exact
1432,2026-06-08,03-0250,MG10202VJ0028,CORRETIVA,False,2026-06-04,,,DESATUALIZADA,exact
1433,2026-06-08,03-0168,ST10302VJ0029,CORRETIVA,True,2026-06-08,0.94,94,ATUALIZADA,exact
1434,2026-06-08,03-0173,ST10302VJ0028,PREVENTIVA,True,2026-06-08,0.64,64,ATUALIZADA,exact
1435,2026-06-09,03-0064,CV10101VJ0003,PREVENTIVA,True,2026-06-09,1,100,ATUALIZADA,exact
1436,2026-06-09,03-0061,CV10303VJ0019,PREVENTIVA,False,2026-06-08,,,DESATUALIZADA,exact
1437,2026-06-09,03-0066,CV10203VJ0048,CORRETIVA,True,2026-06-09,0.99,99,ATUALIZADA,exact
1438,2026-06-09,03-0159,JT10303VP0010/11,CORRETIVA,True,2026-06-09,0.5,50,ATUALIZADA,exact
1439,2026-06-09,03-0001,JT10303VJ0035,CORRETIVA,True,2026-06-09,1,100,ATUALIZADA,exact
1440,2026-06-09,03-0043,JT10303VJ0029,CORRETIVA,True,2026-06-09,0.53,53,ATUALIZADA,exact
1441,2026-06-09,03-0090,JT10303VJ0032,CORRETIVA,False,2026-05-26,,,DESATUALIZADA,exact
1442,2026-06-09,03-0111,JT10303VJ0058,CORRETIVA,True,2026-06-09,0.59,59,ATUALIZADA,exact
1443,2026-06-09,03-0128,JT10303VJ0030,CORRETIVA,False,2026-06-08,,,DESATUALIZADA,exact
1444,2026-06-09,03-0137,JT10303VJ0021,CORRETIVA,False,2026-06-07,,,DESATUALIZADA,exact
1445,2026-06-09,03-0198,MG10203VJ0055,CORRETIVA,True,2026-06-09,1,100,ATUALIZADA,exact
1446,2026-06-09,03-0087,MG10101VJ0005,CORRETIVA,False,2026-06-03,,,DESATUALIZADA,exact
1447,2026-06-09,03-0146,MG10203VP0025,CORRETIVA,False,2026-06-07,,,DESATUALIZADA,exact
1448,2026-06-09,03-0256,MG10203VJ0061,CORRETIVA,True,2026-06-09,0.84,84,ATUALIZADA,exact
1449,2026-06-09,03-0191,MG10203VJ0059,CORRETIVA,True,2026-06-09,0.79,79,ATUALIZADA,exact
1450,2026-06-09,03-0277,ST10101VJ0020,CORRETIVA,True,2026-06-09,0.99,99,ATUALIZADA,exact
1451,2026-06-09,03-0275,ST10101VJ0021,PREVENTIVA,True,2026-06-09,0.86,86,ATUALIZADA,exact
1452,2026-06-09,03-0167,ST10303VJ0046,CORRETIVA,True,2026-06-09,0.74,74,ATUALIZADA,exact
1453,2026-06-09,03-0185,ST10303VJ0052,CORRETIVA,True,2026-06-09,0.6,60,ATUALIZADA,exact
1454,2026-06-09,03-0203,ST10303VJ0051,CORRETIVA,True,2026-06-09,1,100,ATUALIZADA,exact
1455,2026-06-09,03-0281,ST10303VJ0047,CORRETIVA,False,2026-06-04,,,DESATUALIZADA,exact
1456,2026-06-09,03-0289,ST10303VJ0040,CORRETIVA,True,2026-06-09,0.79,79,ATUALIZADA,exact
1457,2026-06-09,03-0302,ST10101VJ0006,PREVENTIVA,True,2026-06-09,0.99,99,ATUALIZADA,exact
1458,2026-06-10,03-0136,CV10202VJ0031,CORRETIVA,True,2026-06-10,0.85,85,ATUALIZADA,exact
1459,2026-06-10,03-0056,CV10202VJ0032,CORRETIVA,True,2026-06-10,0.84,84,ATUALIZADA,exact
1460,2026-06-10,03-0025,JT10304VJ0043,CORRETIVA,True,2026-06-10,0.39,39,ATUALIZADA,exact
1461,2026-06-10,03-0019,JT10304VJ0049,CORRETIVA,True,2026-06-10,0.74,74,ATUALIZADA,exact
1462,2026-06-10,03-0032,JT10304VJ0051,CORRETIVA,False,2026-06-03,,,DESATUALIZADA,exact
1463,2026-06-10,03-0254,MG10202VP0006/07/08/09,PREVENTIVA,True,2026-06-10,0.94,94,ATUALIZADA,exact
1464,2026-06-10,03-0318,MG10202VP0015/16,CORRETIVA,True,2026-06-10,0.78,78,ATUALIZADA,exact
1465,2026-06-10,03-0268,MG10202VJ0038,CORRETIVA,True,2026-06-10,0.89,89,ATUALIZADA,exact
1466,2026-06-10,03-0239,MG10202VJ0030,PREVENTIVA,True,2026-06-10,0.04,4,ATUALIZADA,exact
1467,2026-06-10,03-0242,MG10202VJ0045,CORRETIVA,True,2026-06-10,0.89,89,ATUALIZADA,exact
1468,2026-06-10,03-0308,MG10202VJ0033,CORRETIVA,False,2026-06-08,,,DESATUALIZADA,exact
1469,2026-06-10,03-0309,MG10202VJ0023,CORRETIVA,True,2026-06-10,0.89,89,ATUALIZADA,exact
1470,2026-06-10,03-0312,MG10202VJ0024,CORRETIVA,True,2026-06-10,0.97,97,ATUALIZADA,exact
1471,2026-06-10,03-0175,ST10202VJ0071,PREVENTIVA,True,2026-06-10,0.99,99,ATUALIZADA,exact
1472,2026-06-10,03-0148,ST10304VJ0067,CORRETIVA,True,2026-06-10,0.44,44,ATUALIZADA,exact
1473,2026-06-10,03-0150,ST10304VJ0066,CORRETIVA,True,2026-06-10,1,100,ATUALIZADA,exact
1474,2026-06-10,03-0189,ST10304VJ0061,CORRETIVA,True,2026-06-10,1,100,ATUALIZADA,exact
1475,2026-06-10,03-0245,ST10101VJ0012,CORRETIVA,False,2026-06-07,,,DESATUALIZADA,exact
1476,2026-06-10,03-0322,ST10304VJ0063,CORRETIVA,False,2026-05-20,,,DESATUALIZADA,exact
1477,2026-06-10,03-0186,ST10304VJ0068,CORRETIVA,False,2026-06-07,,,DESATUALIZADA,exact
1478,2026-06-10,03-0298,ST10304VJ0057,CORRETIVA,True,2026-06-10,0.94,94,ATUALIZADA,exact
1479,2026-06-10,03-0299,ST10304VJ0055,CORRETIVA,True,2026-06-10,0.79,79,ATUALIZADA,exact
1480,2026-06-10,03-0326,ST10304VJ0062,CORRETIVA,True,2026-06-10,0.94,94,ATUALIZADA,exact
1481,2026-06-11,03-0139,CV10302VJ0014,CORRETIVA,True,2026-06-11,0.83,83,ATUALIZADA,exact
1482,2026-06-11,03-0068,JT10302VJ0007,CORRETIVA,True,2026-06-11,0.89,89,ATUALIZADA,exact
1483,2026-06-11,03-0058,JT10302VJ0019,CORRETIVA,False,2026-06-09,,,DESATUALIZADA,exact
1484,2026-06-11,03-0093,JT10302VJ0017,CORRETIVA,True,2026-06-11,0.78,78,ATUALIZADA,exact
1485,2026-06-11,03-0109,JT10302VJ0020,CORRETIVA,True,2026-06-11,0.89,89,ATUALIZADA,exact
1486,2026-06-11,03-0161,JT10101VP0001,PREVENTIVA,True,2026-06-11,0.94,94,ATUALIZADA,exact
1487,2026-06-11,03-0304,JT10302VP0006/07,CORRETIVA,True,2026-06-11,1,100,ATUALIZADA,exact
1488,2026-06-11,03-0279,MG10302VJ0016,PREVENTIVA,True,2026-06-11,0.85,85,ATUALIZADA,exact
1489,2026-06-11,03-0172,MG10203VJ0047,CORRETIVA,True,2026-06-11,0.79,79,ATUALIZADA,exact
1490,2026-06-11,03-0221,MG10203VJ0062,CORRETIVA,True,2026-06-11,0.79,79,ATUALIZADA,exact
1491,2026-06-11,03-0188,MG10203VJ0052,CORRETIVA,True,2026-06-11,0.89,89,ATUALIZADA,exact
1492,2026-06-11,03-0206,ST10302VJ0031,PREVENTIVA,True,2026-06-11,0,0,ATUALIZADA,exact
1493,2026-06-11,03-0227,ST10302VJ0038,CORRETIVA,True,2026-06-11,0.69,69,ATUALIZADA,exact
1494,2026-06-11,03-0263,ST10203VJ0078,CORRETIVA,True,2026-06-11,0.74,74,ATUALIZADA,exact
1495,2026-06-11,03-0192,ST10302VJ0032,CORRETIVA,False,2026-06-08,,,DESATUALIZADA,exact
1496,2026-06-11,03-0195,ST10302VJ0033,CORRETIVA,True,2026-06-11,0.86,86,ATUALIZADA,exact
1497,2026-06-11,03-0225,ST10302VJ0027,CORRETIVA,False,2026-06-09,,,DESATUALIZADA,exact
1498,2026-06-11,03-0262,ST10203VJ0075,CORRETIVA,True,2026-06-11,0.89,89,ATUALIZADA,exact
1499,2026-06-11,03-0313,ST10101VJ0016,CORRETIVA,True,2026-06-11,0.73,73,ATUALIZADA,exact
1500,2026-06-11,03-0222,ST10302VJ0025,CORRETIVA,True,2026-06-11,0.89,89,ATUALIZADA,exact
1501,2026-06-12,03-0112,CV10101VJ0006,PREVENTIVA,True,2026-06-12,0.89,89,ATUALIZADA,exact
1502,2026-06-12,03-0296,CV10202VP0010/16,CORRETIVA,True,2026-06-12,0.99,99,ATUALIZADA,exact
1503,2026-06-12,03-0073,CV10303VJ0017,CORRETIVA,False,2026-06-09,,,DESATUALIZADA,exact
1504,2026-06-12,03-0131,CV10303VJ0020,CORRETIVA,False,2026-06-09,,,DESATUALIZADA,exact
1505,2026-06-12,03-0082,CV10202VJ0029,CORRETIVA,False,2026-06-08,,,DESATUALIZADA,exact
1506,2026-06-12,03-0229,CV10202VP0015,CORRETIVA,False,2026-06-10,,,DESATUALIZADA,exact
1507,2026-06-12,03-0094,JT10303VJ0024,CORRETIVA,True,2026-06-12,0.79,79,ATUALIZADA,exact
1508,2026-06-12,03-0049,JT10102VJ0001,CORRETIVA,False,2026-06-10,,,DESATUALIZADA,exact
1509,2026-06-12,03-0315,MG10202VJ0029,PREVENTIVA,True,2026-06-12,0.82,82,ATUALIZADA,exact
1510,2026-06-12,03-0310,MG10101VL0002,PREVENTIVA,True,2026-06-12,0.89,89,ATUALIZADA,exact
1511,2026-06-12,03-0047,MG10101VJ0002,PREVENTIVA,True,2026-06-12,1,100,ATUALIZADA,exact
1512,2026-06-12,03-0017,MG10101VJ0012,PREVENTIVA,True,2026-06-12,0.94,94,ATUALIZADA,exact
1513,2026-06-12,03-0224,MG10202VP0017/18/19/20,CORRETIVA,True,2026-06-12,1,100,ATUALIZADA,exact
1514,2026-06-12,03-0319,MG10202VJ0035,CORRETIVA,True,2026-06-12,0.95,95,ATUALIZADA,exact
1515,2026-06-12,03-0214,MG10303VJ0019,CORRETIVA,True,2026-06-12,0.99,99,ATUALIZADA,exact
1516,2026-06-12,03-0157,MG10202VP0013/14,CORRETIVA,True,2026-06-12,0.74,74,ATUALIZADA,exact
1517,2026-06-12,03-0295,ST10101VJ0018,PREVENTIVA,True,2026-06-12,1,100,ATUALIZADA,exact
1518,2026-06-12,03-0284,ST10101VJ0004,PREVENTIVA,True,2026-06-12,1,100,ATUALIZADA,exact
1519,2026-06-12,03-0144,ST10101VJ0019,PREVENTIVA,True,2026-06-12,0,0,ATUALIZADA,exact
1520,2026-06-12,03-0226,ST10303VJ0039,CORRETIVA,True,2026-06-12,0.99,99,ATUALIZADA,exact
