id,modulo_selimp,setor,status,tipo_troca,data_agendada,sucesso,percentual_entrada,data_troca,ultima_comunicacao,bateria_antes_raw,bateria_antes_percentual,status_bateria_antes,bateria_depois_percentual,status_sinal_depois,created_at,data_primeiro_agendamento
401,03-0046,JT10203VJ0055,concluida,CORRETIVA,,true,,Thu Dec 18 2025 00:00:00 GMT-0300 (Horário Padrão de Brasília),Thu Dec 18 2025 00:00:00 GMT-0300 (Horário Padrão de Brasília),,,,,,Sat Jun 13 2026 23:09:34 GMT-0300 (Horário Padrão de Brasília),
402,03-0047,MG10101VJ0002,concluida,CORRETIVA,,true,,Fri Dec 19 2025 00:00:00 GMT-0300 (Horário Padrão de Brasília),Fri Dec 19 2025 00:00:00 GMT-0300 (Horário Padrão de Brasília),,,,,,Sat Jun 13 2026 23:09:34 GMT-0300 (Horário Padrão de Brasília),
403,03-0017,MG10101VJ0012,concluida,CORRETIVA,,true,,Fri Dec 19 2025 00:00:00 GMT-0300 (Horário Padrão de Brasília),Fri Dec 19 2025 00:00:00 GMT-0300 (Horário Padrão de Brasília),,,,,,Sat Jun 13 2026 23:09:34 GMT-0300 (Horário Padrão de Brasília),
404,03-0072,MG10101VJ0011,concluida,CORRETIVA,,true,,Fri Dec 19 2025 00:00:00 GMT-0300 (Horário Padrão de Brasília),Fri Dec 19 2025 00:00:00 GMT-0300 (Horário Padrão de Brasília),,,,,,Sat Jun 13 2026 23:09:34 GMT-0300 (Horário Padrão de Brasília),
405,03-0013,MG10101VJ0013,concluida,CORRETIVA,,true,,Fri Dec 19 2025 00:00:00 GMT-0300 (Horário Padrão de Brasília),Fri Dec 19 2025 00:00:00 GMT-0300 (Horário Padrão de Brasília),,,,,,Sat Jun 13 2026 23:09:34 GMT-0300 (Horário Padrão de Brasília),
406,03-0088,MG10101VJ0007,concluida,CORRETIVA,,true,,Fri Dec 19 2025 00:00:00 GMT-0300 (Horário Padrão de Brasília),Fri Dec 19 2025 00:00:00 GMT-0300 (Horário Padrão de Brasília),,,,,,Sat Jun 13 2026 23:09:34 GMT-0300 (Horário Padrão de Brasília),
407,03-0009,MG10101VJ0009,concluida,CORRETIVA,,true,,Fri Dec 19 2025 00:00:00 GMT-0300 (Horário Padrão de Brasília),Fri Dec 19 2025 00:00:00 GMT-0300 (Horário Padrão de Brasília),,,,,,Sat Jun 13 2026 23:09:34 GMT-0300 (Horário Padrão de Brasília),
408,03-0069,MG10101VJ0004,concluida,CORRETIVA,,true,,Fri Dec 19 2025 00:00:00 GMT-0300 (Horário Padrão de Brasília),Fri Dec 19 2025 00:00:00 GMT-0300 (Horário Padrão de Brasília),,,,,,Sat Jun 13 2026 23:09:34 GMT-0300 (Horário Padrão de Brasília),
409,03-0022,CV10203VJ0056,concluida,CORRETIVA,,true,,Sat Dec 20 2025 00:00:00 GMT-0300 (Horário Padrão de Brasília),Sat Dec 20 2025 00:00:00 GMT-0300 (Horário Padrão de Brasília),,,,,,Sat Jun 13 2026 23:09:34 GMT-0300 (Horário Padrão de Brasília),
410,03-0089,CV10203VJ0053,concluida,CORRETIVA,,true,,Sat Dec 20 2025 00:00:00 GMT-0300 (Horário Padrão de Brasília),Sat Dec 20 2025 00:00:00 GMT-0300 (Horário Padrão de Brasília),,,,,,Sat Jun 13 2026 23:09:34 GMT-0300 (Horário Padrão de Brasília),
411,03-0012,CV10203VJ0052,concluida,CORRETIVA,,true,,Sat Dec 20 2025 00:00:00 GMT-0300 (Horário Padrão de Brasília),Sat Dec 20 2025 00:00:00 GMT-0300 (Horário Padrão de Brasília),,,,,,Sat Jun 13 2026 23:09:34 GMT-0300 (Horário Padrão de Brasília),
412,03-0020,CV10304VJ0026,concluida,CORRETIVA,,false,,Sat Dec 20 2025 00:00:00 GMT-0300 (Horário Padrão de Brasília),Tue Dec 02 2025 00:00:00 GMT-0300 (Horário Padrão de Brasília),,,,,,Sat Jun 13 2026 23:09:34 GMT-0300 (Horário Padrão de Brasília),
413,03-0044,CV10304VJ0023,concluida,CORRETIVA,,false,,Sat Dec 20 2025 00:00:00 GMT-0300 (Horário Padrão de Brasília),Wed Dec 03 2025 00:00:00 GMT-0300 (Horário Padrão de Brasília),,,,,,Sat Jun 13 2026 23:09:34 GMT-0300 (Horário Padrão de Brasília),
414,03-0077,CV10202VJ0034,concluida,CORRETIVA,,true,,Mon Dec 22 2025 00:00:00 GMT-0300 (Horário Padrão de Brasília),Mon Dec 22 2025 00:00:00 GMT-0300 (Horário Padrão de Brasília),,,,,,Sat Jun 13 2026 23:09:34 GMT-0300 (Horário Padrão de Brasília),
415,03-0118,CV10202VJ0045,concluida,CORRETIVA,,true,,Mon Dec 22 2025 00:00:00 GMT-0300 (Horário Padrão de Brasília),Mon Dec 22 2025 00:00:00 GMT-0300 (Horário Padrão de Brasília),,,,,,Sat Jun 13 2026 23:09:34 GMT-0300 (Horário Padrão de Brasília),
416,03-0082,CV10202VJ0029,concluida,CORRETIVA,,true,,Mon Dec 22 2025 00:00:00 GMT-0300 (Horário Padrão de Brasília),Mon Dec 22 2025 00:00:00 GMT-0300 (Horário Padrão de Brasília),,,,,,Sat Jun 13 2026 23:09:34 GMT-0300 (Horário Padrão de Brasília),
417,03-0038,CV10202VJ0030,concluida,CORRETIVA,,true,,Mon Dec 22 2025 00:00:00 GMT-0300 (Horário Padrão de Brasília),Mon Dec 22 2025 00:00:00 GMT-0300 (Horário Padrão de Brasília),,,,,,Sat Jun 13 2026 23:09:34 GMT-0300 (Horário Padrão de Brasília),
418,03-0097,CV10202VJ0035,concluida,CORRETIVA,,true,,Mon Dec 22 2025 00:00:00 GMT-0300 (Horário Padrão de Brasília),Mon Dec 22 2025 00:00:00 GMT-0300 (Horário Padrão de Brasília),,,,,,Sat Jun 13 2026 23:09:34 GMT-0300 (Horário Padrão de Brasília),
419,03-0129,CV10202VJ0041,concluida,CORRETIVA,,true,,Mon Dec 22 2025 00:00:00 GMT-0300 (Horário Padrão de Brasília),Mon Dec 22 2025 00:00:00 GMT-0300 (Horário Padrão de Brasília),,,,,,Sat Jun 13 2026 23:09:34 GMT-0300 (Horário Padrão de Brasília),
420,03-0107,CV10202VJ0046,concluida,CORRETIVA,,true,,Tue Dec 23 2025 00:00:00 GMT-0300 (Horário Padrão de Brasília),Tue Dec 23 2025 00:00:00 GMT-0300 (Horário Padrão de Brasília),,,,,,Sat Jun 13 2026 23:09:34 GMT-0300 (Horário Padrão de Brasília),
421,03-0136,CV10202VJ0031,concluida,CORRETIVA,,true,,Tue Dec 23 2025 00:00:00 GMT-0300 (Horário Padrão de Brasília),Tue Dec 23 2025 00:00:00 GMT-0300 (Horário Padrão de Brasília),,,,,,Sat Jun 13 2026 23:09:34 GMT-0300 (Horário Padrão de Brasília),
422,03-0131,CV10303VJ0020,concluida,CORRETIVA,,false,,Fri Dec 26 2025 00:00:00 GMT-0300 (Horário Padrão de Brasília),Mon Dec 22 2025 00:00:00 GMT-0300 (Horário Padrão de Brasília),,,,,,Sat Jun 13 2026 23:09:34 GMT-0300 (Horário Padrão de Brasília),
423,03-0116,CV10303VJ0022,concluida,CORRETIVA,,false,,Fri Dec 26 2025 00:00:00 GMT-0300 (Horário Padrão de Brasília),Sun Dec 07 2025 00:00:00 GMT-0300 (Horário Padrão de Brasília),,,,,,Sat Jun 13 2026 23:09:34 GMT-0300 (Horário Padrão de Brasília),
424,03-0143,JT10304VJ0038,concluida,CORRETIVA,,true,,Sat Dec 27 2025 00:00:00 GMT-0300 (Horário Padrão de Brasília),Sat Dec 27 2025 00:00:00 GMT-0300 (Horário Padrão de Brasília),,,,,,Sat Jun 13 2026 23:09:34 GMT-0300 (Horário Padrão de Brasília),
425,03-0051,JT10304VJ0041,concluida,CORRETIVA,,true,,Sat Dec 27 2025 00:00:00 GMT-0300 (Horário Padrão de Brasília),Sat Dec 27 2025 00:00:00 GMT-0300 (Horário Padrão de Brasília),,,,,,Sat Jun 13 2026 23:09:34 GMT-0300 (Horário Padrão de Brasília),
426,03-0094,JT10303VJ0024,concluida,CORRETIVA,,true,,Tue Dec 30 2025 00:00:00 GMT-0300 (Horário Padrão de Brasília),Tue Dec 30 2025 00:00:00 GMT-0300 (Horário Padrão de Brasília),,,,,,Sat Jun 13 2026 23:09:34 GMT-0300 (Horário Padrão de Brasília),
427,03-0002,JT10303VJ0025,concluida,CORRETIVA,,false,,Tue Dec 30 2025 00:00:00 GMT-0300 (Horário Padrão de Brasília),Sat Dec 06 2025 00:00:00 GMT-0300 (Horário Padrão de Brasília),,,,,,Sat Jun 13 2026 23:09:34 GMT-0300 (Horário Padrão de Brasília),
428,03-0048,JT10303VJ0026,concluida,CORRETIVA,,true,,Tue Dec 30 2025 00:00:00 GMT-0300 (Horário Padrão de Brasília),Tue Dec 30 2025 00:00:00 GMT-0300 (Horário Padrão de Brasília),,,,,,Sat Jun 13 2026 23:09:34 GMT-0300 (Horário Padrão de Brasília),
429,03-0043,JT10303VJ0029,concluida,CORRETIVA,,true,,Tue Dec 30 2025 00:00:00 GMT-0300 (Horário Padrão de Brasília),Tue Dec 30 2025 00:00:00 GMT-0300 (Horário Padrão de Brasília),,,,,,Sat Jun 13 2026 23:09:34 GMT-0300 (Horário Padrão de Brasília),
430,03-0008,JT10304VJ0036,concluida,CORRETIVA,,true,,Fri Jan 02 2026 00:00:00 GMT-0300 (Horário Padrão de Brasília),Fri Jan 02 2026 00:00:00 GMT-0300 (Horário Padrão de Brasília),,,,,,Sat Jun 13 2026 23:09:34 GMT-0300 (Horário Padrão de Brasília),
431,03-0042,JT10202VJ0056,concluida,CORRETIVA,,true,,Fri Jan 02 2026 00:00:00 GMT-0300 (Horário Padrão de Brasília),Fri Jan 02 2026 00:00:00 GMT-0300 (Horário Padrão de Brasília),,,,,,Sat Jun 13 2026 23:09:34 GMT-0300 (Horário Padrão de Brasília),
432,03-0004,JT10304VJ0059,concluida,CORRETIVA,,true,,Sat Jan 03 2026 00:00:00 GMT-0300 (Horário Padrão de Brasília),Sat Jan 03 2026 00:00:00 GMT-0300 (Horário Padrão de Brasília),,,,,,Sat Jun 13 2026 23:09:34 GMT-0300 (Horário Padrão de Brasília),
433,03-0031,JT10304VJ0047,concluida,CORRETIVA,,true,,Sat Jan 03 2026 00:00:00 GMT-0300 (Horário Padrão de Brasília),Sat Jan 03 2026 00:00:00 GMT-0300 (Horário Padrão de Brasília),,,,,,Sat Jun 13 2026 23:09:34 GMT-0300 (Horário Padrão de Brasília),
434,03-0037,JT10302VJ0005,concluida,CORRETIVA,,true,,Mon Jan 05 2026 00:00:00 GMT-0300 (Horário Padrão de Brasília),Mon Jan 05 2026 00:00:00 GMT-0300 (Horário Padrão de Brasília),,,,,,Sat Jun 13 2026 23:09:34 GMT-0300 (Horário Padrão de Brasília),
435,03-0014,JT10302VJ0011,concluida,CORRETIVA,,true,,Mon Jan 05 2026 00:00:00 GMT-0300 (Horário Padrão de Brasília),Mon Jan 05 2026 00:00:00 GMT-0300 (Horário Padrão de Brasília),,,,,,Sat Jun 13 2026 23:09:34 GMT-0300 (Horário Padrão de Brasília),
436,03-0026,JT10101VL0001,concluida,CORRETIVA,,true,,Tue Jan 06 2026 00:00:00 GMT-0300 (Horário Padrão de Brasília),Tue Jan 06 2026 00:00:00 GMT-0300 (Horário Padrão de Brasília),,,,,,Sat Jun 13 2026 23:09:34 GMT-0300 (Horário Padrão de Brasília),
437,03-0087,MG10101VJ0005,concluida,CORRETIVA,,true,,Tue Jan 06 2026 00:00:00 GMT-0300 (Horário Padrão de Brasília),Tue Jan 06 2026 00:00:00 GMT-0300 (Horário Padrão de Brasília),,,,,,Sat Jun 13 2026 23:09:34 GMT-0300 (Horário Padrão de Brasília),
438,03-0088,MG10101VJ0007,concluida,CORRETIVA,,true,,Tue Jan 06 2026 00:00:00 GMT-0300 (Horário Padrão de Brasília),Tue Jan 06 2026 00:00:00 GMT-0300 (Horário Padrão de Brasília),,,,,,Sat Jun 13 2026 23:09:34 GMT-0300 (Horário Padrão de Brasília),
439,03-0119,MG10101VJ0003,concluida,CORRETIVA,,true,,Tue Jan 06 2026 00:00:00 GMT-0300 (Horário Padrão de Brasília),Tue Jan 06 2026 00:00:00 GMT-0300 (Horário Padrão de Brasília),,,,,,Sat Jun 13 2026 23:09:34 GMT-0300 (Horário Padrão de Brasília),
440,03-0045,JT10302VJ0016,concluida,CORRETIVA,,true,,Thu Jan 08 2026 00:00:00 GMT-0300 (Horário Padrão de Brasília),Thu Jan 08 2026 00:00:00 GMT-0300 (Horário Padrão de Brasília),,,,,,Sat Jun 13 2026 23:09:34 GMT-0300 (Horário Padrão de Brasília),
441,03-0109,JT10302VJ0020,concluida,CORRETIVA,,true,,Thu Jan 08 2026 00:00:00 GMT-0300 (Horário Padrão de Brasília),Thu Jan 08 2026 00:00:00 GMT-0300 (Horário Padrão de Brasília),,,,,,Sat Jun 13 2026 23:09:34 GMT-0300 (Horário Padrão de Brasília),
442,03-0058,JT10302VJ0019,concluida,CORRETIVA,,true,,Thu Jan 08 2026 00:00:00 GMT-0300 (Horário Padrão de Brasília),Thu Jan 08 2026 00:00:00 GMT-0300 (Horário Padrão de Brasília),,,,,,Sat Jun 13 2026 23:09:34 GMT-0300 (Horário Padrão de Brasília),
443,03-0068,JT10302VJ0007,concluida,CORRETIVA,,true,,Thu Jan 08 2026 00:00:00 GMT-0300 (Horário Padrão de Brasília),Thu Jan 08 2026 00:00:00 GMT-0300 (Horário Padrão de Brasília),,,,,,Sat Jun 13 2026 23:09:34 GMT-0300 (Horário Padrão de Brasília),
444,03-0013,MG10101VJ0013,concluida,CORRETIVA,,true,,Fri Jan 09 2026 00:00:00 GMT-0300 (Horário Padrão de Brasília),Fri Jan 09 2026 00:00:00 GMT-0300 (Horário Padrão de Brasília),,,,,,Sat Jun 13 2026 23:09:34 GMT-0300 (Horário Padrão de Brasília),
445,03-0075,MG10101VJ0010,concluida,CORRETIVA,,true,,Fri Jan 09 2026 00:00:00 GMT-0300 (Horário Padrão de Brasília),Fri Jan 09 2026 00:00:00 GMT-0300 (Horário Padrão de Brasília),,,,,,Sat Jun 13 2026 23:09:34 GMT-0300 (Horário Padrão de Brasília),
446,03-0006,MG10101VJ0006,concluida,CORRETIVA,,true,,Fri Jan 09 2026 00:00:00 GMT-0300 (Horário Padrão de Brasília),Fri Jan 09 2026 00:00:00 GMT-0300 (Horário Padrão de Brasília),,,,,,Sat Jun 13 2026 23:09:34 GMT-0300 (Horário Padrão de Brasília),
447,03-0036,CV10101VL0001,concluida,CORRETIVA,,true,,Mon Jan 19 2026 00:00:00 GMT-0300 (Horário Padrão de Brasília),Mon Jan 19 2026 00:00:00 GMT-0300 (Horário Padrão de Brasília),,,,,,Sat Jun 13 2026 23:09:34 GMT-0300 (Horário Padrão de Brasília),
448,03-0060,CV10101VJ0002,concluida,CORRETIVA,,true,,Mon Jan 19 2026 00:00:00 GMT-0300 (Horário Padrão de Brasília),Mon Jan 19 2026 00:00:00 GMT-0300 (Horário Padrão de Brasília),,,,,,Sat Jun 13 2026 23:09:34 GMT-0300 (Horário Padrão de Brasília),
449,03-0055,CV10101VJ0001,concluida,CORRETIVA,,true,,Mon Jan 19 2026 00:00:00 GMT-0300 (Horário Padrão de Brasília),Mon Jan 19 2026 00:00:00 GMT-0300 (Horário Padrão de Brasília),,,,,,Sat Jun 13 2026 23:09:34 GMT-0300 (Horário Padrão de Brasília),
450,03-0101,CV10101VJ0004,concluida,CORRETIVA,,true,,Mon Jan 19 2026 00:00:00 GMT-0300 (Horário Padrão de Brasília),Mon Jan 19 2026 00:00:00 GMT-0300 (Horário Padrão de Brasília),,,,,,Sat Jun 13 2026 23:09:34 GMT-0300 (Horário Padrão de Brasília),
451,03-0102,CV10101VJ0009,concluida,CORRETIVA,,true,,Mon Jan 19 2026 00:00:00 GMT-0300 (Horário Padrão de Brasília),Mon Jan 19 2026 00:00:00 GMT-0300 (Horário Padrão de Brasília),,,,,,Sat Jun 13 2026 23:09:34 GMT-0300 (Horário Padrão de Brasília),
452,03-0096,CV10101VJ0007,concluida,CORRETIVA,,true,,Mon Jan 19 2026 00:00:00 GMT-0300 (Horário Padrão de Brasília),Mon Jan 19 2026 00:00:00 GMT-0300 (Horário Padrão de Brasília),,,,,,Sat Jun 13 2026 23:09:34 GMT-0300 (Horário Padrão de Brasília),
453,03-0120,CV10101VJ0008,concluida,CORRETIVA,,true,,Mon Jan 19 2026 00:00:00 GMT-0300 (Horário Padrão de Brasília),Mon Jan 19 2026 00:00:00 GMT-0300 (Horário Padrão de Brasília),,,,,,Sat Jun 13 2026 23:09:34 GMT-0300 (Horário Padrão de Brasília),
454,03-0130,CV10102VJ0010,concluida,CORRETIVA,,true,,Mon Jan 19 2026 00:00:00 GMT-0300 (Horário Padrão de Brasília),Mon Jan 19 2026 00:00:00 GMT-0300 (Horário Padrão de Brasília),,,,,,Sat Jun 13 2026 23:09:34 GMT-0300 (Horário Padrão de Brasília),
455,03-0057,CV10101VJ0005,concluida,CORRETIVA,,true,,Mon Jan 19 2026 00:00:00 GMT-0300 (Horário Padrão de Brasília),Mon Jan 19 2026 00:00:00 GMT-0300 (Horário Padrão de Brasília),,,,,,Sat Jun 13 2026 23:09:34 GMT-0300 (Horário Padrão de Brasília),
456,03-0112,CV10101VJ0006,concluida,CORRETIVA,,false,,Mon Jan 19 2026 00:00:00 GMT-0300 (Horário Padrão de Brasília),Sat Jan 10 2026 00:00:00 GMT-0300 (Horário Padrão de Brasília),,,,,,Sat Jun 13 2026 23:09:34 GMT-0300 (Horário Padrão de Brasília),
457,03-0115,CV10202VJ0037,concluida,CORRETIVA,,true,,Mon Jan 19 2026 00:00:00 GMT-0300 (Horário Padrão de Brasília),Mon Jan 19 2026 00:00:00 GMT-0300 (Horário Padrão de Brasília),,,,,,Sat Jun 13 2026 23:09:34 GMT-0300 (Horário Padrão de Brasília),
458,03-0113,CV10202VJ0044,concluida,CORRETIVA,,true,,Mon Jan 19 2026 00:00:00 GMT-0300 (Horário Padrão de Brasília),Mon Jan 19 2026 00:00:00 GMT-0300 (Horário Padrão de Brasília),,,,,,Sat Jun 13 2026 23:09:34 GMT-0300 (Horário Padrão de Brasília),
459,03-0069,MG10101VJ0004,concluida,CORRETIVA,,true,,Mon Jan 19 2026 00:00:00 GMT-0300 (Horário Padrão de Brasília),Mon Jan 19 2026 00:00:00 GMT-0300 (Horário Padrão de Brasília),,,,,,Sat Jun 13 2026 23:09:34 GMT-0300 (Horário Padrão de Brasília),
460,03-0087,MG10101VJ0005,concluida,CORRETIVA,,true,,Mon Jan 19 2026 00:00:00 GMT-0300 (Horário Padrão de Brasília),Mon Jan 19 2026 00:00:00 GMT-0300 (Horário Padrão de Brasília),,,,,,Sat Jun 13 2026 23:09:34 GMT-0300 (Horário Padrão de Brasília),
461,03-0006,MG10101VJ0006,concluida,CORRETIVA,,true,,Mon Jan 19 2026 00:00:00 GMT-0300 (Horário Padrão de Brasília),Mon Jan 19 2026 00:00:00 GMT-0300 (Horário Padrão de Brasília),,,,,,Sat Jun 13 2026 23:09:34 GMT-0300 (Horário Padrão de Brasília),
462,03-0089,CV10203VJ0053,concluida,CORRETIVA,,true,,Tue Jan 20 2026 00:00:00 GMT-0300 (Horário Padrão de Brasília),Tue Jan 20 2026 00:00:00 GMT-0300 (Horário Padrão de Brasília),,,,,,Sat Jun 13 2026 23:09:34 GMT-0300 (Horário Padrão de Brasília),
463,03-0029,CV10203VJ0055,concluida,CORRETIVA,,true,,Tue Jan 20 2026 00:00:00 GMT-0300 (Horário Padrão de Brasília),Tue Jan 20 2026 00:00:00 GMT-0300 (Horário Padrão de Brasília),,,,,,Sat Jun 13 2026 23:09:34 GMT-0300 (Horário Padrão de Brasília),
464,03-0022,CV10203VJ0056,concluida,CORRETIVA,,true,,Tue Jan 20 2026 00:00:00 GMT-0300 (Horário Padrão de Brasília),Tue Jan 20 2026 00:00:00 GMT-0300 (Horário Padrão de Brasília),,,,,,Sat Jun 13 2026 23:09:34 GMT-0300 (Horário Padrão de Brasília),
465,03-0015,CV10203VJ0057,concluida,CORRETIVA,,true,,Tue Jan 20 2026 00:00:00 GMT-0300 (Horário Padrão de Brasília),Tue Jan 20 2026 00:00:00 GMT-0300 (Horário Padrão de Brasília),,,,,,Sat Jun 13 2026 23:09:34 GMT-0300 (Horário Padrão de Brasília),
466,03-0011,CV10203VJ0051,concluida,CORRETIVA,,true,,Tue Jan 20 2026 00:00:00 GMT-0300 (Horário Padrão de Brasília),Tue Jan 20 2026 00:00:00 GMT-0300 (Horário Padrão de Brasília),,,,,,Sat Jun 13 2026 23:09:34 GMT-0300 (Horário Padrão de Brasília),
467,03-0039,CV10203VJ0047,concluida,CORRETIVA,,true,,Tue Jan 20 2026 00:00:00 GMT-0300 (Horário Padrão de Brasília),Tue Jan 20 2026 00:00:00 GMT-0300 (Horário Padrão de Brasília),,,,,,Sat Jun 13 2026 23:09:34 GMT-0300 (Horário Padrão de Brasília),
468,03-0099,CV10203VJ0060,concluida,CORRETIVA,,true,,Tue Jan 20 2026 00:00:00 GMT-0300 (Horário Padrão de Brasília),Tue Jan 20 2026 00:00:00 GMT-0300 (Horário Padrão de Brasília),,,,,,Sat Jun 13 2026 23:09:34 GMT-0300 (Horário Padrão de Brasília),
469,03-0035,CV10203VJ0061,concluida,CORRETIVA,,true,,Tue Jan 20 2026 00:00:00 GMT-0300 (Horário Padrão de Brasília),Tue Jan 20 2026 00:00:00 GMT-0300 (Horário Padrão de Brasília),,,,,,Sat Jun 13 2026 23:09:34 GMT-0300 (Horário Padrão de Brasília),
470,03-0098,CV10203VJ0062,concluida,CORRETIVA,,true,,Tue Jan 20 2026 00:00:00 GMT-0300 (Horário Padrão de Brasília),Tue Jan 20 2026 00:00:00 GMT-0300 (Horário Padrão de Brasília),,,,,,Sat Jun 13 2026 23:09:34 GMT-0300 (Horário Padrão de Brasília),
471,03-0083,CV10203VJ0063,concluida,CORRETIVA,,true,,Tue Jan 20 2026 00:00:00 GMT-0300 (Horário Padrão de Brasília),Tue Jan 20 2026 00:00:00 GMT-0300 (Horário Padrão de Brasília),,,,,,Sat Jun 13 2026 23:09:34 GMT-0300 (Horário Padrão de Brasília),
472,03-0050,CV10203VJ0064,concluida,CORRETIVA,,true,,Tue Jan 20 2026 00:00:00 GMT-0300 (Horário Padrão de Brasília),Tue Jan 20 2026 00:00:00 GMT-0300 (Horário Padrão de Brasília),,,,,,Sat Jun 13 2026 23:09:34 GMT-0300 (Horário Padrão de Brasília),
473,03-0061,CV10303VJ0019,concluida,CORRETIVA,,true,,Tue Jan 20 2026 00:00:00 GMT-0300 (Horário Padrão de Brasília),Tue Jan 20 2026 00:00:00 GMT-0300 (Horário Padrão de Brasília),,,,,,Sat Jun 13 2026 23:09:34 GMT-0300 (Horário Padrão de Brasília),
474,03-0124,MG10101VJ0001,concluida,CORRETIVA,,true,,Tue Jan 20 2026 00:00:00 GMT-0300 (Horário Padrão de Brasília),Tue Jan 20 2026 00:00:00 GMT-0300 (Horário Padrão de Brasília),,,,,,Sat Jun 13 2026 23:09:34 GMT-0300 (Horário Padrão de Brasília),
475,03-0047,MG10101VJ0002,concluida,CORRETIVA,,true,,Tue Jan 20 2026 00:00:00 GMT-0300 (Horário Padrão de Brasília),Tue Jan 20 2026 00:00:00 GMT-0300 (Horário Padrão de Brasília),,,,,,Sat Jun 13 2026 23:09:34 GMT-0300 (Horário Padrão de Brasília),
476,03-0182,MG10101VL0001,concluida,CORRETIVA,,true,,Tue Jan 20 2026 00:00:00 GMT-0300 (Horário Padrão de Brasília),Tue Jan 20 2026 00:00:00 GMT-0300 (Horário Padrão de Brasília),,,,,,Sat Jun 13 2026 23:09:34 GMT-0300 (Horário Padrão de Brasília),
477,03-0023,JT10102VJ0003,concluida,CORRETIVA,,true,,Wed Jan 21 2026 00:00:00 GMT-0300 (Horário Padrão de Brasília),Wed Jan 21 2026 00:00:00 GMT-0300 (Horário Padrão de Brasília),,,,,,Sat Jun 13 2026 23:09:34 GMT-0300 (Horário Padrão de Brasília),
478,03-0059,JT20102VJ0003,concluida,CORRETIVA,,true,,Wed Jan 21 2026 00:00:00 GMT-0300 (Horário Padrão de Brasília),Wed Jan 21 2026 00:00:00 GMT-0300 (Horário Padrão de Brasília),,,,,,Sat Jun 13 2026 23:09:34 GMT-0300 (Horário Padrão de Brasília),
479,03-0086,JT10101VL0002,concluida,CORRETIVA,,true,,Wed Jan 21 2026 00:00:00 GMT-0300 (Horário Padrão de Brasília),Wed Jan 21 2026 00:00:00 GMT-0300 (Horário Padrão de Brasília),,,,,,Sat Jun 13 2026 23:09:34 GMT-0300 (Horário Padrão de Brasília),
480,03-0080,JT10101VJ0004,concluida,CORRETIVA,,true,,Wed Jan 21 2026 00:00:00 GMT-0300 (Horário Padrão de Brasília),Wed Jan 21 2026 00:00:00 GMT-0300 (Horário Padrão de Brasília),,,,,,Sat Jun 13 2026 23:09:34 GMT-0300 (Horário Padrão de Brasília),
481,03-0026,JT10101VL0001,concluida,CORRETIVA,,true,,Wed Jan 21 2026 00:00:00 GMT-0300 (Horário Padrão de Brasília),Wed Jan 21 2026 00:00:00 GMT-0300 (Horário Padrão de Brasília),,,,,,Sat Jun 13 2026 23:09:34 GMT-0300 (Horário Padrão de Brasília),
482,03-0138,JT10102VJ0002,concluida,CORRETIVA,,true,,Wed Jan 21 2026 00:00:00 GMT-0300 (Horário Padrão de Brasília),Wed Jan 21 2026 00:00:00 GMT-0300 (Horário Padrão de Brasília),,,,,,Sat Jun 13 2026 23:09:34 GMT-0300 (Horário Padrão de Brasília),
483,03-0033,JT20102VJ0002,concluida,CORRETIVA,,true,,Wed Jan 21 2026 00:00:00 GMT-0300 (Horário Padrão de Brasília),Wed Jan 21 2026 00:00:00 GMT-0300 (Horário Padrão de Brasília),,,,,,Sat Jun 13 2026 23:09:34 GMT-0300 (Horário Padrão de Brasília),
484,03-0049,JT10102VJ0001,concluida,CORRETIVA,,true,,Wed Jan 21 2026 00:00:00 GMT-0300 (Horário Padrão de Brasília),Wed Jan 21 2026 00:00:00 GMT-0300 (Horário Padrão de Brasília),,,,,,Sat Jun 13 2026 23:09:34 GMT-0300 (Horário Padrão de Brasília),
485,03-0103,JT20102VJ0001,concluida,CORRETIVA,,true,,Wed Jan 21 2026 00:00:00 GMT-0300 (Horário Padrão de Brasília),Wed Jan 21 2026 00:00:00 GMT-0300 (Horário Padrão de Brasília),,,,,,Sat Jun 13 2026 23:09:34 GMT-0300 (Horário Padrão de Brasília),
486,03-0143,JT10304VJ0038,concluida,CORRETIVA,,true,,Wed Jan 21 2026 00:00:00 GMT-0300 (Horário Padrão de Brasília),Wed Jan 21 2026 00:00:00 GMT-0300 (Horário Padrão de Brasília),,,,,,Sat Jun 13 2026 23:09:34 GMT-0300 (Horário Padrão de Brasília),
487,03-0127,JT10304VJ0039,concluida,CORRETIVA,,true,,Wed Jan 21 2026 00:00:00 GMT-0300 (Horário Padrão de Brasília),Wed Jan 21 2026 00:00:00 GMT-0300 (Horário Padrão de Brasília),,,,,,Sat Jun 13 2026 23:09:34 GMT-0300 (Horário Padrão de Brasília),
488,03-0031,JT10304VJ0047,concluida,CORRETIVA,,true,,Wed Jan 21 2026 00:00:00 GMT-0300 (Horário Padrão de Brasília),Wed Jan 21 2026 00:00:00 GMT-0300 (Horário Padrão de Brasília),,,,,,Sat Jun 13 2026 23:09:34 GMT-0300 (Horário Padrão de Brasília),
489,03-0007,JT10304VJ0048,concluida,CORRETIVA,,true,,Wed Jan 21 2026 00:00:00 GMT-0300 (Horário Padrão de Brasília),Wed Jan 21 2026 00:00:00 GMT-0300 (Horário Padrão de Brasília),,,,,,Sat Jun 13 2026 23:09:34 GMT-0300 (Horário Padrão de Brasília),
490,03-0019,JT10304VJ0049,concluida,CORRETIVA,,true,,Wed Jan 21 2026 00:00:00 GMT-0300 (Horário Padrão de Brasília),Wed Jan 21 2026 00:00:00 GMT-0300 (Horário Padrão de Brasília),,,,,,Sat Jun 13 2026 23:09:34 GMT-0300 (Horário Padrão de Brasília),
491,03-0016,JT10304VJ0050,concluida,CORRETIVA,,true,,Wed Jan 21 2026 00:00:00 GMT-0300 (Horário Padrão de Brasília),Wed Jan 21 2026 00:00:00 GMT-0300 (Horário Padrão de Brasília),,,,,,Sat Jun 13 2026 23:09:34 GMT-0300 (Horário Padrão de Brasília),
492,03-0032,JT10304VJ0051,concluida,CORRETIVA,,true,,Wed Jan 21 2026 00:00:00 GMT-0300 (Horário Padrão de Brasília),Wed Jan 21 2026 00:00:00 GMT-0300 (Horário Padrão de Brasília),,,,,,Sat Jun 13 2026 23:09:34 GMT-0300 (Horário Padrão de Brasília),
493,03-0027,JT10304VJ0052,concluida,CORRETIVA,,true,,Wed Jan 21 2026 00:00:00 GMT-0300 (Horário Padrão de Brasília),Wed Jan 21 2026 00:00:00 GMT-0300 (Horário Padrão de Brasília),,,,,,Sat Jun 13 2026 23:09:34 GMT-0300 (Horário Padrão de Brasília),
494,03-0005,JT10202VJ0054,concluida,CORRETIVA,,true,,Wed Jan 21 2026 00:00:00 GMT-0300 (Horário Padrão de Brasília),Wed Jan 21 2026 00:00:00 GMT-0300 (Horário Padrão de Brasília),,,,,,Sat Jun 13 2026 23:09:34 GMT-0300 (Horário Padrão de Brasília),
495,03-0042,JT10202VJ0056,concluida,CORRETIVA,,true,,Wed Jan 21 2026 00:00:00 GMT-0300 (Horário Padrão de Brasília),Wed Jan 21 2026 00:00:00 GMT-0300 (Horário Padrão de Brasília),,,,,,Sat Jun 13 2026 23:09:34 GMT-0300 (Horário Padrão de Brasília),
496,03-0095,JT10304VJ0042,concluida,CORRETIVA,,true,,Wed Jan 21 2026 00:00:00 GMT-0300 (Horário Padrão de Brasília),Wed Jan 21 2026 00:00:00 GMT-0300 (Horário Padrão de Brasília),,,,,,Sat Jun 13 2026 23:09:34 GMT-0300 (Horário Padrão de Brasília),
497,03-0045,JT10302VJ0016,concluida,CORRETIVA,,true,,Thu Jan 22 2026 00:00:00 GMT-0300 (Horário Padrão de Brasília),Thu Jan 22 2026 00:00:00 GMT-0300 (Horário Padrão de Brasília),,,,,,Sat Jun 13 2026 23:09:34 GMT-0300 (Horário Padrão de Brasília),
498,03-0093,JT10302VJ0017,concluida,CORRETIVA,,true,,Thu Jan 22 2026 00:00:00 GMT-0300 (Horário Padrão de Brasília),Thu Jan 22 2026 00:00:00 GMT-0300 (Horário Padrão de Brasília),,,,,,Sat Jun 13 2026 23:09:34 GMT-0300 (Horário Padrão de Brasília),
499,03-0109,JT10302VJ0020,concluida,CORRETIVA,,true,,Thu Jan 22 2026 00:00:00 GMT-0300 (Horário Padrão de Brasília),Thu Jan 22 2026 00:00:00 GMT-0300 (Horário Padrão de Brasília),,,,,,Sat Jun 13 2026 23:09:34 GMT-0300 (Horário Padrão de Brasília),
500,03-0137,JT10303VJ0021,concluida,CORRETIVA,,true,,Thu Jan 22 2026 00:00:00 GMT-0300 (Horário Padrão de Brasília),Thu Jan 22 2026 00:00:00 GMT-0300 (Horário Padrão de Brasília),,,,,,Sat Jun 13 2026 23:09:34 GMT-0300 (Horário Padrão de Brasília),
501,03-0135,JT10303VJ0022,concluida,CORRETIVA,,true,,Thu Jan 22 2026 00:00:00 GMT-0300 (Horário Padrão de Brasília),Thu Jan 22 2026 00:00:00 GMT-0300 (Horário Padrão de Brasília),,,,,,Sat Jun 13 2026 23:09:34 GMT-0300 (Horário Padrão de Brasília),
502,03-0141,JT10302VJ0018,concluida,CORRETIVA,,true,,Thu Jan 22 2026 00:00:00 GMT-0300 (Horário Padrão de Brasília),Thu Jan 22 2026 00:00:00 GMT-0300 (Horário Padrão de Brasília),,,,,,Sat Jun 13 2026 23:09:34 GMT-0300 (Horário Padrão de Brasília),
503,03-0058,JT10302VJ0019,concluida,CORRETIVA,,true,,Thu Jan 22 2026 00:00:00 GMT-0300 (Horário Padrão de Brasília),Thu Jan 22 2026 00:00:00 GMT-0300 (Horário Padrão de Brasília),,,,,,Sat Jun 13 2026 23:09:34 GMT-0300 (Horário Padrão de Brasília),
504,03-0005,JT10202VJ0054,concluida,CORRETIVA,,true,,Thu Jan 22 2026 00:00:00 GMT-0300 (Horário Padrão de Brasília),Thu Jan 22 2026 00:00:00 GMT-0300 (Horário Padrão de Brasília),,,,,,Sat Jun 13 2026 23:09:34 GMT-0300 (Horário Padrão de Brasília),
505,03-0110,JT10302VJ0014,concluida,CORRETIVA,,true,,Thu Jan 22 2026 00:00:00 GMT-0300 (Horário Padrão de Brasília),Thu Jan 22 2026 00:00:00 GMT-0300 (Horário Padrão de Brasília),,,,,,Sat Jun 13 2026 23:09:34 GMT-0300 (Horário Padrão de Brasília),
506,03-0030,JT10302VJ0015,concluida,CORRETIVA,,true,,Thu Jan 22 2026 00:00:00 GMT-0300 (Horário Padrão de Brasília),Thu Jan 22 2026 00:00:00 GMT-0300 (Horário Padrão de Brasília),,,,,,Sat Jun 13 2026 23:09:34 GMT-0300 (Horário Padrão de Brasília),
507,03-0001,JT10303VJ0035,concluida,CORRETIVA,,true,,Thu Jan 22 2026 00:00:00 GMT-0300 (Horário Padrão de Brasília),Thu Jan 22 2026 00:00:00 GMT-0300 (Horário Padrão de Brasília),,,,,,Sat Jun 13 2026 23:09:34 GMT-0300 (Horário Padrão de Brasília),
508,03-0123,JT10302VJ0012,concluida,CORRETIVA,,true,,Thu Jan 22 2026 00:00:00 GMT-0300 (Horário Padrão de Brasília),Thu Jan 22 2026 00:00:00 GMT-0300 (Horário Padrão de Brasília),,,,,,Sat Jun 13 2026 23:09:34 GMT-0300 (Horário Padrão de Brasília),
509,03-0014,JT10302VJ0011,concluida,CORRETIVA,,true,,Thu Jan 22 2026 00:00:00 GMT-0300 (Horário Padrão de Brasília),Thu Jan 22 2026 00:00:00 GMT-0300 (Horário Padrão de Brasília),,,,,,Sat Jun 13 2026 23:09:34 GMT-0300 (Horário Padrão de Brasília),
510,03-0068,JT10302VJ0007,concluida,CORRETIVA,,true,,Thu Jan 22 2026 00:00:00 GMT-0300 (Horário Padrão de Brasília),Thu Jan 22 2026 00:00:00 GMT-0300 (Horário Padrão de Brasília),,,,,,Sat Jun 13 2026 23:09:34 GMT-0300 (Horário Padrão de Brasília),
511,03-0090,JT10303VJ0032,concluida,CORRETIVA,,true,,Fri Jan 23 2026 00:00:00 GMT-0300 (Horário Padrão de Brasília),Fri Jan 23 2026 00:00:00 GMT-0300 (Horário Padrão de Brasília),,,,,,Sat Jun 13 2026 23:09:34 GMT-0300 (Horário Padrão de Brasília),
512,03-0008,JT10303VJ0036,concluida,CORRETIVA,,true,,Fri Jan 23 2026 00:00:00 GMT-0300 (Horário Padrão de Brasília),Fri Jan 23 2026 00:00:00 GMT-0300 (Horário Padrão de Brasília),,,,,,Sat Jun 13 2026 23:09:34 GMT-0300 (Horário Padrão de Brasília),
513,03-0002,JT10303VJ0025,concluida,CORRETIVA,,false,,Fri Jan 23 2026 00:00:00 GMT-0300 (Horário Padrão de Brasília),Sat Dec 06 2025 00:00:00 GMT-0300 (Horário Padrão de Brasília),,,,,,Sat Jun 13 2026 23:09:34 GMT-0300 (Horário Padrão de Brasília),
514,03-0094,JT10303VJ0024,concluida,CORRETIVA,,true,,Fri Jan 23 2026 00:00:00 GMT-0300 (Horário Padrão de Brasília),Fri Jan 23 2026 00:00:00 GMT-0300 (Horário Padrão de Brasília),,,,,,Sat Jun 13 2026 23:09:34 GMT-0300 (Horário Padrão de Brasília),
515,03-0048,JT10303VJ0026,concluida,CORRETIVA,,true,,Fri Jan 23 2026 00:00:00 GMT-0300 (Horário Padrão de Brasília),Fri Jan 23 2026 00:00:00 GMT-0300 (Horário Padrão de Brasília),,,,,,Sat Jun 13 2026 23:09:34 GMT-0300 (Horário Padrão de Brasília),
516,03-0081,JT10303VJ0027,concluida,CORRETIVA,,true,,Fri Jan 23 2026 00:00:00 GMT-0300 (Horário Padrão de Brasília),Fri Jan 23 2026 00:00:00 GMT-0300 (Horário Padrão de Brasília),,,,,,Sat Jun 13 2026 23:09:34 GMT-0300 (Horário Padrão de Brasília),
517,03-0063,JT10303VJ0028,concluida,CORRETIVA,,true,,Fri Jan 23 2026 00:00:00 GMT-0300 (Horário Padrão de Brasília),Fri Jan 23 2026 00:00:00 GMT-0300 (Horário Padrão de Brasília),,,,,,Sat Jun 13 2026 23:09:34 GMT-0300 (Horário Padrão de Brasília),
518,03-0128,JT10303VJ0030,concluida,CORRETIVA,,true,,Fri Jan 23 2026 00:00:00 GMT-0300 (Horário Padrão de Brasília),Fri Jan 23 2026 00:00:00 GMT-0300 (Horário Padrão de Brasília),,,,,,Sat Jun 13 2026 23:09:34 GMT-0300 (Horário Padrão de Brasília),
519,03-0111,JT10303VJ0058,concluida,CORRETIVA,,true,,Fri Jan 23 2026 00:00:00 GMT-0300 (Horário Padrão de Brasília),Fri Jan 23 2026 00:00:00 GMT-0300 (Horário Padrão de Brasília),,,,,,Sat Jun 13 2026 23:09:34 GMT-0300 (Horário Padrão de Brasília),
520,03-0041,JT10303VJ0033,concluida,CORRETIVA,,true,,Fri Jan 23 2026 00:00:00 GMT-0300 (Horário Padrão de Brasília),Fri Jan 23 2026 00:00:00 GMT-0300 (Horário Padrão de Brasília),,,,,,Sat Jun 13 2026 23:09:34 GMT-0300 (Horário Padrão de Brasília),
521,03-0021,MG10101VJ0008,concluida,CORRETIVA,,true,,Fri Jan 23 2026 00:00:00 GMT-0300 (Horário Padrão de Brasília),Fri Jan 23 2026 00:00:00 GMT-0300 (Horário Padrão de Brasília),,,,,,Sat Jun 13 2026 23:09:34 GMT-0300 (Horário Padrão de Brasília),
522,03-0009,MG10101VJ0009,concluida,CORRETIVA,,true,,Fri Jan 23 2026 00:00:00 GMT-0300 (Horário Padrão de Brasília),Fri Jan 23 2026 00:00:00 GMT-0300 (Horário Padrão de Brasília),,,,,,Sat Jun 13 2026 23:09:34 GMT-0300 (Horário Padrão de Brasília),
523,03-0017,MG10101VJ0012,concluida,CORRETIVA,,true,,Fri Jan 23 2026 00:00:00 GMT-0300 (Horário Padrão de Brasília),Fri Jan 23 2026 00:00:00 GMT-0300 (Horário Padrão de Brasília),,,,,,Sat Jun 13 2026 23:09:34 GMT-0300 (Horário Padrão de Brasília),
524,03-0119,MG10101VJ0003,concluida,CORRETIVA,,true,,Fri Jan 23 2026 00:00:00 GMT-0300 (Horário Padrão de Brasília),Fri Jan 23 2026 00:00:00 GMT-0300 (Horário Padrão de Brasília),,,,,,Sat Jun 13 2026 23:09:34 GMT-0300 (Horário Padrão de Brasília),
525,03-0072,MG10101VJ0011,concluida,CORRETIVA,,true,,Fri Jan 23 2026 00:00:00 GMT-0300 (Horário Padrão de Brasília),Fri Jan 23 2026 00:00:00 GMT-0300 (Horário Padrão de Brasília),,,,,,Sat Jun 13 2026 23:09:34 GMT-0300 (Horário Padrão de Brasília),
526,03-0013,MG10101VJ0013,concluida,CORRETIVA,,true,,Fri Jan 23 2026 00:00:00 GMT-0300 (Horário Padrão de Brasília),Fri Jan 23 2026 00:00:00 GMT-0300 (Horário Padrão de Brasília),,,,,,Sat Jun 13 2026 23:09:34 GMT-0300 (Horário Padrão de Brasília),
527,03-0051,JT10304VJ0041,concluida,CORRETIVA,,true,,Sat Jan 24 2026 00:00:00 GMT-0300 (Horário Padrão de Brasília),Sat Jan 24 2026 00:00:00 GMT-0300 (Horário Padrão de Brasília),,,,,,Sat Jun 13 2026 23:09:34 GMT-0300 (Horário Padrão de Brasília),
528,03-0095,JT10304VJ0042,concluida,CORRETIVA,,true,,Sat Jan 24 2026 00:00:00 GMT-0300 (Horário Padrão de Brasília),Sat Jan 24 2026 00:00:00 GMT-0300 (Horário Padrão de Brasília),,,,,,Sat Jun 13 2026 23:09:34 GMT-0300 (Horário Padrão de Brasília),
529,03-0025,JT10304VJ0043,concluida,CORRETIVA,,true,,Sat Jan 24 2026 00:00:00 GMT-0300 (Horário Padrão de Brasília),Sat Jan 24 2026 00:00:00 GMT-0300 (Horário Padrão de Brasília),,,,,,Sat Jun 13 2026 23:09:34 GMT-0300 (Horário Padrão de Brasília),
530,03-0091,JT10304VJ0044,concluida,CORRETIVA,,true,,Sat Jan 24 2026 00:00:00 GMT-0300 (Horário Padrão de Brasília),Sat Jan 24 2026 00:00:00 GMT-0300 (Horário Padrão de Brasília),,,,,,Sat Jun 13 2026 23:09:34 GMT-0300 (Horário Padrão de Brasília),
531,03-0104,JT10304VJ0045,concluida,CORRETIVA,,true,,Sat Jan 24 2026 00:00:00 GMT-0300 (Horário Padrão de Brasília),Sat Jan 24 2026 00:00:00 GMT-0300 (Horário Padrão de Brasília),,,,,,Sat Jun 13 2026 23:09:34 GMT-0300 (Horário Padrão de Brasília),
532,03-0024,JT10304VJ0046,concluida,CORRETIVA,,true,,Sat Jan 24 2026 00:00:00 GMT-0300 (Horário Padrão de Brasília),Sat Jan 24 2026 00:00:00 GMT-0300 (Horário Padrão de Brasília),,,,,,Sat Jun 13 2026 23:09:34 GMT-0300 (Horário Padrão de Brasília),
533,03-0046,JT10203VJ0055,concluida,CORRETIVA,,true,,Sat Jan 24 2026 00:00:00 GMT-0300 (Horário Padrão de Brasília),Sat Jan 24 2026 00:00:00 GMT-0300 (Horário Padrão de Brasília),,,,,,Sat Jun 13 2026 23:09:34 GMT-0300 (Horário Padrão de Brasília),
534,03-0004,JT10304VJ0059,concluida,CORRETIVA,,true,,Sat Jan 24 2026 00:00:00 GMT-0300 (Horário Padrão de Brasília),Sat Jan 24 2026 00:00:00 GMT-0300 (Horário Padrão de Brasília),,,,,,Sat Jun 13 2026 23:09:34 GMT-0300 (Horário Padrão de Brasília),
535,03-0140,JT10203VJ0053,concluida,CORRETIVA,,true,,Sat Jan 24 2026 00:00:00 GMT-0300 (Horário Padrão de Brasília),Sat Jan 24 2026 00:00:00 GMT-0300 (Horário Padrão de Brasília),,,,,,Sat Jun 13 2026 23:09:34 GMT-0300 (Horário Padrão de Brasília),
536,03-0054,JT10304VJ0040,concluida,CORRETIVA,,true,,Sat Jan 24 2026 00:00:00 GMT-0300 (Horário Padrão de Brasília),Sat Jan 24 2026 00:00:00 GMT-0300 (Horário Padrão de Brasília),,,,,,Sat Jun 13 2026 23:09:34 GMT-0300 (Horário Padrão de Brasília),
537,03-0007,JT10304VJ0048,concluida,CORRETIVA,,true,,Sat Jan 24 2026 00:00:00 GMT-0300 (Horário Padrão de Brasília),Sat Jan 24 2026 00:00:00 GMT-0300 (Horário Padrão de Brasília),,,,,,Sat Jun 13 2026 23:09:34 GMT-0300 (Horário Padrão de Brasília),
538,03-0026,JT10101VL0001,concluida,CORRETIVA,,true,,Sat Jan 24 2026 00:00:00 GMT-0300 (Horário Padrão de Brasília),Sat Jan 24 2026 00:00:00 GMT-0300 (Horário Padrão de Brasília),,,,,,Sat Jun 13 2026 23:09:34 GMT-0300 (Horário Padrão de Brasília),
539,03-0088,MG10101VJ0007,concluida,CORRETIVA,,true,,Sat Jan 24 2026 00:00:00 GMT-0300 (Horário Padrão de Brasília),Sat Jan 24 2026 00:00:00 GMT-0300 (Horário Padrão de Brasília),,,,,,Sat Jun 13 2026 23:09:34 GMT-0300 (Horário Padrão de Brasília),
540,03-0077,CV10202VJ0034,concluida,CORRETIVA,,true,,Mon Jan 26 2026 00:00:00 GMT-0300 (Horário Padrão de Brasília),Mon Jan 26 2026 00:00:00 GMT-0300 (Horário Padrão de Brasília),,,,,,Sat Jun 13 2026 23:09:34 GMT-0300 (Horário Padrão de Brasília),
541,03-0118,CV10202VJ0045,concluida,CORRETIVA,,true,,Mon Jan 26 2026 00:00:00 GMT-0300 (Horário Padrão de Brasília),Mon Jan 26 2026 00:00:00 GMT-0300 (Horário Padrão de Brasília),,,,,,Sat Jun 13 2026 23:09:34 GMT-0300 (Horário Padrão de Brasília),
542,03-0107,CV10202VJ0046,concluida,CORRETIVA,,true,,Mon Jan 26 2026 00:00:00 GMT-0300 (Horário Padrão de Brasília),Mon Jan 26 2026 00:00:00 GMT-0300 (Horário Padrão de Brasília),,,,,,Sat Jun 13 2026 23:09:34 GMT-0300 (Horário Padrão de Brasília),
543,03-0136,CV10202VJ0031,concluida,CORRETIVA,,true,,Mon Jan 26 2026 00:00:00 GMT-0300 (Horário Padrão de Brasília),Mon Jan 26 2026 00:00:00 GMT-0300 (Horário Padrão de Brasília),,,,,,Sat Jun 13 2026 23:09:34 GMT-0300 (Horário Padrão de Brasília),
544,03-0122,CV10202VJ0039,concluida,CORRETIVA,,true,,Mon Jan 26 2026 00:00:00 GMT-0300 (Horário Padrão de Brasília),Mon Jan 26 2026 00:00:00 GMT-0300 (Horário Padrão de Brasília),,,,,,Sat Jun 13 2026 23:09:34 GMT-0300 (Horário Padrão de Brasília),
545,03-0065,CV10302VJ0013,concluida,CORRETIVA,,true,,Mon Jan 26 2026 00:00:00 GMT-0300 (Horário Padrão de Brasília),Mon Jan 26 2026 00:00:00 GMT-0300 (Horário Padrão de Brasília),,,,,,Sat Jun 13 2026 23:09:34 GMT-0300 (Horário Padrão de Brasília),
546,03-0114,CV10202VJ0043,concluida,CORRETIVA,,true,,Mon Jan 26 2026 00:00:00 GMT-0300 (Horário Padrão de Brasília),Mon Jan 26 2026 00:00:00 GMT-0300 (Horário Padrão de Brasília),,,,,,Sat Jun 13 2026 23:09:34 GMT-0300 (Horário Padrão de Brasília),
547,03-0105,CV10302VJ0015,concluida,CORRETIVA,,true,,Mon Jan 26 2026 00:00:00 GMT-0300 (Horário Padrão de Brasília),Mon Jan 26 2026 00:00:00 GMT-0300 (Horário Padrão de Brasília),,,,,,Sat Jun 13 2026 23:09:34 GMT-0300 (Horário Padrão de Brasília),
548,03-0126,CV10202VJ0033,concluida,CORRETIVA,,true,,Mon Jan 26 2026 00:00:00 GMT-0300 (Horário Padrão de Brasília),Mon Jan 26 2026 00:00:00 GMT-0300 (Horário Padrão de Brasília),,,,,,Sat Jun 13 2026 23:09:34 GMT-0300 (Horário Padrão de Brasília),
549,03-0084,CV10302VJ0011,concluida,CORRETIVA,,true,,Mon Jan 26 2026 00:00:00 GMT-0300 (Horário Padrão de Brasília),Mon Jan 26 2026 00:00:00 GMT-0300 (Horário Padrão de Brasília),,,,,,Sat Jun 13 2026 23:09:34 GMT-0300 (Horário Padrão de Brasília),
550,03-0129,CV10202VJ0041,concluida,CORRETIVA,,true,,Mon Jan 26 2026 00:00:00 GMT-0300 (Horário Padrão de Brasília),Mon Jan 26 2026 00:00:00 GMT-0300 (Horário Padrão de Brasília),,,,,,Sat Jun 13 2026 23:09:34 GMT-0300 (Horário Padrão de Brasília),
551,03-0085,CV10202VJ0036,concluida,CORRETIVA,,true,,Mon Jan 26 2026 00:00:00 GMT-0300 (Horário Padrão de Brasília),Mon Jan 26 2026 00:00:00 GMT-0300 (Horário Padrão de Brasília),,,,,,Sat Jun 13 2026 23:09:34 GMT-0300 (Horário Padrão de Brasília),
552,03-0121,CV10202VJ0040,concluida,CORRETIVA,,true,,Mon Jan 26 2026 00:00:00 GMT-0300 (Horário Padrão de Brasília),Mon Jan 26 2026 00:00:00 GMT-0300 (Horário Padrão de Brasília),,,,,,Sat Jun 13 2026 23:09:34 GMT-0300 (Horário Padrão de Brasília),
553,03-0108,CV10202VJ0042,concluida,CORRETIVA,,true,,Mon Jan 26 2026 00:00:00 GMT-0300 (Horário Padrão de Brasília),Mon Jan 26 2026 00:00:00 GMT-0300 (Horário Padrão de Brasília),,,,,,Sat Jun 13 2026 23:09:34 GMT-0300 (Horário Padrão de Brasília),
554,03-0082,CV10202VJ0029,concluida,CORRETIVA,,true,,Mon Jan 26 2026 00:00:00 GMT-0300 (Horário Padrão de Brasília),Mon Jan 26 2026 00:00:00 GMT-0300 (Horário Padrão de Brasília),,,,,,Sat Jun 13 2026 23:09:34 GMT-0300 (Horário Padrão de Brasília),
555,03-0038,CV10202VJ0030,concluida,CORRETIVA,,true,,Mon Jan 26 2026 00:00:00 GMT-0300 (Horário Padrão de Brasília),Mon Jan 26 2026 00:00:00 GMT-0300 (Horário Padrão de Brasília),,,,,,Sat Jun 13 2026 23:09:34 GMT-0300 (Horário Padrão de Brasília),
556,03-0056,CV10202VJ0032,concluida,CORRETIVA,,true,,Mon Jan 26 2026 00:00:00 GMT-0300 (Horário Padrão de Brasília),Mon Jan 26 2026 00:00:00 GMT-0300 (Horário Padrão de Brasília),,,,,,Sat Jun 13 2026 23:09:34 GMT-0300 (Horário Padrão de Brasília),
557,03-0139,CV10302VJ0014,concluida,CORRETIVA,,true,,Mon Jan 26 2026 00:00:00 GMT-0300 (Horário Padrão de Brasília),Mon Jan 26 2026 00:00:00 GMT-0300 (Horário Padrão de Brasília),,,,,,Sat Jun 13 2026 23:09:34 GMT-0300 (Horário Padrão de Brasília),
558,03-0132,CV10202VJ0038,concluida,CORRETIVA,,true,,Mon Jan 26 2026 00:00:00 GMT-0300 (Horário Padrão de Brasília),Mon Jan 26 2026 00:00:00 GMT-0300 (Horário Padrão de Brasília),,,,,,Sat Jun 13 2026 23:09:34 GMT-0300 (Horário Padrão de Brasília),
559,03-0076,JT10302VJ0057,concluida,CORRETIVA,,true,,Mon Jan 26 2026 00:00:00 GMT-0300 (Horário Padrão de Brasília),Mon Jan 26 2026 00:00:00 GMT-0300 (Horário Padrão de Brasília),,,,,,Sat Jun 13 2026 23:09:34 GMT-0300 (Horário Padrão de Brasília),
560,03-0052,JT10302VJ0006,concluida,CORRETIVA,,true,,Mon Jan 26 2026 00:00:00 GMT-0300 (Horário Padrão de Brasília),Mon Jan 26 2026 00:00:00 GMT-0300 (Horário Padrão de Brasília),,,,,,Sat Jun 13 2026 23:09:34 GMT-0300 (Horário Padrão de Brasília),
561,03-0117,JT10302VJ0013,concluida,CORRETIVA,,true,,Mon Jan 26 2026 00:00:00 GMT-0300 (Horário Padrão de Brasília),Mon Jan 26 2026 00:00:00 GMT-0300 (Horário Padrão de Brasília),,,,,,Sat Jun 13 2026 23:09:34 GMT-0300 (Horário Padrão de Brasília),
562,03-0037,JT10302VJ0005,concluida,CORRETIVA,,true,,Mon Jan 26 2026 00:00:00 GMT-0300 (Horário Padrão de Brasília),Mon Jan 26 2026 00:00:00 GMT-0300 (Horário Padrão de Brasília),,,,,,Sat Jun 13 2026 23:09:34 GMT-0300 (Horário Padrão de Brasília),
563,03-0013,MG10101VJ0013,concluida,CORRETIVA,,false,,Mon Jan 26 2026 00:00:00 GMT-0300 (Horário Padrão de Brasília),Wed Jan 21 2026 00:00:00 GMT-0300 (Horário Padrão de Brasília),,,,,,Sat Jun 13 2026 23:09:34 GMT-0300 (Horário Padrão de Brasília),
564,03-0066,CV10203VJ0048,concluida,CORRETIVA,,true,,Tue Jan 27 2026 00:00:00 GMT-0300 (Horário Padrão de Brasília),Tue Jan 27 2026 00:00:00 GMT-0300 (Horário Padrão de Brasília),,,,,,Sat Jun 13 2026 23:09:34 GMT-0300 (Horário Padrão de Brasília),
565,03-0134,CV10203VJ0049,concluida,CORRETIVA,,true,,Tue Jan 27 2026 00:00:00 GMT-0300 (Horário Padrão de Brasília),Tue Jan 27 2026 00:00:00 GMT-0300 (Horário Padrão de Brasília),,,,,,Sat Jun 13 2026 23:09:34 GMT-0300 (Horário Padrão de Brasília),
566,03-0071,CV10203VJ0050,concluida,CORRETIVA,,false,,Tue Jan 27 2026 00:00:00 GMT-0300 (Horário Padrão de Brasília),Sat Dec 13 2025 00:00:00 GMT-0300 (Horário Padrão de Brasília),,,,,,Sat Jun 13 2026 23:09:34 GMT-0300 (Horário Padrão de Brasília),
567,03-0012,CV10203VJ0052,concluida,CORRETIVA,,true,,Tue Jan 27 2026 00:00:00 GMT-0300 (Horário Padrão de Brasília),Tue Jan 27 2026 00:00:00 GMT-0300 (Horário Padrão de Brasília),,,,,,Sat Jun 13 2026 23:09:34 GMT-0300 (Horário Padrão de Brasília),
568,03-0100,CV10203VJ0054,concluida,CORRETIVA,,true,,Tue Jan 27 2026 00:00:00 GMT-0300 (Horário Padrão de Brasília),Tue Jan 27 2026 00:00:00 GMT-0300 (Horário Padrão de Brasília),,,,,,Sat Jun 13 2026 23:09:34 GMT-0300 (Horário Padrão de Brasília),
569,03-0028,CV10203VJ0058,concluida,CORRETIVA,,true,,Tue Jan 27 2026 00:00:00 GMT-0300 (Horário Padrão de Brasília),Tue Jan 27 2026 00:00:00 GMT-0300 (Horário Padrão de Brasília),,,,,,Sat Jun 13 2026 23:09:34 GMT-0300 (Horário Padrão de Brasília),
570,03-0034,CV10203VJ0059,concluida,CORRETIVA,,true,,Tue Jan 27 2026 00:00:00 GMT-0300 (Horário Padrão de Brasília),Tue Jan 27 2026 00:00:00 GMT-0300 (Horário Padrão de Brasília),,,,,,Sat Jun 13 2026 23:09:34 GMT-0300 (Horário Padrão de Brasília),
571,03-0035,CV10203VJ0061,concluida,CORRETIVA,,true,,Tue Jan 27 2026 00:00:00 GMT-0300 (Horário Padrão de Brasília),Tue Jan 27 2026 00:00:00 GMT-0300 (Horário Padrão de Brasília),,,,,,Sat Jun 13 2026 23:09:34 GMT-0300 (Horário Padrão de Brasília),
572,03-0073,CV10303VJ0017,concluida,CORRETIVA,,false,,Tue Jan 27 2026 00:00:00 GMT-0300 (Horário Padrão de Brasília),Mon Dec 22 2025 00:00:00 GMT-0300 (Horário Padrão de Brasília),,,,,,Sat Jun 13 2026 23:09:34 GMT-0300 (Horário Padrão de Brasília),
573,03-0061,CV10303VJ0019,concluida,CORRETIVA,,true,,Tue Jan 27 2026 00:00:00 GMT-0300 (Horário Padrão de Brasília),Tue Jan 27 2026 00:00:00 GMT-0300 (Horário Padrão de Brasília),,,,,,Sat Jun 13 2026 23:09:34 GMT-0300 (Horário Padrão de Brasília),
574,03-0131,CV10303VJ0020,concluida,CORRETIVA,,true,,Tue Jan 27 2026 00:00:00 GMT-0300 (Horário Padrão de Brasília),Tue Jan 27 2026 00:00:00 GMT-0300 (Horário Padrão de Brasília),,,,,,Sat Jun 13 2026 23:09:34 GMT-0300 (Horário Padrão de Brasília),
575,03-0067,CV10303VJ0021,concluida,CORRETIVA,,true,,Tue Jan 27 2026 00:00:00 GMT-0300 (Horário Padrão de Brasília),Tue Jan 27 2026 00:00:00 GMT-0300 (Horário Padrão de Brasília),,,,,,Sat Jun 13 2026 23:09:34 GMT-0300 (Horário Padrão de Brasília),
576,03-0116,CV10303VJ0022,concluida,CORRETIVA,,true,,Tue Jan 27 2026 00:00:00 GMT-0300 (Horário Padrão de Brasília),Tue Jan 27 2026 00:00:00 GMT-0300 (Horário Padrão de Brasília),,,,,,Sat Jun 13 2026 23:09:34 GMT-0300 (Horário Padrão de Brasília),
577,03-0044,CV10304VJ0023,concluida,CORRETIVA,,false,,Tue Jan 27 2026 00:00:00 GMT-0300 (Horário Padrão de Brasília),Wed Dec 03 2025 00:00:00 GMT-0300 (Horário Padrão de Brasília),,,,,,Sat Jun 13 2026 23:09:34 GMT-0300 (Horário Padrão de Brasília),
578,03-0062,CV10304VJ0024,concluida,CORRETIVA,,false,,Tue Jan 27 2026 00:00:00 GMT-0300 (Horário Padrão de Brasília),Thu Jan 22 2026 00:00:00 GMT-0300 (Horário Padrão de Brasília),,,,,,Sat Jun 13 2026 23:09:34 GMT-0300 (Horário Padrão de Brasília),
579,03-0140,JT10203VJ0053,concluida,CORRETIVA,,true,,Tue Jan 27 2026 00:00:00 GMT-0300 (Horário Padrão de Brasília),Tue Jan 27 2026 00:00:00 GMT-0300 (Horário Padrão de Brasília),,,,,,Sat Jun 13 2026 23:09:34 GMT-0300 (Horário Padrão de Brasília),
580,03-0137,JT10303VJ0021,concluida,CORRETIVA,,false,,Tue Jan 27 2026 00:00:00 GMT-0300 (Horário Padrão de Brasília),Fri Dec 26 2025 00:00:00 GMT-0300 (Horário Padrão de Brasília),,,,,,Sat Jun 13 2026 23:09:34 GMT-0300 (Horário Padrão de Brasília),
581,03-0090,JT10303VJ0032,concluida,CORRETIVA,,true,,Tue Jan 27 2026 00:00:00 GMT-0300 (Horário Padrão de Brasília),Tue Jan 27 2026 00:00:00 GMT-0300 (Horário Padrão de Brasília),,,,,,Sat Jun 13 2026 23:09:34 GMT-0300 (Horário Padrão de Brasília),
582,03-0008,JT10303VJ0036,concluida,CORRETIVA,,true,,Tue Jan 27 2026 00:00:00 GMT-0300 (Horário Padrão de Brasília),Tue Jan 27 2026 00:00:00 GMT-0300 (Horário Padrão de Brasília),,,,,,Sat Jun 13 2026 23:09:34 GMT-0300 (Horário Padrão de Brasília),
583,03-0075,MG10101VJ0010,concluida,CORRETIVA,,true,,Tue Jan 27 2026 00:00:00 GMT-0300 (Horário Padrão de Brasília),Tue Jan 27 2026 00:00:00 GMT-0300 (Horário Padrão de Brasília),,,,,,Sat Jun 13 2026 23:09:34 GMT-0300 (Horário Padrão de Brasília),
584,03-0097,CV10202VJ0035,concluida,CORRETIVA,,true,,Wed Jan 28 2026 00:00:00 GMT-0300 (Horário Padrão de Brasília),Wed Jan 28 2026 00:00:00 GMT-0300 (Horário Padrão de Brasília),,,,,,Sat Jun 13 2026 23:09:34 GMT-0300 (Horário Padrão de Brasília),
585,03-0020,CV10304VJ0026,concluida,CORRETIVA,,true,,Wed Jan 28 2026 00:00:00 GMT-0300 (Horário Padrão de Brasília),Wed Jan 28 2026 00:00:00 GMT-0300 (Horário Padrão de Brasília),,,,,,Sat Jun 13 2026 23:09:34 GMT-0300 (Horário Padrão de Brasília),
586,03-0010,CV10304VJ0027,concluida,CORRETIVA,,true,,Wed Jan 28 2026 00:00:00 GMT-0300 (Horário Padrão de Brasília),Wed Jan 28 2026 00:00:00 GMT-0300 (Horário Padrão de Brasília),,,,,,Sat Jun 13 2026 23:09:34 GMT-0300 (Horário Padrão de Brasília),
587,03-0125,CV10304VJ0028,concluida,CORRETIVA,,true,,Wed Jan 28 2026 00:00:00 GMT-0300 (Horário Padrão de Brasília),Wed Jan 28 2026 00:00:00 GMT-0300 (Horário Padrão de Brasília),,,,,,Sat Jun 13 2026 23:09:34 GMT-0300 (Horário Padrão de Brasília),
588,03-0040,JT10304VJ0037,concluida,CORRETIVA,,true,,Wed Jan 28 2026 00:00:00 GMT-0300 (Horário Padrão de Brasília),Wed Jan 28 2026 00:00:00 GMT-0300 (Horário Padrão de Brasília),,,,,,Sat Jun 13 2026 23:09:34 GMT-0300 (Horário Padrão de Brasília),
589,03-0127,JT10304VJ0039,concluida,CORRETIVA,,true,,Wed Jan 28 2026 00:00:00 GMT-0300 (Horário Padrão de Brasília),Wed Jan 28 2026 00:00:00 GMT-0300 (Horário Padrão de Brasília),,,,,,Sat Jun 13 2026 23:09:34 GMT-0300 (Horário Padrão de Brasília),
590,03-0051,JT10304VJ0041,concluida,CORRETIVA,,true,,Wed Jan 28 2026 00:00:00 GMT-0300 (Horário Padrão de Brasília),Wed Jan 28 2026 00:00:00 GMT-0300 (Horário Padrão de Brasília),,,,,,Sat Jun 13 2026 23:09:34 GMT-0300 (Horário Padrão de Brasília),
591,03-0095,JT10304VJ0042,concluida,CORRETIVA,,true,,Wed Jan 28 2026 00:00:00 GMT-0300 (Horário Padrão de Brasília),Wed Jan 28 2026 00:00:00 GMT-0300 (Horário Padrão de Brasília),,,,,,Sat Jun 13 2026 23:09:34 GMT-0300 (Horário Padrão de Brasília),
592,03-0104,JT10304VJ0045,concluida,CORRETIVA,,true,,Wed Jan 28 2026 00:00:00 GMT-0300 (Horário Padrão de Brasília),Wed Jan 28 2026 00:00:00 GMT-0300 (Horário Padrão de Brasília),,,,,,Sat Jun 13 2026 23:09:34 GMT-0300 (Horário Padrão de Brasília),
593,03-0032,JT10304VJ0051,concluida,CORRETIVA,,true,,Wed Jan 28 2026 00:00:00 GMT-0300 (Horário Padrão de Brasília),Wed Jan 28 2026 00:00:00 GMT-0300 (Horário Padrão de Brasília),,,,,,Sat Jun 13 2026 23:09:34 GMT-0300 (Horário Padrão de Brasília),
594,03-0027,JT10304VJ0052,concluida,CORRETIVA,,true,,Wed Jan 28 2026 00:00:00 GMT-0300 (Horário Padrão de Brasília),Wed Jan 28 2026 00:00:00 GMT-0300 (Horário Padrão de Brasília),,,,,,Sat Jun 13 2026 23:09:34 GMT-0300 (Horário Padrão de Brasília),
595,03-0092,CV10302VJ0012,concluida,CORRETIVA,,false,,Thu Jan 29 2026 00:00:00 GMT-0300 (Horário Padrão de Brasília),Sun Dec 21 2025 00:00:00 GMT-0300 (Horário Padrão de Brasília),,,,,,Sat Jun 13 2026 23:09:34 GMT-0300 (Horário Padrão de Brasília),
596,03-0070,CV10302VJ0016,concluida,CORRETIVA,,true,,Thu Jan 29 2026 00:00:00 GMT-0300 (Horário Padrão de Brasília),Thu Jan 29 2026 00:00:00 GMT-0300 (Horário Padrão de Brasília),,,,,,Sat Jun 13 2026 23:09:34 GMT-0300 (Horário Padrão de Brasília),
597,03-0071,CV10203VJ0050,concluida,CORRETIVA,,false,,Thu Jan 29 2026 00:00:00 GMT-0300 (Horário Padrão de Brasília),Sat Dec 13 2025 00:00:00 GMT-0300 (Horário Padrão de Brasília),,,,,,Sat Jun 13 2026 23:09:34 GMT-0300 (Horário Padrão de Brasília),
598,03-0052,JT10302VJ0006,concluida,CORRETIVA,,true,,Thu Jan 29 2026 00:00:00 GMT-0300 (Horário Padrão de Brasília),Thu Jan 29 2026 00:00:00 GMT-0300 (Horário Padrão de Brasília),,,,,,Sat Jun 13 2026 23:09:34 GMT-0300 (Horário Padrão de Brasília),
599,03-0074,JT10302VJ0008,concluida,CORRETIVA,,true,,Thu Jan 29 2026 00:00:00 GMT-0300 (Horário Padrão de Brasília),Thu Jan 29 2026 00:00:00 GMT-0300 (Horário Padrão de Brasília),,,,,,Sat Jun 13 2026 23:09:34 GMT-0300 (Horário Padrão de Brasília),
600,03-0079,JT10302VJ0009,concluida,CORRETIVA,,true,,Thu Jan 29 2026 00:00:00 GMT-0300 (Horário Padrão de Brasília),Thu Jan 29 2026 00:00:00 GMT-0300 (Horário Padrão de Brasília),,,,,,Sat Jun 13 2026 23:09:34 GMT-0300 (Horário Padrão de Brasília),
601,03-0018,JT10302VJ0010,concluida,CORRETIVA,,false,,Thu Jan 29 2026 00:00:00 GMT-0300 (Horário Padrão de Brasília),Sun Jan 18 2026 00:00:00 GMT-0300 (Horário Padrão de Brasília),,,,,,Sat Jun 13 2026 23:09:34 GMT-0300 (Horário Padrão de Brasília),
602,03-0110,JT10302VJ0014,concluida,CORRETIVA,,true,,Thu Jan 29 2026 00:00:00 GMT-0300 (Horário Padrão de Brasília),Thu Jan 29 2026 00:00:00 GMT-0300 (Horário Padrão de Brasília),,,,,,Sat Jun 13 2026 23:09:34 GMT-0300 (Horário Padrão de Brasília),
603,03-0112,CV10101VJ0006,concluida,CORRETIVA,,true,,Sat Jan 31 2026 00:00:00 GMT-0300 (Horário Padrão de Brasília),Sat Jan 31 2026 00:00:00 GMT-0300 (Horário Padrão de Brasília),,,,,,Sat Jun 13 2026 23:09:34 GMT-0300 (Horário Padrão de Brasília),
604,03-0022,CV10203VJ0056,concluida,PREVENTIVA,,true,,Sat Jan 31 2026 00:00:00 GMT-0300 (Horário Padrão de Brasília),Sat Jan 31 2026 00:00:00 GMT-0300 (Horário Padrão de Brasília),,,,,,Sat Jun 13 2026 23:09:34 GMT-0300 (Horário Padrão de Brasília),
605,03-0057,CV10101VJ0005,concluida,PREVENTIVA,,false,,Sat Jan 31 2026 00:00:00 GMT-0300 (Horário Padrão de Brasília),Fri Jan 30 2026 00:00:00 GMT-0300 (Horário Padrão de Brasília),,,,,,Sat Jun 13 2026 23:09:34 GMT-0300 (Horário Padrão de Brasília),
606,03-0006,MG10101VJ0006,concluida,CORRETIVA,,true,,Sat Jan 31 2026 00:00:00 GMT-0300 (Horário Padrão de Brasília),Sat Jan 31 2026 00:00:00 GMT-0300 (Horário Padrão de Brasília),,,,,,Sat Jun 13 2026 23:09:34 GMT-0300 (Horário Padrão de Brasília),
607,03-0087,MG10101VJ0005,concluida,PREVENTIVA,,true,,Sat Jan 31 2026 00:00:00 GMT-0300 (Horário Padrão de Brasília),Sat Jan 31 2026 00:00:00 GMT-0300 (Horário Padrão de Brasília),,,,,,Sat Jun 13 2026 23:09:34 GMT-0300 (Horário Padrão de Brasília),
608,03-0021,MG10101VJ0008,concluida,PREVENTIVA,,true,,Sat Jan 31 2026 00:00:00 GMT-0300 (Horário Padrão de Brasília),Sat Jan 31 2026 00:00:00 GMT-0300 (Horário Padrão de Brasília),,,,,,Sat Jun 13 2026 23:09:34 GMT-0300 (Horário Padrão de Brasília),
609,03-0065,CV10302VJ0013,concluida,CORRETIVA,,true,,Mon Feb 02 2026 00:00:00 GMT-0300 (Horário Padrão de Brasília),Mon Feb 02 2026 00:00:00 GMT-0300 (Horário Padrão de Brasília),,,,,,Sat Jun 13 2026 23:09:34 GMT-0300 (Horário Padrão de Brasília),
610,03-0115,CV10202VJ0037,concluida,PREVENTIVA,,true,,Mon Feb 02 2026 00:00:00 GMT-0300 (Horário Padrão de Brasília),Mon Feb 02 2026 00:00:00 GMT-0300 (Horário Padrão de Brasília),,,,,,Sat Jun 13 2026 23:09:34 GMT-0300 (Horário Padrão de Brasília),
611,03-0101,CV10101VJ0004,concluida,PREVENTIVA,,true,,Mon Feb 02 2026 00:00:00 GMT-0300 (Horário Padrão de Brasília),Mon Feb 02 2026 00:00:00 GMT-0300 (Horário Padrão de Brasília),,,,,,Sat Jun 13 2026 23:09:34 GMT-0300 (Horário Padrão de Brasília),
612,03-0130,CV10102VJ0010,concluida,PREVENTIVA,,true,,Mon Feb 02 2026 00:00:00 GMT-0300 (Horário Padrão de Brasília),Mon Feb 02 2026 00:00:00 GMT-0300 (Horário Padrão de Brasília),,,,,,Sat Jun 13 2026 23:09:34 GMT-0300 (Horário Padrão de Brasília),
613,03-0023,JT10102VJ0003,concluida,PREVENTIVA,,true,,Mon Feb 02 2026 00:00:00 GMT-0300 (Horário Padrão de Brasília),Mon Feb 02 2026 00:00:00 GMT-0300 (Horário Padrão de Brasília),,,,,,Sat Jun 13 2026 23:09:34 GMT-0300 (Horário Padrão de Brasília),
614,03-0058,JT10302VJ0019,concluida,PREVENTIVA,,true,,Mon Feb 02 2026 00:00:00 GMT-0300 (Horário Padrão de Brasília),Mon Feb 02 2026 00:00:00 GMT-0300 (Horário Padrão de Brasília),,,,,,Sat Jun 13 2026 23:09:34 GMT-0300 (Horário Padrão de Brasília),
615,03-0138,JT10102VJ0002,concluida,PREVENTIVA,,true,,Mon Feb 02 2026 00:00:00 GMT-0300 (Horário Padrão de Brasília),Mon Feb 02 2026 00:00:00 GMT-0300 (Horário Padrão de Brasília),,,,,,Sat Jun 13 2026 23:09:34 GMT-0300 (Horário Padrão de Brasília),
616,03-0080,JT10101VJ0004,concluida,PREVENTIVA,,true,,Mon Feb 02 2026 00:00:00 GMT-0300 (Horário Padrão de Brasília),Mon Feb 02 2026 00:00:00 GMT-0300 (Horário Padrão de Brasília),,,,,,Sat Jun 13 2026 23:09:34 GMT-0300 (Horário Padrão de Brasília),
617,03-0086,JT10101VL0002,concluida,PREVENTIVA,,true,,Mon Feb 02 2026 00:00:00 GMT-0300 (Horário Padrão de Brasília),Mon Feb 02 2026 00:00:00 GMT-0300 (Horário Padrão de Brasília),,,,,,Sat Jun 13 2026 23:09:34 GMT-0300 (Horário Padrão de Brasília),
618,03-0103,JT20102VJ0001,concluida,PREVENTIVA,,true,,Mon Feb 02 2026 00:00:00 GMT-0300 (Horário Padrão de Brasília),Mon Feb 02 2026 00:00:00 GMT-0300 (Horário Padrão de Brasília),,,,,,Sat Jun 13 2026 23:09:34 GMT-0300 (Horário Padrão de Brasília),
619,03-0057,CV10101VJ0005,concluida,CORRETIVA,,false,,Tue Feb 03 2026 00:00:00 GMT-0300 (Horário Padrão de Brasília),Fri Jan 30 2026 00:00:00 GMT-0300 (Horário Padrão de Brasília),,,,,,Sat Jun 13 2026 23:09:34 GMT-0300 (Horário Padrão de Brasília),
620,03-0071,CV10203VJ0050,concluida,CORRETIVA,,false,,Tue Feb 03 2026 00:00:00 GMT-0300 (Horário Padrão de Brasília),Sat Dec 13 2025 00:00:00 GMT-0300 (Horário Padrão de Brasília),,,,,,Sat Jun 13 2026 23:09:34 GMT-0300 (Horário Padrão de Brasília),
621,03-0073,CV10303VJ0017,concluida,CORRETIVA,,false,,Tue Feb 03 2026 00:00:00 GMT-0300 (Horário Padrão de Brasília),Fri Jan 30 2026 00:00:00 GMT-0300 (Horário Padrão de Brasília),,,,,,Sat Jun 13 2026 23:09:34 GMT-0300 (Horário Padrão de Brasília),
622,03-0131,CV10303VJ0020,concluida,CORRETIVA,,true,,Tue Feb 03 2026 00:00:00 GMT-0300 (Horário Padrão de Brasília),Tue Feb 03 2026 00:00:00 GMT-0300 (Horário Padrão de Brasília),0.79,79.00,,,,Sat Jun 13 2026 23:09:34 GMT-0300 (Horário Padrão de Brasília),
623,03-0059,JT20102VJ0003,concluida,PREVENTIVA,,true,,Tue Feb 03 2026 00:00:00 GMT-0300 (Horário Padrão de Brasília),Tue Feb 03 2026 00:00:00 GMT-0300 (Horário Padrão de Brasília),0.94,94.00,,,,Sat Jun 13 2026 23:09:34 GMT-0300 (Horário Padrão de Brasília),
624,03-0137,JT10303VJ0021,concluida,CORRETIVA,,false,,Tue Feb 03 2026 00:00:00 GMT-0300 (Horário Padrão de Brasília),Wed Jan 28 2026 00:00:00 GMT-0300 (Horário Padrão de Brasília),,,,,,Sat Jun 13 2026 23:09:34 GMT-0300 (Horário Padrão de Brasília),
625,03-0142,JT10303VJ0023,concluida,CORRETIVA,,true,,Tue Feb 03 2026 00:00:00 GMT-0300 (Horário Padrão de Brasília),Tue Feb 03 2026 00:00:00 GMT-0300 (Horário Padrão de Brasília),0.79,79.00,,,,Sat Jun 13 2026 23:09:34 GMT-0300 (Horário Padrão de Brasília),
626,03-0002,JT10303VJ0025,concluida,CORRETIVA,,false,,Tue Feb 03 2026 00:00:00 GMT-0300 (Horário Padrão de Brasília),Sat Dec 06 2025 00:00:00 GMT-0300 (Horário Padrão de Brasília),,,,,,Sat Jun 13 2026 23:09:34 GMT-0300 (Horário Padrão de Brasília),
627,03-0043,JT10303VJ0029,concluida,CORRETIVA,,true,,Tue Feb 03 2026 00:00:00 GMT-0300 (Horário Padrão de Brasília),Tue Feb 03 2026 00:00:00 GMT-0300 (Horário Padrão de Brasília),0.79,79.00,,,,Sat Jun 13 2026 23:09:34 GMT-0300 (Horário Padrão de Brasília),
628,03-0133,JT10303VJ0031,concluida,PREVENTIVA,,true,,Tue Feb 03 2026 00:00:00 GMT-0300 (Horário Padrão de Brasília),Tue Feb 03 2026 00:00:00 GMT-0300 (Horário Padrão de Brasília),0.84,84.00,,,,Sat Jun 13 2026 23:09:34 GMT-0300 (Horário Padrão de Brasília),
629,03-0090,JT10303VJ0032,concluida,CORRETIVA,,false,,Tue Feb 03 2026 00:00:00 GMT-0300 (Horário Padrão de Brasília),Sat Jan 31 2026 00:00:00 GMT-0300 (Horário Padrão de Brasília),,,,,,Sat Jun 13 2026 23:09:34 GMT-0300 (Horário Padrão de Brasília),
630,03-0053,JT10303VJ0034,concluida,CORRETIVA,,true,,Tue Feb 03 2026 00:00:00 GMT-0300 (Horário Padrão de Brasília),Tue Feb 03 2026 00:00:00 GMT-0300 (Horário Padrão de Brasília),0.94,94.00,,,,Sat Jun 13 2026 23:09:34 GMT-0300 (Horário Padrão de Brasília),
631,03-0124,MG10101VJ0001,concluida,CORRETIVA,,false,,Tue Feb 03 2026 00:00:00 GMT-0300 (Horário Padrão de Brasília),Wed Jan 21 2026 00:00:00 GMT-0300 (Horário Padrão de Brasília),,,,,,Sat Jun 13 2026 23:09:34 GMT-0300 (Horário Padrão de Brasília),
632,03-0082,CV10202VJ0029,concluida,CORRETIVA,,true,,Wed Feb 04 2026 00:00:00 GMT-0300 (Horário Padrão de Brasília),Wed Feb 04 2026 00:00:00 GMT-0300 (Horário Padrão de Brasília),0.38,38.00,,,,Sat Jun 13 2026 23:09:34 GMT-0300 (Horário Padrão de Brasília),
633,03-0038,CV10202VJ0030,concluida,CORRETIVA,,true,,Wed Feb 04 2026 00:00:00 GMT-0300 (Horário Padrão de Brasília),Wed Feb 04 2026 00:00:00 GMT-0300 (Horário Padrão de Brasília),0.89,89.00,,,,Sat Jun 13 2026 23:09:34 GMT-0300 (Horário Padrão de Brasília),
634,03-0062,CV10304VJ0024,concluida,CORRETIVA,,false,,Wed Feb 04 2026 00:00:00 GMT-0300 (Horário Padrão de Brasília),Thu Jan 29 2026 00:00:00 GMT-0300 (Horário Padrão de Brasília),,,,,,Sat Jun 13 2026 23:09:34 GMT-0300 (Horário Padrão de Brasília),
635,03-0108,CV10202VJ0042,concluida,CORRETIVA,,true,,Wed Feb 04 2026 00:00:00 GMT-0300 (Horário Padrão de Brasília),Wed Feb 04 2026 00:00:00 GMT-0300 (Horário Padrão de Brasília),0.89,89.00,,,,Sat Jun 13 2026 23:09:34 GMT-0300 (Horário Padrão de Brasília),
636,03-0136,CV10202VJ0031,concluida,CORRETIVA,,true,,Wed Feb 04 2026 00:00:00 GMT-0300 (Horário Padrão de Brasília),Wed Feb 04 2026 00:00:00 GMT-0300 (Horário Padrão de Brasília),0.79,79.00,,,,Sat Jun 13 2026 23:09:34 GMT-0300 (Horário Padrão de Brasília),
637,03-0056,CV10202VJ0032,concluida,CORRETIVA,,false,,Wed Feb 04 2026 00:00:00 GMT-0300 (Horário Padrão de Brasília),Mon Feb 02 2026 00:00:00 GMT-0300 (Horário Padrão de Brasília),,,,,,Sat Jun 13 2026 23:09:34 GMT-0300 (Horário Padrão de Brasília),
638,03-0020,CV10304VJ0026,concluida,CORRETIVA,,true,,Wed Feb 04 2026 00:00:00 GMT-0300 (Horário Padrão de Brasília),Wed Feb 04 2026 00:00:00 GMT-0300 (Horário Padrão de Brasília),0.89,89.00,,,,Sat Jun 13 2026 23:09:34 GMT-0300 (Horário Padrão de Brasília),
639,03-0044,CV10304VJ0023,concluida,CORRETIVA,,true,,Wed Feb 04 2026 00:00:00 GMT-0300 (Horário Padrão de Brasília),Wed Feb 04 2026 00:00:00 GMT-0300 (Horário Padrão de Brasília),0.84,84.00,,,,Sat Jun 13 2026 23:09:34 GMT-0300 (Horário Padrão de Brasília),
640,03-0125,CV10304VJ0028,concluida,CORRETIVA,,true,,Wed Feb 04 2026 00:00:00 GMT-0300 (Horário Padrão de Brasília),Wed Feb 04 2026 00:00:00 GMT-0300 (Horário Padrão de Brasília),0.84,84.00,,,,Sat Jun 13 2026 23:09:34 GMT-0300 (Horário Padrão de Brasília),
641,03-0007,JT10304VJ0048,concluida,CORRETIVA,,true,,Wed Feb 04 2026 00:00:00 GMT-0300 (Horário Padrão de Brasília),Wed Feb 04 2026 00:00:00 GMT-0300 (Horário Padrão de Brasília),0,0.00,,,,Sat Jun 13 2026 23:09:34 GMT-0300 (Horário Padrão de Brasília),
642,03-0095,JT10304VJ0042,concluida,CORRETIVA,,false,,Wed Feb 04 2026 00:00:00 GMT-0300 (Horário Padrão de Brasília),Wed Jan 28 2026 00:00:00 GMT-0300 (Horário Padrão de Brasília),,,,,,Sat Jun 13 2026 23:09:34 GMT-0300 (Horário Padrão de Brasília),
643,03-0026,JT10101VL0001,concluida,PREVENTIVA,,true,,Wed Feb 04 2026 00:00:00 GMT-0300 (Horário Padrão de Brasília),Wed Feb 04 2026 00:00:00 GMT-0300 (Horário Padrão de Brasília),1,100.00,,,,Sat Jun 13 2026 23:09:34 GMT-0300 (Horário Padrão de Brasília),
644,03-0086,JT10101VL0002,concluida,PREVENTIVA,,true,,Wed Feb 04 2026 00:00:00 GMT-0300 (Horário Padrão de Brasília),Wed Feb 04 2026 00:00:00 GMT-0300 (Horário Padrão de Brasília),0.69,69.00,,,,Sat Jun 13 2026 23:09:34 GMT-0300 (Horário Padrão de Brasília),
645,03-0025,JT10304VJ0043,concluida,CORRETIVA,,true,,Wed Feb 04 2026 00:00:00 GMT-0300 (Horário Padrão de Brasília),Wed Feb 04 2026 00:00:00 GMT-0300 (Horário Padrão de Brasília),0.94,94.00,,,,Sat Jun 13 2026 23:09:34 GMT-0300 (Horário Padrão de Brasília),
646,03-0091,JT10304VJ0044,concluida,PREVENTIVA,,true,,Wed Feb 04 2026 00:00:00 GMT-0300 (Horário Padrão de Brasília),Wed Feb 04 2026 00:00:00 GMT-0300 (Horário Padrão de Brasília),0.91,91.00,,,,Sat Jun 13 2026 23:09:34 GMT-0300 (Horário Padrão de Brasília),
647,03-0051,JT10304VJ0041,concluida,CORRETIVA,,false,,Wed Feb 04 2026 00:00:00 GMT-0300 (Horário Padrão de Brasília),Sat Jan 31 2026 00:00:00 GMT-0300 (Horário Padrão de Brasília),,,,,,Sat Jun 13 2026 23:09:34 GMT-0300 (Horário Padrão de Brasília),
648,03-0027,JT10304VJ0052,concluida,CORRETIVA,,true,,Wed Feb 04 2026 00:00:00 GMT-0300 (Horário Padrão de Brasília),Wed Feb 04 2026 00:00:00 GMT-0300 (Horário Padrão de Brasília),0.89,89.00,,,,Sat Jun 13 2026 23:09:34 GMT-0300 (Horário Padrão de Brasília),
649,03-0127,JT10304VJ0039,concluida,CORRETIVA,,true,,Wed Feb 04 2026 00:00:00 GMT-0300 (Horário Padrão de Brasília),Wed Feb 04 2026 00:00:00 GMT-0300 (Horário Padrão de Brasília),1,100.00,,,,Sat Jun 13 2026 23:09:34 GMT-0300 (Horário Padrão de Brasília),
650,03-0104,JT10304VJ0045,concluida,CORRETIVA,,true,,Wed Feb 04 2026 00:00:00 GMT-0300 (Horário Padrão de Brasília),Wed Feb 04 2026 00:00:00 GMT-0300 (Horário Padrão de Brasília),0.89,89.00,,,,Sat Jun 13 2026 23:09:34 GMT-0300 (Horário Padrão de Brasília),
651,03-0032,JT10304VJ0051,concluida,CORRETIVA,,true,,Wed Feb 04 2026 00:00:00 GMT-0300 (Horário Padrão de Brasília),Wed Feb 04 2026 00:00:00 GMT-0300 (Horário Padrão de Brasília),0.94,94.00,,,,Sat Jun 13 2026 23:09:34 GMT-0300 (Horário Padrão de Brasília),
652,03-0022,CV10203VJ0056,concluida,PREVENTIVA,,true,,Thu Feb 05 2026 00:00:00 GMT-0300 (Horário Padrão de Brasília),Thu Feb 05 2026 00:00:00 GMT-0300 (Horário Padrão de Brasília),0.79,79.00,,,,Sat Jun 13 2026 23:09:34 GMT-0300 (Horário Padrão de Brasília),
653,03-0092,CV10302VJ0012,concluida,CORRETIVA,,true,,Thu Feb 05 2026 00:00:00 GMT-0300 (Horário Padrão de Brasília),Thu Feb 05 2026 00:00:00 GMT-0300 (Horário Padrão de Brasília),0.99,99.00,,,,Sat Jun 13 2026 23:09:34 GMT-0300 (Horário Padrão de Brasília),
654,03-0098,CV10203VJ0062,concluida,PREVENTIVA,,true,,Thu Feb 05 2026 00:00:00 GMT-0300 (Horário Padrão de Brasília),Thu Feb 05 2026 00:00:00 GMT-0300 (Horário Padrão de Brasília),0.89,89.00,,,,Sat Jun 13 2026 23:09:34 GMT-0300 (Horário Padrão de Brasília),
655,03-0105,CV10302VJ0015,concluida,PREVENTIVA,,true,,Thu Feb 05 2026 00:00:00 GMT-0300 (Horário Padrão de Brasília),Thu Feb 05 2026 00:00:00 GMT-0300 (Horário Padrão de Brasília),0.81,81.00,,,,Sat Jun 13 2026 23:09:34 GMT-0300 (Horário Padrão de Brasília),
656,03-0060,CV10101VJ0002,concluida,PREVENTIVA,,true,,Thu Feb 05 2026 00:00:00 GMT-0300 (Horário Padrão de Brasília),Thu Feb 05 2026 00:00:00 GMT-0300 (Horário Padrão de Brasília),0.44,44.00,,,,Sat Jun 13 2026 23:09:34 GMT-0300 (Horário Padrão de Brasília),
657,03-0102,CV10101VJ0009,concluida,PREVENTIVA,,true,,Thu Feb 05 2026 00:00:00 GMT-0300 (Horário Padrão de Brasília),Thu Feb 05 2026 00:00:00 GMT-0300 (Horário Padrão de Brasília),0.98,98.00,,,,Sat Jun 13 2026 23:09:34 GMT-0300 (Horário Padrão de Brasília),
658,03-0036,CV10101VL0001,concluida,PREVENTIVA,,true,,Thu Feb 05 2026 00:00:00 GMT-0300 (Horário Padrão de Brasília),Thu Feb 05 2026 00:00:00 GMT-0300 (Horário Padrão de Brasília),0.89,89.00,,,,Sat Jun 13 2026 23:09:34 GMT-0300 (Horário Padrão de Brasília),
659,03-0029,CV10203VJ0055,concluida,PREVENTIVA,,true,,Thu Feb 05 2026 00:00:00 GMT-0300 (Horário Padrão de Brasília),Thu Feb 05 2026 00:00:00 GMT-0300 (Horário Padrão de Brasília),0.85,85.00,,,,Sat Jun 13 2026 23:09:34 GMT-0300 (Horário Padrão de Brasília),
660,03-0014,JT10302VJ0011,concluida,PREVENTIVA,,true,,Thu Feb 05 2026 00:00:00 GMT-0300 (Horário Padrão de Brasília),Thu Feb 05 2026 00:00:00 GMT-0300 (Horário Padrão de Brasília),0,0.00,,,,Sat Jun 13 2026 23:09:34 GMT-0300 (Horário Padrão de Brasília),
661,03-0049,JT10102VJ0001,concluida,PREVENTIVA,,true,,Thu Feb 05 2026 00:00:00 GMT-0300 (Horário Padrão de Brasília),Thu Feb 05 2026 00:00:00 GMT-0300 (Horário Padrão de Brasília),0.38,38.00,,,,Sat Jun 13 2026 23:09:34 GMT-0300 (Horário Padrão de Brasília),
662,03-0093,JT10302VJ0017,concluida,PREVENTIVA,,true,,Thu Feb 05 2026 00:00:00 GMT-0300 (Horário Padrão de Brasília),Thu Feb 05 2026 00:00:00 GMT-0300 (Horário Padrão de Brasília),0.99,99.00,,,,Sat Jun 13 2026 23:09:34 GMT-0300 (Horário Padrão de Brasília),
663,03-0073,CV10303VJ0017,concluida,CORRETIVA,,false,,Fri Feb 06 2026 00:00:00 GMT-0300 (Horário Padrão de Brasília),Thu Feb 05 2026 00:00:00 GMT-0300 (Horário Padrão de Brasília),,,,,,Sat Jun 13 2026 23:09:34 GMT-0300 (Horário Padrão de Brasília),
664,03-0078,CV10303VJ0018,concluida,CORRETIVA,,true,,Fri Feb 06 2026 00:00:00 GMT-0300 (Horário Padrão de Brasília),Fri Feb 06 2026 00:00:00 GMT-0300 (Horário Padrão de Brasília),0.79,79.00,,,,Sat Jun 13 2026 23:09:34 GMT-0300 (Horário Padrão de Brasília),
665,03-0131,CV10303VJ0020,concluida,CORRETIVA,,true,,Fri Feb 06 2026 00:00:00 GMT-0300 (Horário Padrão de Brasília),Fri Feb 06 2026 00:00:00 GMT-0300 (Horário Padrão de Brasília),0.94,94.00,,,,Sat Jun 13 2026 23:09:34 GMT-0300 (Horário Padrão de Brasília),
666,03-0107,CV10202VJ0046,concluida,PREVENTIVA,,true,,Fri Feb 06 2026 00:00:00 GMT-0300 (Horário Padrão de Brasília),Fri Feb 06 2026 00:00:00 GMT-0300 (Horário Padrão de Brasília),0.84,84.00,,,,Sat Jun 13 2026 23:09:34 GMT-0300 (Horário Padrão de Brasília),
667,03-0116,CV10303VJ0022,concluida,PREVENTIVA,,true,,Fri Feb 06 2026 00:00:00 GMT-0300 (Horário Padrão de Brasília),Fri Feb 06 2026 00:00:00 GMT-0300 (Horário Padrão de Brasília),0.74,74.00,,,,Sat Jun 13 2026 23:09:34 GMT-0300 (Horário Padrão de Brasília),
668,03-0008,JT10303VJ0036,concluida,CORRETIVA,,true,,Fri Feb 06 2026 00:00:00 GMT-0300 (Horário Padrão de Brasília),Fri Feb 06 2026 00:00:00 GMT-0300 (Horário Padrão de Brasília),1,100.00,,,,Sat Jun 13 2026 23:09:34 GMT-0300 (Horário Padrão de Brasília),
669,03-0053,JT10303VJ0034,concluida,CORRETIVA,,true,,Fri Feb 06 2026 00:00:00 GMT-0300 (Horário Padrão de Brasília),Fri Feb 06 2026 00:00:00 GMT-0300 (Horário Padrão de Brasília),0.94,94.00,,,,Sat Jun 13 2026 23:09:34 GMT-0300 (Horário Padrão de Brasília),
670,03-0138,JT10102VJ0002,concluida,CORRETIVA,,true,,Fri Feb 06 2026 00:00:00 GMT-0300 (Horário Padrão de Brasília),Fri Feb 06 2026 00:00:00 GMT-0300 (Horário Padrão de Brasília),0.79,79.00,,,,Sat Jun 13 2026 23:09:34 GMT-0300 (Horário Padrão de Brasília),
671,03-0103,JT20102VJ0001,concluida,CORRETIVA,,true,,Fri Feb 06 2026 00:00:00 GMT-0300 (Horário Padrão de Brasília),Fri Feb 06 2026 00:00:00 GMT-0300 (Horário Padrão de Brasília),0.89,89.00,,,,Sat Jun 13 2026 23:09:34 GMT-0300 (Horário Padrão de Brasília),
672,03-0011,CV10203VJ0051,concluida,PREVENTIVA,,true,,Sat Feb 07 2026 00:00:00 GMT-0300 (Horário Padrão de Brasília),Sat Feb 07 2026 00:00:00 GMT-0300 (Horário Padrão de Brasília),0.84,84.00,,,,Sat Jun 13 2026 23:09:34 GMT-0300 (Horário Padrão de Brasília),
673,03-0035,CV10203VJ0061,concluida,PREVENTIVA,,true,,Sat Feb 07 2026 00:00:00 GMT-0300 (Horário Padrão de Brasília),Sat Feb 07 2026 00:00:00 GMT-0300 (Horário Padrão de Brasília),0.74,74.00,,,,Sat Jun 13 2026 23:09:34 GMT-0300 (Horário Padrão de Brasília),
674,03-0010,CV10304VJ0027,concluida,CORRETIVA,,false,,Sat Feb 07 2026 00:00:00 GMT-0300 (Horário Padrão de Brasília),Wed Feb 04 2026 00:00:00 GMT-0300 (Horário Padrão de Brasília),,,,,,Sat Jun 13 2026 23:09:34 GMT-0300 (Horário Padrão de Brasília),
675,03-0140,JT10203VJ0053,concluida,PREVENTIVA,,true,,Sat Feb 07 2026 00:00:00 GMT-0300 (Horário Padrão de Brasília),Sat Feb 07 2026 00:00:00 GMT-0300 (Horário Padrão de Brasília),0.78,78.00,,,,Sat Jun 13 2026 23:09:34 GMT-0300 (Horário Padrão de Brasília),
676,03-0054,JT10304VJ0040,concluida,PREVENTIVA,,true,,Sat Feb 07 2026 00:00:00 GMT-0300 (Horário Padrão de Brasília),Sat Feb 07 2026 00:00:00 GMT-0300 (Horário Padrão de Brasília),0.88,88.00,,,,Sat Jun 13 2026 23:09:34 GMT-0300 (Horário Padrão de Brasília),
677,03-0104,JT10304VJ0045,concluida,CORRETIVA,,false,,Sat Feb 07 2026 00:00:00 GMT-0300 (Horário Padrão de Brasília),Wed Feb 04 2026 00:00:00 GMT-0300 (Horário Padrão de Brasília),,,,,,Sat Jun 13 2026 23:09:34 GMT-0300 (Horário Padrão de Brasília),
678,03-0024,JT10304VJ0046,concluida,PREVENTIVA,,true,,Sat Feb 07 2026 00:00:00 GMT-0300 (Horário Padrão de Brasília),Sat Feb 07 2026 00:00:00 GMT-0300 (Horário Padrão de Brasília),0.93,93.00,,,,Sat Jun 13 2026 23:09:34 GMT-0300 (Horário Padrão de Brasília),
679,03-0007,JT10304VJ0048,concluida,CORRETIVA,,true,,Sat Feb 07 2026 00:00:00 GMT-0300 (Horário Padrão de Brasília),Sat Feb 07 2026 00:00:00 GMT-0300 (Horário Padrão de Brasília),0,0.00,,,,Sat Jun 13 2026 23:09:34 GMT-0300 (Horário Padrão de Brasília),
680,03-0004,JT10304VJ0059,concluida,CORRETIVA,,true,,Sat Feb 07 2026 00:00:00 GMT-0300 (Horário Padrão de Brasília),Sat Feb 07 2026 00:00:00 GMT-0300 (Horário Padrão de Brasília),0.84,84.00,,,,Sat Jun 13 2026 23:09:34 GMT-0300 (Horário Padrão de Brasília),
681,03-0114,CV10202VJ0043,concluida,PREVENTIVA,,true,,Mon Feb 09 2026 00:00:00 GMT-0300 (Horário Padrão de Brasília),Mon Feb 09 2026 00:00:00 GMT-0300 (Horário Padrão de Brasília),0.94,94.00,,,,Sat Jun 13 2026 23:09:34 GMT-0300 (Horário Padrão de Brasília),
682,03-0113,CV10202VJ0044,concluida,PREVENTIVA,,true,,Mon Feb 09 2026 00:00:00 GMT-0300 (Horário Padrão de Brasília),Mon Feb 09 2026 00:00:00 GMT-0300 (Horário Padrão de Brasília),0.88,88.00,,,,Sat Jun 13 2026 23:09:34 GMT-0300 (Horário Padrão de Brasília),
683,03-0139,CV10302VJ0014,concluida,PREVENTIVA,,true,,Mon Feb 09 2026 00:00:00 GMT-0300 (Horário Padrão de Brasília),Mon Feb 09 2026 00:00:00 GMT-0300 (Horário Padrão de Brasília),1,100.00,,,,Sat Jun 13 2026 23:09:34 GMT-0300 (Horário Padrão de Brasília),
684,03-0042,JT10202VJ0056,concluida,PREVENTIVA,,true,,Mon Feb 09 2026 00:00:00 GMT-0300 (Horário Padrão de Brasília),Mon Feb 09 2026 00:00:00 GMT-0300 (Horário Padrão de Brasília),0.2,20.00,,,,Sat Jun 13 2026 23:09:34 GMT-0300 (Horário Padrão de Brasília),
685,03-0068,JT10302VJ0007,concluida,CORRETIVA,,false,,Mon Feb 09 2026 00:00:00 GMT-0300 (Horário Padrão de Brasília),Thu Feb 05 2026 00:00:00 GMT-0300 (Horário Padrão de Brasília),,,,,,Sat Jun 13 2026 23:09:34 GMT-0300 (Horário Padrão de Brasília),
686,03-0074,JT10302VJ0008,concluida,CORRETIVA,,true,,Mon Feb 09 2026 00:00:00 GMT-0300 (Horário Padrão de Brasília),Mon Feb 09 2026 00:00:00 GMT-0300 (Horário Padrão de Brasília),0.89,89.00,,,,Sat Jun 13 2026 23:09:34 GMT-0300 (Horário Padrão de Brasília),
687,03-0076,JT10302VJ0057,concluida,CORRETIVA,,true,,Mon Feb 09 2026 00:00:00 GMT-0300 (Horário Padrão de Brasília),Mon Feb 09 2026 00:00:00 GMT-0300 (Horário Padrão de Brasília),0.94,94.00,,,,Sat Jun 13 2026 23:09:34 GMT-0300 (Horário Padrão de Brasília),
688,03-0009,MG10101VJ0009,concluida,PREVENTIVA,,false,,Mon Feb 09 2026 00:00:00 GMT-0300 (Horário Padrão de Brasília),Sun Feb 08 2026 00:00:00 GMT-0300 (Horário Padrão de Brasília),,,,,,Sat Jun 13 2026 23:09:34 GMT-0300 (Horário Padrão de Brasília),
689,03-0072,MG10101VJ0011,concluida,PREVENTIVA,,false,,Mon Feb 09 2026 00:00:00 GMT-0300 (Horário Padrão de Brasília),Sun Feb 08 2026 00:00:00 GMT-0300 (Horário Padrão de Brasília),,,,,,Sat Jun 13 2026 23:09:34 GMT-0300 (Horário Padrão de Brasília),
690,03-0017,MG10101VJ0012,concluida,PREVENTIVA,,true,,Mon Feb 09 2026 00:00:00 GMT-0300 (Horário Padrão de Brasília),Mon Feb 09 2026 00:00:00 GMT-0300 (Horário Padrão de Brasília),0.94,94.00,,,,Sat Jun 13 2026 23:09:34 GMT-0300 (Horário Padrão de Brasília),
691,03-0096,CV10101VJ0007,concluida,PREVENTIVA,,true,,Tue Feb 10 2026 00:00:00 GMT-0300 (Horário Padrão de Brasília),Tue Feb 10 2026 00:00:00 GMT-0300 (Horário Padrão de Brasília),0.89,89.00,,,,Sat Jun 13 2026 23:09:34 GMT-0300 (Horário Padrão de Brasília),
692,03-0112,CV10101VJ0006,concluida,PREVENTIVA,,true,,Tue Feb 10 2026 00:00:00 GMT-0300 (Horário Padrão de Brasília),Tue Feb 10 2026 00:00:00 GMT-0300 (Horário Padrão de Brasília),0.84,84.00,,,,Sat Jun 13 2026 23:09:34 GMT-0300 (Horário Padrão de Brasília),
693,03-0057,CV10101VJ0005,concluida,CORRETIVA,,true,,Tue Feb 10 2026 00:00:00 GMT-0300 (Horário Padrão de Brasília),Tue Feb 10 2026 00:00:00 GMT-0300 (Horário Padrão de Brasília),0.81,81.00,,,,Sat Jun 13 2026 23:09:34 GMT-0300 (Horário Padrão de Brasília),
694,03-0060,CV10101VJ0002,concluida,CORRETIVA,,false,,Tue Feb 10 2026 00:00:00 GMT-0300 (Horário Padrão de Brasília),Thu Feb 05 2026 00:00:00 GMT-0300 (Horário Padrão de Brasília),,,,,,Sat Jun 13 2026 23:09:34 GMT-0300 (Horário Padrão de Brasília),
695,03-0071,CV10203VJ0050,concluida,CORRETIVA,,false,,Tue Feb 10 2026 00:00:00 GMT-0300 (Horário Padrão de Brasília),Sat Dec 13 2025 00:00:00 GMT-0300 (Horário Padrão de Brasília),,,,,,Sat Jun 13 2026 23:09:34 GMT-0300 (Horário Padrão de Brasília),
696,03-0090,JT10303VJ0032,concluida,CORRETIVA,,false,,Tue Feb 10 2026 00:00:00 GMT-0300 (Horário Padrão de Brasília),Fri Feb 06 2026 00:00:00 GMT-0300 (Horário Padrão de Brasília),,,,,,Sat Jun 13 2026 23:09:34 GMT-0300 (Horário Padrão de Brasília),
697,03-0137,JT10303VJ0021,concluida,CORRETIVA,,false,,Tue Feb 10 2026 00:00:00 GMT-0300 (Horário Padrão de Brasília),Wed Jan 28 2026 00:00:00 GMT-0300 (Horário Padrão de Brasília),,,,,,Sat Jun 13 2026 23:09:34 GMT-0300 (Horário Padrão de Brasília),
698,03-0119,MG10101VJ0003,concluida,PREVENTIVA,,true,,Tue Feb 10 2026 00:00:00 GMT-0300 (Horário Padrão de Brasília),Tue Feb 10 2026 00:00:00 GMT-0300 (Horário Padrão de Brasília),0.94,94.00,,,,Sat Jun 13 2026 23:09:34 GMT-0300 (Horário Padrão de Brasília),
699,03-0124,MG10101VJ0001,concluida,CORRETIVA,,false,,Tue Feb 10 2026 00:00:00 GMT-0300 (Horário Padrão de Brasília),Wed Jan 21 2026 00:00:00 GMT-0300 (Horário Padrão de Brasília),,,,,,Sat Jun 13 2026 23:09:34 GMT-0300 (Horário Padrão de Brasília),
700,03-0101,CV10101VJ0004,concluida,PREVENTIVA,,true,,Thu Feb 12 2026 00:00:00 GMT-0300 (Horário Padrão de Brasília),Thu Feb 12 2026 00:00:00 GMT-0300 (Horário Padrão de Brasília),0.94,94.00,,,,Sat Jun 13 2026 23:09:34 GMT-0300 (Horário Padrão de Brasília),
701,03-0089,CV10203VJ0053,concluida,PREVENTIVA,,true,,Thu Feb 12 2026 00:00:00 GMT-0300 (Horário Padrão de Brasília),Thu Feb 12 2026 00:00:00 GMT-0300 (Horário Padrão de Brasília),0.84,84.00,,,,Sat Jun 13 2026 23:09:34 GMT-0300 (Horário Padrão de Brasília),
702,03-0065,CV10302VJ0013,concluida,CORRETIVA,,false,,Thu Feb 12 2026 00:00:00 GMT-0300 (Horário Padrão de Brasília),Wed Feb 11 2026 00:00:00 GMT-0300 (Horário Padrão de Brasília),,,,,,Sat Jun 13 2026 23:09:34 GMT-0300 (Horário Padrão de Brasília),
703,03-0058,JT10302VJ0019,concluida,PREVENTIVA,,true,,Thu Feb 12 2026 00:00:00 GMT-0300 (Horário Padrão de Brasília),Thu Feb 12 2026 00:00:00 GMT-0300 (Horário Padrão de Brasília),0.74,74.00,,,,Sat Jun 13 2026 23:09:34 GMT-0300 (Horário Padrão de Brasília),
704,03-0080,JT10101VJ0004,concluida,PREVENTIVA,,true,,Thu Feb 12 2026 00:00:00 GMT-0300 (Horário Padrão de Brasília),Thu Feb 12 2026 00:00:00 GMT-0300 (Horário Padrão de Brasília),0.89,89.00,,,,Sat Jun 13 2026 23:09:34 GMT-0300 (Horário Padrão de Brasília),
705,03-0059,JT20102VJ0003,concluida,PREVENTIVA,,true,,Thu Feb 12 2026 00:00:00 GMT-0300 (Horário Padrão de Brasília),Thu Feb 12 2026 00:00:00 GMT-0300 (Horário Padrão de Brasília),1,100.00,,,,Sat Jun 13 2026 23:09:34 GMT-0300 (Horário Padrão de Brasília),
706,03-0109,JT10302VJ0020,concluida,PREVENTIVA,,true,,Thu Feb 12 2026 00:00:00 GMT-0300 (Horário Padrão de Brasília),Thu Feb 12 2026 00:00:00 GMT-0300 (Horário Padrão de Brasília),0.84,84.00,,,,Sat Jun 13 2026 23:09:34 GMT-0300 (Horário Padrão de Brasília),
707,03-0117,JT10302VJ0013,concluida,PREVENTIVA,,true,,Thu Feb 12 2026 00:00:00 GMT-0300 (Horário Padrão de Brasília),Thu Feb 12 2026 00:00:00 GMT-0300 (Horário Padrão de Brasília),0.83,83.00,,,,Sat Jun 13 2026 23:09:34 GMT-0300 (Horário Padrão de Brasília),
708,03-0014,JT10302VJ0011,concluida,CORRETIVA,,true,,Thu Feb 12 2026 00:00:00 GMT-0300 (Horário Padrão de Brasília),Thu Feb 12 2026 00:00:00 GMT-0300 (Horário Padrão de Brasília),0.94,94.00,,,,Sat Jun 13 2026 23:09:34 GMT-0300 (Horário Padrão de Brasília),
709,03-0006,MG10101VJ0006,concluida,PREVENTIVA,,true,,Thu Feb 12 2026 00:00:00 GMT-0300 (Horário Padrão de Brasília),Thu Feb 12 2026 00:00:00 GMT-0300 (Horário Padrão de Brasília),0.86,86.00,,,,Sat Jun 13 2026 23:09:34 GMT-0300 (Horário Padrão de Brasília),
710,03-0013,MG10101VJ0013,concluida,PREVENTIVA,,true,,Thu Feb 12 2026 00:00:00 GMT-0300 (Horário Padrão de Brasília),Thu Feb 12 2026 00:00:00 GMT-0300 (Horário Padrão de Brasília),0.74,74.00,,,,Sat Jun 13 2026 23:09:34 GMT-0300 (Horário Padrão de Brasília),
711,03-0021,MG10101VJ0008,concluida,PREVENTIVA,,true,,Thu Feb 12 2026 00:00:00 GMT-0300 (Horário Padrão de Brasília),Thu Feb 12 2026 00:00:00 GMT-0300 (Horário Padrão de Brasília),0.39,39.00,,,,Sat Jun 13 2026 23:09:34 GMT-0300 (Horário Padrão de Brasília),
712,03-0047,MG10101VJ0002,concluida,PREVENTIVA,,true,,Thu Feb 12 2026 00:00:00 GMT-0300 (Horário Padrão de Brasília),Thu Feb 12 2026 00:00:00 GMT-0300 (Horário Padrão de Brasília),0.83,83.00,,,,Sat Jun 13 2026 23:09:34 GMT-0300 (Horário Padrão de Brasília),
713,03-0069,MG10101VJ0004,concluida,PREVENTIVA,,true,,Thu Feb 12 2026 00:00:00 GMT-0300 (Horário Padrão de Brasília),Thu Feb 12 2026 00:00:00 GMT-0300 (Horário Padrão de Brasília),0.85,85.00,,,,Sat Jun 13 2026 23:09:34 GMT-0300 (Horário Padrão de Brasília),
714,03-0085,CV10202VJ0036,concluida,PREVENTIVA,,true,,Fri Feb 13 2026 00:00:00 GMT-0300 (Horário Padrão de Brasília),Fri Feb 13 2026 00:00:00 GMT-0300 (Horário Padrão de Brasília),0.99,99.00,,,,Sat Jun 13 2026 23:09:34 GMT-0300 (Horário Padrão de Brasília),
715,03-0126,CV10202VJ0033,concluida,PREVENTIVA,,true,,Fri Feb 13 2026 00:00:00 GMT-0300 (Horário Padrão de Brasília),Fri Feb 13 2026 00:00:00 GMT-0300 (Horário Padrão de Brasília),0.94,94.00,,,,Sat Jun 13 2026 23:09:34 GMT-0300 (Horário Padrão de Brasília),
716,03-0038,CV10202VJ0030,concluida,CORRETIVA,,true,,Fri Feb 13 2026 00:00:00 GMT-0300 (Horário Padrão de Brasília),Fri Feb 13 2026 00:00:00 GMT-0300 (Horário Padrão de Brasília),0.89,89.00,,,,Sat Jun 13 2026 23:09:34 GMT-0300 (Horário Padrão de Brasília),
717,03-0073,CV10303VJ0017,concluida,CORRETIVA,,true,,Fri Feb 13 2026 00:00:00 GMT-0300 (Horário Padrão de Brasília),Fri Feb 13 2026 00:00:00 GMT-0300 (Horário Padrão de Brasília),0.54,54.00,,,,Sat Jun 13 2026 23:09:34 GMT-0300 (Horário Padrão de Brasília),
718,03-0077,CV10202VJ0034,concluida,CORRETIVA,,true,,Fri Feb 13 2026 00:00:00 GMT-0300 (Horário Padrão de Brasília),Fri Feb 13 2026 00:00:00 GMT-0300 (Horário Padrão de Brasília),0.84,84.00,,,,Sat Jun 13 2026 23:09:34 GMT-0300 (Horário Padrão de Brasília),
719,03-0082,CV10202VJ0029,concluida,CORRETIVA,,true,,Fri Feb 13 2026 00:00:00 GMT-0300 (Horário Padrão de Brasília),Fri Feb 13 2026 00:00:00 GMT-0300 (Horário Padrão de Brasília),0.84,84.00,,,,Sat Jun 13 2026 23:09:34 GMT-0300 (Horário Padrão de Brasília),
720,03-0108,CV10202VJ0042,concluida,CORRETIVA,,true,,Fri Feb 13 2026 00:00:00 GMT-0300 (Horário Padrão de Brasília),Fri Feb 13 2026 00:00:00 GMT-0300 (Horário Padrão de Brasília),0.89,89.00,,,,Sat Jun 13 2026 23:09:34 GMT-0300 (Horário Padrão de Brasília),
721,03-0116,CV10303VJ0022,concluida,CORRETIVA,,true,,Fri Feb 13 2026 00:00:00 GMT-0300 (Horário Padrão de Brasília),Fri Feb 13 2026 00:00:00 GMT-0300 (Horário Padrão de Brasília),0.94,94.00,,,,Sat Jun 13 2026 23:09:34 GMT-0300 (Horário Padrão de Brasília),
722,03-0131,CV10303VJ0020,concluida,CORRETIVA,,true,,Fri Feb 13 2026 00:00:00 GMT-0300 (Horário Padrão de Brasília),Fri Feb 13 2026 00:00:00 GMT-0300 (Horário Padrão de Brasília),0.6,60.00,,,,Sat Jun 13 2026 23:09:34 GMT-0300 (Horário Padrão de Brasília),
723,03-0136,CV10202VJ0031,concluida,CORRETIVA,,true,,Fri Feb 13 2026 00:00:00 GMT-0300 (Horário Padrão de Brasília),Fri Feb 13 2026 00:00:00 GMT-0300 (Horário Padrão de Brasília),0.84,84.00,,,,Sat Jun 13 2026 23:09:34 GMT-0300 (Horário Padrão de Brasília),
724,03-0008,JT10303VJ0036,concluida,CORRETIVA,,true,,Fri Feb 13 2026 00:00:00 GMT-0300 (Horário Padrão de Brasília),Fri Feb 13 2026 00:00:00 GMT-0300 (Horário Padrão de Brasília),0.99,99.00,,,,Sat Jun 13 2026 23:09:34 GMT-0300 (Horário Padrão de Brasília),
725,03-0053,JT10303VJ0034,concluida,CORRETIVA,,true,,Fri Feb 13 2026 00:00:00 GMT-0300 (Horário Padrão de Brasília),Fri Feb 13 2026 00:00:00 GMT-0300 (Horário Padrão de Brasília),0.79,79.00,,,,Sat Jun 13 2026 23:09:34 GMT-0300 (Horário Padrão de Brasília),
726,03-0081,JT10303VJ0027,concluida,CORRETIVA,,false,,Fri Feb 13 2026 00:00:00 GMT-0300 (Horário Padrão de Brasília),Tue Feb 10 2026 00:00:00 GMT-0300 (Horário Padrão de Brasília),,,,,,Sat Jun 13 2026 23:09:34 GMT-0300 (Horário Padrão de Brasília),
727,03-0010,CV10304VJ0027,concluida,CORRETIVA,,false,,Sat Feb 14 2026 00:00:00 GMT-0300 (Horário Padrão de Brasília),Wed Feb 11 2026 00:00:00 GMT-0300 (Horário Padrão de Brasília),,,,,,Sat Jun 13 2026 23:09:34 GMT-0300 (Horário Padrão de Brasília),
728,03-0020,CV10304VJ0026,concluida,CORRETIVA,,true,,Sat Feb 14 2026 00:00:00 GMT-0300 (Horário Padrão de Brasília),Sat Feb 14 2026 00:00:00 GMT-0300 (Horário Padrão de Brasília),1,100.00,,,,Sat Jun 13 2026 23:09:34 GMT-0300 (Horário Padrão de Brasília),
729,03-0035,CV10203VJ0061,concluida,CORRETIVA,,true,,Sat Feb 14 2026 00:00:00 GMT-0300 (Horário Padrão de Brasília),Sat Feb 14 2026 00:00:00 GMT-0300 (Horário Padrão de Brasília),0.76,76.00,,,,Sat Jun 13 2026 23:09:34 GMT-0300 (Horário Padrão de Brasília),
730,03-0062,CV10304VJ0024,concluida,CORRETIVA,,false,,Sat Feb 14 2026 00:00:00 GMT-0300 (Horário Padrão de Brasília),Mon Feb 09 2026 00:00:00 GMT-0300 (Horário Padrão de Brasília),,,,,,Sat Jun 13 2026 23:09:34 GMT-0300 (Horário Padrão de Brasília),
731,03-0007,JT10304VJ0048,concluida,CORRETIVA,,true,,Sat Feb 14 2026 00:00:00 GMT-0300 (Horário Padrão de Brasília),Sat Feb 14 2026 00:00:00 GMT-0300 (Horário Padrão de Brasília),0,0.00,,,,Sat Jun 13 2026 23:09:34 GMT-0300 (Horário Padrão de Brasília),
732,03-0025,JT10304VJ0043,concluida,CORRETIVA,,true,,Sat Feb 14 2026 00:00:00 GMT-0300 (Horário Padrão de Brasília),Sat Feb 14 2026 00:00:00 GMT-0300 (Horário Padrão de Brasília),0.84,84.00,,,,Sat Jun 13 2026 23:09:34 GMT-0300 (Horário Padrão de Brasília),
733,03-0004,JT10304VJ0059,concluida,CORRETIVA,,true,,Sat Feb 14 2026 00:00:00 GMT-0300 (Horário Padrão de Brasília),Sat Feb 14 2026 00:00:00 GMT-0300 (Horário Padrão de Brasília),0.89,89.00,,,,Sat Jun 13 2026 23:09:34 GMT-0300 (Horário Padrão de Brasília),
734,03-0016,JT10304VJ0050,concluida,CORRETIVA,,true,,Sat Feb 14 2026 00:00:00 GMT-0300 (Horário Padrão de Brasília),Sat Feb 14 2026 00:00:00 GMT-0300 (Horário Padrão de Brasília),0.89,89.00,,,,Sat Jun 13 2026 23:09:34 GMT-0300 (Horário Padrão de Brasília),
735,03-0027,JT10304VJ0052,concluida,CORRETIVA,,true,,Sat Feb 14 2026 00:00:00 GMT-0300 (Horário Padrão de Brasília),Sat Feb 14 2026 00:00:00 GMT-0300 (Horário Padrão de Brasília),0.78,78.00,,,,Sat Jun 13 2026 23:09:34 GMT-0300 (Horário Padrão de Brasília),
736,03-0051,JT10304VJ0041,concluida,CORRETIVA,,true,,Sat Feb 14 2026 00:00:00 GMT-0300 (Horário Padrão de Brasília),Sat Feb 14 2026 00:00:00 GMT-0300 (Horário Padrão de Brasília),0.79,79.00,,,,Sat Jun 13 2026 23:09:34 GMT-0300 (Horário Padrão de Brasília),
737,03-0127,JT10304VJ0039,concluida,CORRETIVA,,true,,Sat Feb 14 2026 00:00:00 GMT-0300 (Horário Padrão de Brasília),Sat Feb 14 2026 00:00:00 GMT-0300 (Horário Padrão de Brasília),0.44,44.00,,,,Sat Jun 13 2026 23:09:34 GMT-0300 (Horário Padrão de Brasília),
738,03-0056,CV10202VJ0032,concluida,CORRETIVA,,false,,Mon Feb 16 2026 00:00:00 GMT-0300 (Horário Padrão de Brasília),Mon Feb 02 2026 00:00:00 GMT-0300 (Horário Padrão de Brasília),,,,,,Sat Jun 13 2026 23:09:34 GMT-0300 (Horário Padrão de Brasília),
739,03-0060,CV10101VJ0002,concluida,CORRETIVA,,true,,Mon Feb 16 2026 00:00:00 GMT-0300 (Horário Padrão de Brasília),Mon Feb 16 2026 00:00:00 GMT-0300 (Horário Padrão de Brasília),0.74,74.00,,,,Sat Jun 13 2026 23:09:34 GMT-0300 (Horário Padrão de Brasília),
740,03-0065,CV10302VJ0013,concluida,CORRETIVA,,true,,Mon Feb 16 2026 00:00:00 GMT-0300 (Horário Padrão de Brasília),Mon Feb 16 2026 00:00:00 GMT-0300 (Horário Padrão de Brasília),0.94,94.00,,,,Sat Jun 13 2026 23:09:34 GMT-0300 (Horário Padrão de Brasília),
741,03-0092,CV10302VJ0012,concluida,CORRETIVA,,true,,Mon Feb 16 2026 00:00:00 GMT-0300 (Horário Padrão de Brasília),Mon Feb 16 2026 00:00:00 GMT-0300 (Horário Padrão de Brasília),0.85,85.00,,,,Sat Jun 13 2026 23:09:34 GMT-0300 (Horário Padrão de Brasília),
742,03-0122,CV10202VJ0039,concluida,CORRETIVA,,true,,Mon Feb 16 2026 00:00:00 GMT-0300 (Horário Padrão de Brasília),Mon Feb 16 2026 00:00:00 GMT-0300 (Horário Padrão de Brasília),0.74,74.00,,,,Sat Jun 13 2026 23:09:34 GMT-0300 (Horário Padrão de Brasília),
743,03-0023,JT10102VJ0003,concluida,PREVENTIVA,,true,,Mon Feb 16 2026 00:00:00 GMT-0300 (Horário Padrão de Brasília),Mon Feb 16 2026 00:00:00 GMT-0300 (Horário Padrão de Brasília),0.84,84.00,,,,Sat Jun 13 2026 23:09:34 GMT-0300 (Horário Padrão de Brasília),
744,03-0076,JT10302VJ0057,concluida,CORRETIVA,,true,,Mon Feb 16 2026 00:00:00 GMT-0300 (Horário Padrão de Brasília),Mon Feb 16 2026 00:00:00 GMT-0300 (Horário Padrão de Brasília),0.99,99.00,,,,Sat Jun 13 2026 23:09:34 GMT-0300 (Horário Padrão de Brasília),
745,03-0021,MG10101VJ0008,concluida,CORRETIVA,,false,,Mon Feb 16 2026 00:00:00 GMT-0300 (Horário Padrão de Brasília),Thu Feb 12 2026 00:00:00 GMT-0300 (Horário Padrão de Brasília),,,,,,Sat Jun 13 2026 23:09:34 GMT-0300 (Horário Padrão de Brasília),
746,03-0044,CV10304VJ0023,concluida,CORRETIVA,,true,,Wed Feb 18 2026 00:00:00 GMT-0300 (Horário Padrão de Brasília),Wed Feb 18 2026 00:00:00 GMT-0300 (Horário Padrão de Brasília),0.89,89.00,,,,Sat Jun 13 2026 23:09:34 GMT-0300 (Horário Padrão de Brasília),
747,03-0036,CV10101VL0001,concluida,PREVENTIVA,,true,,Wed Feb 18 2026 00:00:00 GMT-0300 (Horário Padrão de Brasília),Wed Feb 18 2026 00:00:00 GMT-0300 (Horário Padrão de Brasília),0.92,92.00,,,,Sat Jun 13 2026 23:09:34 GMT-0300 (Horário Padrão de Brasília),
748,03-0064,CV10101VJ0003,concluida,PREVENTIVA,,true,,Wed Feb 18 2026 00:00:00 GMT-0300 (Horário Padrão de Brasília),Wed Feb 18 2026 00:00:00 GMT-0300 (Horário Padrão de Brasília),0.79,79.00,,,,Sat Jun 13 2026 23:09:34 GMT-0300 (Horário Padrão de Brasília),
749,03-0107,CV10202VJ0046,concluida,CORRETIVA,,true,,Wed Feb 18 2026 00:00:00 GMT-0300 (Horário Padrão de Brasília),Wed Feb 18 2026 00:00:00 GMT-0300 (Horário Padrão de Brasília),0.89,89.00,,,,Sat Jun 13 2026 23:09:34 GMT-0300 (Horário Padrão de Brasília),
750,03-0115,CV10202VJ0037,concluida,PREVENTIVA,,true,,Wed Feb 18 2026 00:00:00 GMT-0300 (Horário Padrão de Brasília),Wed Feb 18 2026 00:00:00 GMT-0300 (Horário Padrão de Brasília),0.99,99.00,,,,Sat Jun 13 2026 23:09:34 GMT-0300 (Horário Padrão de Brasília),
751,03-0118,CV10202VJ0045,concluida,PREVENTIVA,,true,,Wed Feb 18 2026 00:00:00 GMT-0300 (Horário Padrão de Brasília),Wed Feb 18 2026 00:00:00 GMT-0300 (Horário Padrão de Brasília),0.99,99.00,,,,Sat Jun 13 2026 23:09:34 GMT-0300 (Horário Padrão de Brasília),
752,03-0136,CV10202VJ0031,concluida,CORRETIVA,,true,,Wed Feb 18 2026 00:00:00 GMT-0300 (Horário Padrão de Brasília),Wed Feb 18 2026 00:00:00 GMT-0300 (Horário Padrão de Brasília),1,100.00,,,,Sat Jun 13 2026 23:09:34 GMT-0300 (Horário Padrão de Brasília),
753,03-0032,JT10304VJ0051,concluida,CORRETIVA,,true,,Wed Feb 18 2026 00:00:00 GMT-0300 (Horário Padrão de Brasília),Wed Feb 18 2026 00:00:00 GMT-0300 (Horário Padrão de Brasília),0.94,94.00,,,,Sat Jun 13 2026 23:09:34 GMT-0300 (Horário Padrão de Brasília),
754,03-0040,JT10304VJ0037,concluida,PREVENTIVA,,true,,Wed Feb 18 2026 00:00:00 GMT-0300 (Horário Padrão de Brasília),Wed Feb 18 2026 00:00:00 GMT-0300 (Horário Padrão de Brasília),0.96,96.00,,,,Sat Jun 13 2026 23:09:34 GMT-0300 (Horário Padrão de Brasília),
755,03-0059,JT20102VJ0003,concluida,CORRETIVA,,false,,Wed Feb 18 2026 00:00:00 GMT-0300 (Horário Padrão de Brasília),Fri Feb 13 2026 00:00:00 GMT-0300 (Horário Padrão de Brasília),,,,,,Sat Jun 13 2026 23:09:34 GMT-0300 (Horário Padrão de Brasília),
756,03-0086,JT10101VL0002,concluida,PREVENTIVA,,true,,Wed Feb 18 2026 00:00:00 GMT-0300 (Horário Padrão de Brasília),Wed Feb 18 2026 00:00:00 GMT-0300 (Horário Padrão de Brasília),0.89,89.00,,,,Sat Jun 13 2026 23:09:34 GMT-0300 (Horário Padrão de Brasília),
757,03-0057,CV10101VJ0005,concluida,CORRETIVA,,true,,Thu Feb 19 2026 00:00:00 GMT-0300 (Horário Padrão de Brasília),Thu Feb 19 2026 00:00:00 GMT-0300 (Horário Padrão de Brasília),0.84,84.00,,,,Sat Jun 13 2026 23:09:34 GMT-0300 (Horário Padrão de Brasília),
758,03-0055,CV10101VJ0001,concluida,PREVENTIVA,,true,,Thu Feb 19 2026 00:00:00 GMT-0300 (Horário Padrão de Brasília),Thu Feb 19 2026 00:00:00 GMT-0300 (Horário Padrão de Brasília),0.36,36.00,,,,Sat Jun 13 2026 23:09:34 GMT-0300 (Horário Padrão de Brasília),
759,03-0120,CV10101VJ0008,concluida,PREVENTIVA,,true,,Thu Feb 19 2026 00:00:00 GMT-0300 (Horário Padrão de Brasília),Thu Feb 19 2026 00:00:00 GMT-0300 (Horário Padrão de Brasília),0.04,4.00,,,,Sat Jun 13 2026 23:09:34 GMT-0300 (Horário Padrão de Brasília),
760,03-0015,CV10203VJ0057,concluida,PREVENTIVA,,true,,Thu Feb 19 2026 00:00:00 GMT-0300 (Horário Padrão de Brasília),Thu Feb 19 2026 00:00:00 GMT-0300 (Horário Padrão de Brasília),0.79,79.00,,,,Sat Jun 13 2026 23:09:34 GMT-0300 (Horário Padrão de Brasília),
761,03-0105,CV10302VJ0015,concluida,PREVENTIVA,,true,,Thu Feb 19 2026 00:00:00 GMT-0300 (Horário Padrão de Brasília),Thu Feb 19 2026 00:00:00 GMT-0300 (Horário Padrão de Brasília),0.39,39.00,,,,Sat Jun 13 2026 23:09:34 GMT-0300 (Horário Padrão de Brasília),
762,03-0022,CV10203VJ0056,concluida,CORRETIVA,,true,,Thu Feb 19 2026 00:00:00 GMT-0300 (Horário Padrão de Brasília),Thu Feb 19 2026 00:00:00 GMT-0300 (Horário Padrão de Brasília),0.51,51.00,,,,Sat Jun 13 2026 23:09:34 GMT-0300 (Horário Padrão de Brasília),
763,03-0035,CV10203VJ0061,concluida,CORRETIVA,,true,,Thu Feb 19 2026 00:00:00 GMT-0300 (Horário Padrão de Brasília),Thu Feb 19 2026 00:00:00 GMT-0300 (Horário Padrão de Brasília),0.79,79.00,,,,Sat Jun 13 2026 23:09:34 GMT-0300 (Horário Padrão de Brasília),
764,03-0098,CV10203VJ0062,concluida,CORRETIVA,,true,,Thu Feb 19 2026 00:00:00 GMT-0300 (Horário Padrão de Brasília),Thu Feb 19 2026 00:00:00 GMT-0300 (Horário Padrão de Brasília),0.19,19.00,,,,Sat Jun 13 2026 23:09:34 GMT-0300 (Horário Padrão de Brasília),
765,03-0139,CV10302VJ0014,concluida,CORRETIVA,,true,,Thu Feb 19 2026 00:00:00 GMT-0300 (Horário Padrão de Brasília),Thu Feb 19 2026 00:00:00 GMT-0300 (Horário Padrão de Brasília),0.89,89.00,,,,Sat Jun 13 2026 23:09:34 GMT-0300 (Horário Padrão de Brasília),
766,03-0056,CV10202VJ0032,concluida,CORRETIVA,,false,,Fri Feb 20 2026 00:00:00 GMT-0300 (Horário Padrão de Brasília),Mon Feb 02 2026 00:00:00 GMT-0300 (Horário Padrão de Brasília),,,,,,Sat Jun 13 2026 23:09:34 GMT-0300 (Horário Padrão de Brasília),
767,03-0061,CV10303VJ0019,concluida,CORRETIVA,,true,,Fri Feb 20 2026 00:00:00 GMT-0300 (Horário Padrão de Brasília),Fri Feb 20 2026 00:00:00 GMT-0300 (Horário Padrão de Brasília),0.89,89.00,,,,Sat Jun 13 2026 23:09:34 GMT-0300 (Horário Padrão de Brasília),
768,03-0067,CV10303VJ0021,concluida,PREVENTIVA,,true,,Fri Feb 20 2026 00:00:00 GMT-0300 (Horário Padrão de Brasília),Fri Feb 20 2026 00:00:00 GMT-0300 (Horário Padrão de Brasília),0.84,84.00,,,,Sat Jun 13 2026 23:09:34 GMT-0300 (Horário Padrão de Brasília),
769,03-0073,CV10303VJ0017,concluida,CORRETIVA,,true,,Fri Feb 20 2026 00:00:00 GMT-0300 (Horário Padrão de Brasília),Fri Feb 20 2026 00:00:00 GMT-0300 (Horário Padrão de Brasília),0.99,99.00,,,,Sat Jun 13 2026 23:09:34 GMT-0300 (Horário Padrão de Brasília),
770,03-0078,CV10303VJ0018,concluida,CORRETIVA,,true,,Fri Feb 20 2026 00:00:00 GMT-0300 (Horário Padrão de Brasília),Fri Feb 20 2026 00:00:00 GMT-0300 (Horário Padrão de Brasília),0.89,89.00,,,,Sat Jun 13 2026 23:09:34 GMT-0300 (Horário Padrão de Brasília),
771,03-0112,CV10101VJ0006,concluida,PREVENTIVA,,true,,Fri Feb 20 2026 00:00:00 GMT-0300 (Horário Padrão de Brasília),Fri Feb 20 2026 00:00:00 GMT-0300 (Horário Padrão de Brasília),0.99,99.00,,,,Sat Jun 13 2026 23:09:34 GMT-0300 (Horário Padrão de Brasília),
772,03-0131,CV10303VJ0020,concluida,CORRETIVA,,true,,Fri Feb 20 2026 00:00:00 GMT-0300 (Horário Padrão de Brasília),Fri Feb 20 2026 00:00:00 GMT-0300 (Horário Padrão de Brasília),0.79,79.00,,,,Sat Jun 13 2026 23:09:34 GMT-0300 (Horário Padrão de Brasília),
773,03-0008,JT10303VJ0036,concluida,CORRETIVA,,true,,Fri Feb 20 2026 00:00:00 GMT-0300 (Horário Padrão de Brasília),Fri Feb 20 2026 00:00:00 GMT-0300 (Horário Padrão de Brasília),0.94,94.00,,,,Sat Jun 13 2026 23:09:34 GMT-0300 (Horário Padrão de Brasília),
774,03-0041,JT10303VJ0033,concluida,PREVENTIVA,,true,,Fri Feb 20 2026 00:00:00 GMT-0300 (Horário Padrão de Brasília),Fri Feb 20 2026 00:00:00 GMT-0300 (Horário Padrão de Brasília),0.78,78.00,,,,Sat Jun 13 2026 23:09:34 GMT-0300 (Horário Padrão de Brasília),
775,03-0053,JT10303VJ0034,concluida,CORRETIVA,,true,,Fri Feb 20 2026 00:00:00 GMT-0300 (Horário Padrão de Brasília),Fri Feb 20 2026 00:00:00 GMT-0300 (Horário Padrão de Brasília),0,0.00,,,,Sat Jun 13 2026 23:09:34 GMT-0300 (Horário Padrão de Brasília),
776,03-0081,JT10303VJ0027,concluida,CORRETIVA,,true,,Fri Feb 20 2026 00:00:00 GMT-0300 (Horário Padrão de Brasília),Fri Feb 20 2026 00:00:00 GMT-0300 (Horário Padrão de Brasília),0.44,44.00,,,,Sat Jun 13 2026 23:09:34 GMT-0300 (Horário Padrão de Brasília),
777,03-0090,JT10303VJ0032,concluida,CORRETIVA,,false,,Fri Feb 20 2026 00:00:00 GMT-0300 (Horário Padrão de Brasília),Tue Feb 17 2026 00:00:00 GMT-0300 (Horário Padrão de Brasília),,,,,,Sat Jun 13 2026 23:09:34 GMT-0300 (Horário Padrão de Brasília),
778,03-0009,MG10101VJ0009,concluida,PREVENTIVA,,true,,Fri Feb 20 2026 00:00:00 GMT-0300 (Horário Padrão de Brasília),Fri Feb 20 2026 00:00:00 GMT-0300 (Horário Padrão de Brasília),0.84,84.00,,,,Sat Jun 13 2026 23:09:34 GMT-0300 (Horário Padrão de Brasília),
779,03-0075,MG10101VJ0010,concluida,PREVENTIVA,,true,,Fri Feb 20 2026 00:00:00 GMT-0300 (Horário Padrão de Brasília),Fri Feb 20 2026 00:00:00 GMT-0300 (Horário Padrão de Brasília),0.3,30.00,,,,Sat Jun 13 2026 23:09:34 GMT-0300 (Horário Padrão de Brasília),
780,03-0010,CV10304VJ0027,concluida,CORRETIVA,,false,,Sat Feb 21 2026 00:00:00 GMT-0300 (Horário Padrão de Brasília),Wed Feb 18 2026 00:00:00 GMT-0300 (Horário Padrão de Brasília),,,,,,Sat Jun 13 2026 23:09:34 GMT-0300 (Horário Padrão de Brasília),
781,03-0020,CV10304VJ0026,concluida,CORRETIVA,,false,,Sat Feb 21 2026 00:00:00 GMT-0300 (Horário Padrão de Brasília),Wed Feb 18 2026 00:00:00 GMT-0300 (Horário Padrão de Brasília),,,,,,Sat Jun 13 2026 23:09:34 GMT-0300 (Horário Padrão de Brasília),
782,03-0062,CV10304VJ0024,concluida,CORRETIVA,,false,,Sat Feb 21 2026 00:00:00 GMT-0300 (Horário Padrão de Brasília),Wed Feb 18 2026 00:00:00 GMT-0300 (Horário Padrão de Brasília),,,,,,Sat Jun 13 2026 23:09:34 GMT-0300 (Horário Padrão de Brasília),
783,03-0071,CV10203VJ0050,concluida,CORRETIVA,,false,,Sat Feb 21 2026 00:00:00 GMT-0300 (Horário Padrão de Brasília),Sat Dec 13 2025 00:00:00 GMT-0300 (Horário Padrão de Brasília),,,,,,Sat Jun 13 2026 23:09:34 GMT-0300 (Horário Padrão de Brasília),
784,03-0025,JT10304VJ0043,concluida,CORRETIVA,,true,,Sat Feb 21 2026 00:00:00 GMT-0300 (Horário Padrão de Brasília),Sat Feb 21 2026 00:00:00 GMT-0300 (Horário Padrão de Brasília),0.49,49.00,,,,Sat Jun 13 2026 23:09:34 GMT-0300 (Horário Padrão de Brasília),
785,03-0007,JT10304VJ0048,concluida,CORRETIVA,,true,,Sat Feb 21 2026 00:00:00 GMT-0300 (Horário Padrão de Brasília),Sat Feb 21 2026 00:00:00 GMT-0300 (Horário Padrão de Brasília),0,0.00,,,,Sat Jun 13 2026 23:09:34 GMT-0300 (Horário Padrão de Brasília),
786,03-0065,CV10302VJ0013,concluida,CORRETIVA,,true,,Mon Feb 23 2026 00:00:00 GMT-0300 (Horário Padrão de Brasília),Mon Feb 23 2026 00:00:00 GMT-0300 (Horário Padrão de Brasília),0.84,84.00,,,,Sat Jun 13 2026 23:09:34 GMT-0300 (Horário Padrão de Brasília),
787,03-0070,CV10302VJ0016,concluida,CORRETIVA,,true,,Mon Feb 23 2026 00:00:00 GMT-0300 (Horário Padrão de Brasília),Mon Feb 23 2026 00:00:00 GMT-0300 (Horário Padrão de Brasília),0.93,93.00,,,,Sat Jun 13 2026 23:09:34 GMT-0300 (Horário Padrão de Brasília),
788,03-0049,JT10102VJ0001,concluida,PREVENTIVA,,true,,Mon Feb 23 2026 00:00:00 GMT-0300 (Horário Padrão de Brasília),Mon Feb 23 2026 00:00:00 GMT-0300 (Horário Padrão de Brasília),0.99,99.00,,,,Sat Jun 13 2026 23:09:34 GMT-0300 (Horário Padrão de Brasília),
789,03-0059,JT20102VJ0003,concluida,CORRETIVA,,false,,Mon Feb 23 2026 00:00:00 GMT-0300 (Horário Padrão de Brasília),Fri Feb 13 2026 00:00:00 GMT-0300 (Horário Padrão de Brasília),,,,,,Sat Jun 13 2026 23:09:34 GMT-0300 (Horário Padrão de Brasília),
790,03-0076,JT10302VJ0057,concluida,CORRETIVA,,true,,Mon Feb 23 2026 00:00:00 GMT-0300 (Horário Padrão de Brasília),Mon Feb 23 2026 00:00:00 GMT-0300 (Horário Padrão de Brasília),0.94,94.00,,,,Sat Jun 13 2026 23:09:34 GMT-0300 (Horário Padrão de Brasília),
791,03-0141,JT10302VJ0018,concluida,PREVENTIVA,,true,,Mon Feb 23 2026 00:00:00 GMT-0300 (Horário Padrão de Brasília),Mon Feb 23 2026 00:00:00 GMT-0300 (Horário Padrão de Brasília),0.99,99.00,,,,Sat Jun 13 2026 23:09:34 GMT-0300 (Horário Padrão de Brasília),
792,03-0087,MG10101VJ0005,concluida,PREVENTIVA,,true,,Mon Feb 23 2026 00:00:00 GMT-0300 (Horário Padrão de Brasília),Mon Feb 23 2026 00:00:00 GMT-0300 (Horário Padrão de Brasília),0.89,89.00,,,,Sat Jun 13 2026 23:09:34 GMT-0300 (Horário Padrão de Brasília),
793,03-0035,CV10203VJ0061,concluida,CORRETIVA,,true,,Tue Feb 24 2026 00:00:00 GMT-0300 (Horário Padrão de Brasília),Tue Feb 24 2026 00:00:00 GMT-0300 (Horário Padrão de Brasília),0,0.00,,,,Sat Jun 13 2026 23:09:34 GMT-0300 (Horário Padrão de Brasília),
794,03-0039,CV10203VJ0047,concluida,PREVENTIVA,,true,,Tue Feb 24 2026 00:00:00 GMT-0300 (Horário Padrão de Brasília),Tue Feb 24 2026 00:00:00 GMT-0300 (Horário Padrão de Brasília),0.85,85.00,,,,Sat Jun 13 2026 23:09:34 GMT-0300 (Horário Padrão de Brasília),
795,03-0055,CV10101VJ0001,concluida,PREVENTIVA,,true,,Tue Feb 24 2026 00:00:00 GMT-0300 (Horário Padrão de Brasília),Tue Feb 24 2026 00:00:00 GMT-0300 (Horário Padrão de Brasília),0.89,89.00,,,,Sat Jun 13 2026 23:09:34 GMT-0300 (Horário Padrão de Brasília),
796,03-0066,CV10203VJ0048,concluida,PREVENTIVA,,true,,Tue Feb 24 2026 00:00:00 GMT-0300 (Horário Padrão de Brasília),Tue Feb 24 2026 00:00:00 GMT-0300 (Horário Padrão de Brasília),0.84,84.00,,,,Sat Jun 13 2026 23:09:34 GMT-0300 (Horário Padrão de Brasília),
797,03-0083,CV10203VJ0063,concluida,PREVENTIVA,,true,,Tue Feb 24 2026 00:00:00 GMT-0300 (Horário Padrão de Brasília),Tue Feb 24 2026 00:00:00 GMT-0300 (Horário Padrão de Brasília),0.92,92.00,,,,Sat Jun 13 2026 23:09:34 GMT-0300 (Horário Padrão de Brasília),
798,03-0098,CV10203VJ0062,concluida,CORRETIVA,,true,,Tue Feb 24 2026 00:00:00 GMT-0300 (Horário Padrão de Brasília),Tue Feb 24 2026 00:00:00 GMT-0300 (Horário Padrão de Brasília),0.85,85.00,,,,Sat Jun 13 2026 23:09:34 GMT-0300 (Horário Padrão de Brasília),
799,03-0106,CV10101VL0002,concluida,CORRETIVA,,true,,Tue Feb 24 2026 00:00:00 GMT-0300 (Horário Padrão de Brasília),Tue Feb 24 2026 00:00:00 GMT-0300 (Horário Padrão de Brasília),0.8,80.00,,,,Sat Jun 13 2026 23:09:34 GMT-0300 (Horário Padrão de Brasília),
800,03-0116,CV10303VJ0022,concluida,PREVENTIVA,,true,,Tue Feb 24 2026 00:00:00 GMT-0300 (Horário Padrão de Brasília),Tue Feb 24 2026 00:00:00 GMT-0300 (Horário Padrão de Brasília),0.89,89.00,,,,Sat Jun 13 2026 23:09:34 GMT-0300 (Horário Padrão de Brasília),
801,03-0120,CV10101VJ0008,concluida,CORRETIVA,,true,,Tue Feb 24 2026 00:00:00 GMT-0300 (Horário Padrão de Brasília),Tue Feb 24 2026 00:00:00 GMT-0300 (Horário Padrão de Brasília),0.74,74.00,,,,Sat Jun 13 2026 23:09:34 GMT-0300 (Horário Padrão de Brasília),
802,03-0134,CV10203VJ0049,concluida,PREVENTIVA,,true,,Tue Feb 24 2026 00:00:00 GMT-0300 (Horário Padrão de Brasília),Tue Feb 24 2026 00:00:00 GMT-0300 (Horário Padrão de Brasília),0.39,39.00,,,,Sat Jun 13 2026 23:09:34 GMT-0300 (Horário Padrão de Brasília),
803,03-0046,JT10203VJ0055,concluida,PREVENTIVA,,true,,Tue Feb 24 2026 00:00:00 GMT-0300 (Horário Padrão de Brasília),Tue Feb 24 2026 00:00:00 GMT-0300 (Horário Padrão de Brasília),0.78,78.00,,,,Sat Jun 13 2026 23:09:34 GMT-0300 (Horário Padrão de Brasília),
804,03-0103,JT20102VJ0001,concluida,PREVENTIVA,,true,,Tue Feb 24 2026 00:00:00 GMT-0300 (Horário Padrão de Brasília),Tue Feb 24 2026 00:00:00 GMT-0300 (Horário Padrão de Brasília),0.09,9.00,,,,Sat Jun 13 2026 23:09:34 GMT-0300 (Horário Padrão de Brasília),
805,03-0138,JT10102VJ0002,concluida,PREVENTIVA,,true,,Tue Feb 24 2026 00:00:00 GMT-0300 (Horário Padrão de Brasília),Tue Feb 24 2026 00:00:00 GMT-0300 (Horário Padrão de Brasília),0.74,74.00,,,,Sat Jun 13 2026 23:09:34 GMT-0300 (Horário Padrão de Brasília),
806,03-0140,JT10203VJ0053,concluida,CORRETIVA,,true,,Tue Feb 24 2026 00:00:00 GMT-0300 (Horário Padrão de Brasília),Tue Feb 24 2026 00:00:00 GMT-0300 (Horário Padrão de Brasília),0.99,99.00,,,,Sat Jun 13 2026 23:09:34 GMT-0300 (Horário Padrão de Brasília),
807,03-0038,CV10202VJ0030,concluida,CORRETIVA,,false,,Wed Feb 25 2026 00:00:00 GMT-0300 (Horário Padrão de Brasília),Mon Feb 23 2026 00:00:00 GMT-0300 (Horário Padrão de Brasília),,,,,,Sat Jun 13 2026 23:09:34 GMT-0300 (Horário Padrão de Brasília),
808,03-0044,CV10304VJ0023,concluida,CORRETIVA,,true,,Wed Feb 25 2026 00:00:00 GMT-0300 (Horário Padrão de Brasília),Wed Feb 25 2026 00:00:00 GMT-0300 (Horário Padrão de Brasília),0.89,89.00,,,,Sat Jun 13 2026 23:09:34 GMT-0300 (Horário Padrão de Brasília),
809,03-0082,CV10202VJ0029,concluida,PREVENTIVA,,true,,Wed Feb 25 2026 00:00:00 GMT-0300 (Horário Padrão de Brasília),Wed Feb 25 2026 00:00:00 GMT-0300 (Horário Padrão de Brasília),0.81,81.00,,,,Sat Jun 13 2026 23:09:34 GMT-0300 (Horário Padrão de Brasília),
810,03-0122,CV10202VJ0039,concluida,CORRETIVA,,true,,Wed Feb 25 2026 00:00:00 GMT-0300 (Horário Padrão de Brasília),Wed Feb 25 2026 00:00:00 GMT-0300 (Horário Padrão de Brasília),0.89,89.00,,,,Sat Jun 13 2026 23:09:34 GMT-0300 (Horário Padrão de Brasília),
811,03-0125,CV10304VJ0028,concluida,PREVENTIVA,,true,,Wed Feb 25 2026 00:00:00 GMT-0300 (Horário Padrão de Brasília),Wed Feb 25 2026 00:00:00 GMT-0300 (Horário Padrão de Brasília),0.84,84.00,,,,Sat Jun 13 2026 23:09:34 GMT-0300 (Horário Padrão de Brasília),
812,03-0132,CV10202VJ0038,concluida,PREVENTIVA,,true,,Wed Feb 25 2026 00:00:00 GMT-0300 (Horário Padrão de Brasília),Wed Feb 25 2026 00:00:00 GMT-0300 (Horário Padrão de Brasília),0.84,84.00,,,,Sat Jun 13 2026 23:09:34 GMT-0300 (Horário Padrão de Brasília),
813,03-0136,CV10202VJ0031,concluida,CORRETIVA,,true,,Wed Feb 25 2026 00:00:00 GMT-0300 (Horário Padrão de Brasília),Wed Feb 25 2026 00:00:00 GMT-0300 (Horário Padrão de Brasília),0.84,84.00,,,,Sat Jun 13 2026 23:09:34 GMT-0300 (Horário Padrão de Brasília),
814,03-0004,JT10304VJ0059,concluida,CORRETIVA,,true,,Wed Feb 25 2026 00:00:00 GMT-0300 (Horário Padrão de Brasília),Wed Feb 25 2026 00:00:00 GMT-0300 (Horário Padrão de Brasília),0.79,79.00,,,,Sat Jun 13 2026 23:09:34 GMT-0300 (Horário Padrão de Brasília),
815,03-0005,JT10202VJ0054,concluida,PREVENTIVA,,true,,Wed Feb 25 2026 00:00:00 GMT-0300 (Horário Padrão de Brasília),Wed Feb 25 2026 00:00:00 GMT-0300 (Horário Padrão de Brasília),0.89,89.00,,,,Sat Jun 13 2026 23:09:34 GMT-0300 (Horário Padrão de Brasília),
816,03-0033,JT20102VJ0002,concluida,PREVENTIVA,,true,,Wed Feb 25 2026 00:00:00 GMT-0300 (Horário Padrão de Brasília),Wed Feb 25 2026 00:00:00 GMT-0300 (Horário Padrão de Brasília),0.84,84.00,,,,Sat Jun 13 2026 23:09:34 GMT-0300 (Horário Padrão de Brasília),
817,03-0051,JT10304VJ0041,concluida,CORRETIVA,,false,,Wed Feb 25 2026 00:00:00 GMT-0300 (Horário Padrão de Brasília),Sun Feb 22 2026 00:00:00 GMT-0300 (Horário Padrão de Brasília),,,,,,Sat Jun 13 2026 23:09:34 GMT-0300 (Horário Padrão de Brasília),
818,03-0054,JT10304VJ0040,concluida,PREVENTIVA,,true,,Wed Feb 25 2026 00:00:00 GMT-0300 (Horário Padrão de Brasília),Wed Feb 25 2026 00:00:00 GMT-0300 (Horário Padrão de Brasília),0.94,94.00,,,,Sat Jun 13 2026 23:09:34 GMT-0300 (Horário Padrão de Brasília),
819,03-0095,JT10304VJ0042,concluida,CORRETIVA,,true,,Wed Feb 25 2026 00:00:00 GMT-0300 (Horário Padrão de Brasília),Wed Feb 25 2026 00:00:00 GMT-0300 (Horário Padrão de Brasília),0.94,94.00,,,,Sat Jun 13 2026 23:09:34 GMT-0300 (Horário Padrão de Brasília),
820,03-0127,JT10304VJ0039,concluida,CORRETIVA,,false,,Wed Feb 25 2026 00:00:00 GMT-0300 (Horário Padrão de Brasília),Mon Feb 23 2026 00:00:00 GMT-0300 (Horário Padrão de Brasília),,,,,,Sat Jun 13 2026 23:09:34 GMT-0300 (Horário Padrão de Brasília),
821,03-0143,JT10304VJ0038,concluida,PREVENTIVA,,true,,Wed Feb 25 2026 00:00:00 GMT-0300 (Horário Padrão de Brasília),Wed Feb 25 2026 00:00:00 GMT-0300 (Horário Padrão de Brasília),0.82,82.00,,,,Sat Jun 13 2026 23:09:34 GMT-0300 (Horário Padrão de Brasília),
822,03-0022,CV10203VJ0056,concluida,CORRETIVA,,true,,Thu Feb 26 2026 00:00:00 GMT-0300 (Horário Padrão de Brasília),Thu Feb 26 2026 00:00:00 GMT-0300 (Horário Padrão de Brasília),0.84,84.00,,,,Sat Jun 13 2026 23:09:34 GMT-0300 (Horário Padrão de Brasília),
823,03-0139,CV10302VJ0014,concluida,CORRETIVA,,true,,Thu Feb 26 2026 00:00:00 GMT-0300 (Horário Padrão de Brasília),Thu Feb 26 2026 00:00:00 GMT-0300 (Horário Padrão de Brasília),1,100.00,,,,Sat Jun 13 2026 23:09:34 GMT-0300 (Horário Padrão de Brasília),
824,03-0018,JT10302VJ0010,concluida,PREVENTIVA,,true,,Thu Feb 26 2026 00:00:00 GMT-0300 (Horário Padrão de Brasília),Thu Feb 26 2026 00:00:00 GMT-0300 (Horário Padrão de Brasília),0.39,39.00,,,,Sat Jun 13 2026 23:09:34 GMT-0300 (Horário Padrão de Brasília),
825,03-0068,JT10302VJ0007,concluida,PREVENTIVA,,true,,Thu Feb 26 2026 00:00:00 GMT-0300 (Horário Padrão de Brasília),Thu Feb 26 2026 00:00:00 GMT-0300 (Horário Padrão de Brasília),0.88,88.00,,,,Sat Jun 13 2026 23:09:34 GMT-0300 (Horário Padrão de Brasília),
826,03-0006,MG10101VJ0006,concluida,PREVENTIVA,,true,,Thu Feb 26 2026 00:00:00 GMT-0300 (Horário Padrão de Brasília),Thu Feb 26 2026 00:00:00 GMT-0300 (Horário Padrão de Brasília),0.24,24.00,,,,Sat Jun 13 2026 23:09:34 GMT-0300 (Horário Padrão de Brasília),
827,03-0017,MG10101VJ0012,concluida,PREVENTIVA,,true,,Thu Feb 26 2026 00:00:00 GMT-0300 (Horário Padrão de Brasília),Thu Feb 26 2026 00:00:00 GMT-0300 (Horário Padrão de Brasília),0.99,99.00,,,,Sat Jun 13 2026 23:09:34 GMT-0300 (Horário Padrão de Brasília),
828,03-0061,CV10303VJ0019,concluida,CORRETIVA,,true,,Fri Feb 27 2026 00:00:00 GMT-0300 (Horário Padrão de Brasília),Fri Feb 27 2026 00:00:00 GMT-0300 (Horário Padrão de Brasília),0.94,94.00,,,,Sat Jun 13 2026 23:09:34 GMT-0300 (Horário Padrão de Brasília),
829,03-0073,CV10303VJ0017,concluida,CORRETIVA,,false,,Fri Feb 27 2026 00:00:00 GMT-0300 (Horário Padrão de Brasília),Fri Feb 20 2026 00:00:00 GMT-0300 (Horário Padrão de Brasília),,,,,,Sat Jun 13 2026 23:09:34 GMT-0300 (Horário Padrão de Brasília),
830,03-0126,CV10202VJ0033,concluida,PREVENTIVA,,true,,Fri Feb 27 2026 00:00:00 GMT-0300 (Horário Padrão de Brasília),Fri Feb 27 2026 00:00:00 GMT-0300 (Horário Padrão de Brasília),0.79,79.00,,,,Sat Jun 13 2026 23:09:34 GMT-0300 (Horário Padrão de Brasília),
831,03-0131,CV10303VJ0020,concluida,CORRETIVA,,true,,Fri Feb 27 2026 00:00:00 GMT-0300 (Horário Padrão de Brasília),Fri Feb 27 2026 00:00:00 GMT-0300 (Horário Padrão de Brasília),0.84,84.00,,,,Sat Jun 13 2026 23:09:34 GMT-0300 (Horário Padrão de Brasília),
832,03-0053,JT10303VJ0034,concluida,CORRETIVA,,true,,Fri Feb 27 2026 00:00:00 GMT-0300 (Horário Padrão de Brasília),Fri Feb 27 2026 00:00:00 GMT-0300 (Horário Padrão de Brasília),0.99,99.00,,,,Sat Jun 13 2026 23:09:34 GMT-0300 (Horário Padrão de Brasília),
833,03-0081,JT10303VJ0027,concluida,CORRETIVA,,true,,Fri Feb 27 2026 00:00:00 GMT-0300 (Horário Padrão de Brasília),Fri Feb 27 2026 00:00:00 GMT-0300 (Horário Padrão de Brasília),0.99,99.00,,,,Sat Jun 13 2026 23:09:34 GMT-0300 (Horário Padrão de Brasília),
834,03-0090,JT10303VJ0032,concluida,CORRETIVA,,false,,Fri Feb 27 2026 00:00:00 GMT-0300 (Horário Padrão de Brasília),,,,,,,Sat Jun 13 2026 23:09:34 GMT-0300 (Horário Padrão de Brasília),
835,03-0021,MG10101VJ0008,concluida,PREVENTIVA,,true,,Fri Feb 27 2026 00:00:00 GMT-0300 (Horário Padrão de Brasília),Fri Feb 27 2026 00:00:00 GMT-0300 (Horário Padrão de Brasília),0.79,79.00,,,,Sat Jun 13 2026 23:09:34 GMT-0300 (Horário Padrão de Brasília),
836,03-0075,MG10101VJ0010,concluida,CORRETIVA,,true,,Fri Feb 27 2026 00:00:00 GMT-0300 (Horário Padrão de Brasília),Fri Feb 27 2026 00:00:00 GMT-0300 (Horário Padrão de Brasília),1,100.00,,,,Sat Jun 13 2026 23:09:34 GMT-0300 (Horário Padrão de Brasília),
837,03-0010,CV10304VJ0027,concluida,CORRETIVA,,true,,Sat Feb 28 2026 00:00:00 GMT-0300 (Horário Padrão de Brasília),Sat Feb 28 2026 00:00:00 GMT-0300 (Horário Padrão de Brasília),0.8,80.00,,,,Sat Jun 13 2026 23:09:34 GMT-0300 (Horário Padrão de Brasília),
838,03-0062,CV10304VJ0024,concluida,CORRETIVA,,false,,Mon Mar 02 2026 00:00:00 GMT-0300 (Horário Padrão de Brasília),Wed Feb 18 2026 00:00:00 GMT-0300 (Horário Padrão de Brasília),,,,,,Sat Jun 13 2026 23:09:34 GMT-0300 (Horário Padrão de Brasília),
839,03-0038,CV10202VJ0030,concluida,CORRETIVA,,true,,Mon Mar 02 2026 00:00:00 GMT-0300 (Horário Padrão de Brasília),Mon Mar 02 2026 00:00:00 GMT-0300 (Horário Padrão de Brasília),0.74,74.00,,,,Sat Jun 13 2026 23:09:34 GMT-0300 (Horário Padrão de Brasília),
840,03-0064,CV10101VJ0003,concluida,CORRETIVA,,true,,Mon Mar 02 2026 00:00:00 GMT-0300 (Horário Padrão de Brasília),Mon Mar 02 2026 00:00:00 GMT-0300 (Horário Padrão de Brasília),0.89,89.00,,,,Sat Jun 13 2026 23:09:34 GMT-0300 (Horário Padrão de Brasília),
841,03-0065,CV10302VJ0013,concluida,CORRETIVA,,false,,Mon Mar 02 2026 00:00:00 GMT-0300 (Horário Padrão de Brasília),Sun Mar 01 2026 00:00:00 GMT-0300 (Horário Padrão de Brasília),,,,,,Sat Jun 13 2026 23:09:34 GMT-0300 (Horário Padrão de Brasília),
842,03-0018,JT10302VJ0010,concluida,CORRETIVA,,true,,Mon Mar 02 2026 00:00:00 GMT-0300 (Horário Padrão de Brasília),Mon Mar 02 2026 00:00:00 GMT-0300 (Horário Padrão de Brasília),0.74,74.00,,,,Sat Jun 13 2026 23:09:34 GMT-0300 (Horário Padrão de Brasília),
843,03-0059,JT20102VJ0003,concluida,CORRETIVA,,false,,Mon Mar 02 2026 00:00:00 GMT-0300 (Horário Padrão de Brasília),Fri Feb 13 2026 00:00:00 GMT-0300 (Horário Padrão de Brasília),,,,,,Sat Jun 13 2026 23:09:34 GMT-0300 (Horário Padrão de Brasília),
844,03-0023,JT10102VJ0003,concluida,PREVENTIVA,,true,,Mon Mar 02 2026 00:00:00 GMT-0300 (Horário Padrão de Brasília),Mon Mar 02 2026 00:00:00 GMT-0300 (Horário Padrão de Brasília),1,100.00,,,,Sat Jun 13 2026 23:09:34 GMT-0300 (Horário Padrão de Brasília),
845,03-0076,JT10302VJ0057,concluida,CORRETIVA,,true,,Mon Mar 02 2026 00:00:00 GMT-0300 (Horário Padrão de Brasília),Mon Mar 02 2026 00:00:00 GMT-0300 (Horário Padrão de Brasília),1,100.00,,,,Sat Jun 13 2026 23:09:34 GMT-0300 (Horário Padrão de Brasília),
846,03-0057,CV10101VJ0005,concluida,CORRETIVA,,true,,Tue Mar 03 2026 00:00:00 GMT-0300 (Horário Padrão de Brasília),Tue Mar 03 2026 00:00:00 GMT-0300 (Horário Padrão de Brasília),0.92,92.00,,,,Sat Jun 13 2026 23:09:34 GMT-0300 (Horário Padrão de Brasília),
847,03-0100,CV10203VJ0054,concluida,PREVENTIVA,,true,,Tue Mar 03 2026 00:00:00 GMT-0300 (Horário Padrão de Brasília),Tue Mar 03 2026 00:00:00 GMT-0300 (Horário Padrão de Brasília),0.99,99.00,,,,Sat Jun 13 2026 23:09:34 GMT-0300 (Horário Padrão de Brasília),
848,03-0112,CV10101VJ0006,concluida,PREVENTIVA,,true,,Tue Mar 03 2026 00:00:00 GMT-0300 (Horário Padrão de Brasília),Tue Mar 03 2026 00:00:00 GMT-0300 (Horário Padrão de Brasília),0.89,89.00,,,,Sat Jun 13 2026 23:09:34 GMT-0300 (Horário Padrão de Brasília),
849,03-0043,JT10303VJ0029,concluida,PREVENTIVA,,true,,Tue Mar 03 2026 00:00:00 GMT-0300 (Horário Padrão de Brasília),Tue Mar 03 2026 00:00:00 GMT-0300 (Horário Padrão de Brasília),0.89,89.00,,,,Sat Jun 13 2026 23:09:34 GMT-0300 (Horário Padrão de Brasília),
850,03-0133,JT10303VJ0031,concluida,PREVENTIVA,,true,,Tue Mar 03 2026 00:00:00 GMT-0300 (Horário Padrão de Brasília),Tue Mar 03 2026 00:00:00 GMT-0300 (Horário Padrão de Brasília),0.99,99.00,,,,Sat Jun 13 2026 23:09:34 GMT-0300 (Horário Padrão de Brasília),
851,03-0020,CV10304VJ0026,concluida,CORRETIVA,,true,,Wed Mar 04 2026 00:00:00 GMT-0300 (Horário Padrão de Brasília),Wed Mar 04 2026 00:00:00 GMT-0300 (Horário Padrão de Brasília),0.75,75.00,,,,Sat Jun 13 2026 23:09:34 GMT-0300 (Horário Padrão de Brasília),
852,03-0044,CV10304VJ0023,concluida,CORRETIVA,,true,,Wed Mar 04 2026 00:00:00 GMT-0300 (Horário Padrão de Brasília),Wed Mar 04 2026 00:00:00 GMT-0300 (Horário Padrão de Brasília),0.84,84.00,,,,Sat Jun 13 2026 23:09:34 GMT-0300 (Horário Padrão de Brasília),
853,03-0010,CV10304VJ0027,concluida,CORRETIVA,,true,,Wed Mar 04 2026 00:00:00 GMT-0300 (Horário Padrão de Brasília),Wed Mar 04 2026 00:00:00 GMT-0300 (Horário Padrão de Brasília),0.84,84.00,,,,Sat Jun 13 2026 23:09:34 GMT-0300 (Horário Padrão de Brasília),
854,03-0086,JT10101VL0002,concluida,CORRETIVA,,true,,Wed Mar 04 2026 00:00:00 GMT-0300 (Horário Padrão de Brasília),Wed Mar 04 2026 00:00:00 GMT-0300 (Horário Padrão de Brasília),0.89,89.00,,,,Sat Jun 13 2026 23:09:34 GMT-0300 (Horário Padrão de Brasília),
855,03-0080,JT10101VJ0004,concluida,CORRETIVA,,true,,Wed Mar 04 2026 00:00:00 GMT-0300 (Horário Padrão de Brasília),Wed Mar 04 2026 00:00:00 GMT-0300 (Horário Padrão de Brasília),0.89,89.00,,,,Sat Jun 13 2026 23:09:34 GMT-0300 (Horário Padrão de Brasília),
856,03-0007,JT10304VJ0048,concluida,CORRETIVA,,true,,Wed Mar 04 2026 00:00:00 GMT-0300 (Horário Padrão de Brasília),Wed Mar 04 2026 00:00:00 GMT-0300 (Horário Padrão de Brasília),0,0.00,,,,Sat Jun 13 2026 23:09:34 GMT-0300 (Horário Padrão de Brasília),
857,03-0051,JT10304VJ0041,concluida,CORRETIVA,,true,,Wed Mar 04 2026 00:00:00 GMT-0300 (Horário Padrão de Brasília),Wed Mar 04 2026 00:00:00 GMT-0300 (Horário Padrão de Brasília),,,,,,Sat Jun 13 2026 23:09:34 GMT-0300 (Horário Padrão de Brasília),
858,03-0004,JT10304VJ0059,concluida,CORRETIVA,,true,,Wed Mar 04 2026 00:00:00 GMT-0300 (Horário Padrão de Brasília),Wed Mar 04 2026 00:00:00 GMT-0300 (Horário Padrão de Brasília),0.84,84.00,,,,Sat Jun 13 2026 23:09:34 GMT-0300 (Horário Padrão de Brasília),
859,03-0127,JT10304VJ0039,concluida,CORRETIVA,,true,,Wed Mar 04 2026 00:00:00 GMT-0300 (Horário Padrão de Brasília),Wed Mar 04 2026 00:00:00 GMT-0300 (Horário Padrão de Brasília),0.79,79.00,,,,Sat Jun 13 2026 23:09:34 GMT-0300 (Horário Padrão de Brasília),
860,03-0025,JT10304VJ0043,concluida,CORRETIVA,,true,,Wed Mar 04 2026 00:00:00 GMT-0300 (Horário Padrão de Brasília),Wed Mar 04 2026 00:00:00 GMT-0300 (Horário Padrão de Brasília),0.84,84.00,,,,Sat Jun 13 2026 23:09:34 GMT-0300 (Horário Padrão de Brasília),
861,03-0047,MG10101VJ0002,concluida,CORRETIVA,,true,,Wed Mar 04 2026 00:00:00 GMT-0300 (Horário Padrão de Brasília),Wed Mar 04 2026 00:00:00 GMT-0300 (Horário Padrão de Brasília),0.84,84.00,,,,Sat Jun 13 2026 23:09:34 GMT-0300 (Horário Padrão de Brasília),
862,03-0092,CV10302VJ0012,concluida,CORRETIVA,,true,,Thu Mar 05 2026 00:00:00 GMT-0300 (Horário Padrão de Brasília),Thu Mar 05 2026 00:00:00 GMT-0300 (Horário Padrão de Brasília),0.94,94.00,,,,Sat Jun 13 2026 23:09:34 GMT-0300 (Horário Padrão de Brasília),
863,03-0035,CV10203VJ0061,concluida,CORRETIVA,,true,,Thu Mar 05 2026 00:00:00 GMT-0300 (Horário Padrão de Brasília),Thu Mar 05 2026 00:00:00 GMT-0300 (Horário Padrão de Brasília),0.86,86.00,,,,Sat Jun 13 2026 23:09:34 GMT-0300 (Horário Padrão de Brasília),
864,03-0139,CV10302VJ0014,concluida,CORRETIVA,,false,,Thu Mar 05 2026 00:00:00 GMT-0300 (Horário Padrão de Brasília),Mon Mar 02 2026 00:00:00 GMT-0300 (Horário Padrão de Brasília),,,,,,Sat Jun 13 2026 23:09:34 GMT-0300 (Horário Padrão de Brasília),
865,03-0105,CV10302VJ0015,concluida,CORRETIVA,,true,,Thu Mar 05 2026 00:00:00 GMT-0300 (Horário Padrão de Brasília),Thu Mar 05 2026 00:00:00 GMT-0300 (Horário Padrão de Brasília),0.79,79.00,,,,Sat Jun 13 2026 23:09:34 GMT-0300 (Horário Padrão de Brasília),
866,03-0134,CV10203VJ0049,concluida,CORRETIVA,,true,,Thu Mar 05 2026 00:00:00 GMT-0300 (Horário Padrão de Brasília),Thu Mar 05 2026 00:00:00 GMT-0300 (Horário Padrão de Brasília),0.89,89.00,,,,Sat Jun 13 2026 23:09:34 GMT-0300 (Horário Padrão de Brasília),
867,03-0079,JT10302VJ0009,concluida,CORRETIVA,,true,,Thu Mar 05 2026 00:00:00 GMT-0300 (Horário Padrão de Brasília),Thu Mar 05 2026 00:00:00 GMT-0300 (Horário Padrão de Brasília),0.79,79.00,,,,Sat Jun 13 2026 23:09:34 GMT-0300 (Horário Padrão de Brasília),
868,03-0074,JT10302VJ0008,concluida,CORRETIVA,,true,,Thu Mar 05 2026 00:00:00 GMT-0300 (Horário Padrão de Brasília),Thu Mar 05 2026 00:00:00 GMT-0300 (Horário Padrão de Brasília),0.94,94.00,,,,Sat Jun 13 2026 23:09:34 GMT-0300 (Horário Padrão de Brasília),
869,03-0110,JT10302VJ0014,concluida,PREVENTIVA,,true,,Thu Mar 05 2026 00:00:00 GMT-0300 (Horário Padrão de Brasília),Thu Mar 05 2026 00:00:00 GMT-0300 (Horário Padrão de Brasília),0.88,88.00,,,,Sat Jun 13 2026 23:09:34 GMT-0300 (Horário Padrão de Brasília),
870,03-0109,JT10302VJ0020,concluida,CORRETIVA,,true,,Thu Mar 05 2026 00:00:00 GMT-0300 (Horário Padrão de Brasília),Thu Mar 05 2026 00:00:00 GMT-0300 (Horário Padrão de Brasília),0.79,79.00,,,,Sat Jun 13 2026 23:09:34 GMT-0300 (Horário Padrão de Brasília),
871,03-0138,JT10102VJ0002,concluida,PREVENTIVA,,true,,Thu Mar 05 2026 00:00:00 GMT-0300 (Horário Padrão de Brasília),Thu Mar 05 2026 00:00:00 GMT-0300 (Horário Padrão de Brasília),0.84,84.00,,,,Sat Jun 13 2026 23:09:34 GMT-0300 (Horário Padrão de Brasília),
872,03-0013,MG10101VJ0013,concluida,PREVENTIVA,,true,,Thu Mar 05 2026 00:00:00 GMT-0300 (Horário Padrão de Brasília),Thu Mar 05 2026 00:00:00 GMT-0300 (Horário Padrão de Brasília),0.74,74.00,,,,Sat Jun 13 2026 23:09:34 GMT-0300 (Horário Padrão de Brasília),
873,03-0088,MG10101VJ0007,concluida,CORRETIVA,,true,,Thu Mar 05 2026 00:00:00 GMT-0300 (Horário Padrão de Brasília),Thu Mar 05 2026 00:00:00 GMT-0300 (Horário Padrão de Brasília),1,100.00,,,,Sat Jun 13 2026 23:09:34 GMT-0300 (Horário Padrão de Brasília),
874,03-0009,MG10101VJ0009,concluida,CORRETIVA,,true,,Fri Mar 06 2026 00:00:00 GMT-0300 (Horário Padrão de Brasília),Fri Mar 06 2026 00:00:00 GMT-0300 (Horário Padrão de Brasília),0.84,84.00,,,,Sat Jun 13 2026 23:09:34 GMT-0300 (Horário Padrão de Brasília),
875,03-0072,MG10101VJ0011,concluida,PREVENTIVA,,true,,Fri Mar 06 2026 00:00:00 GMT-0300 (Horário Padrão de Brasília),Fri Mar 06 2026 00:00:00 GMT-0300 (Horário Padrão de Brasília),0.84,84.00,,,,Sat Jun 13 2026 23:09:34 GMT-0300 (Horário Padrão de Brasília),
876,03-0008,JT10303VJ0036,concluida,PREVENTIVA,,true,,Fri Mar 06 2026 00:00:00 GMT-0300 (Horário Padrão de Brasília),Fri Mar 06 2026 00:00:00 GMT-0300 (Horário Padrão de Brasília),0.93,93.00,,,,Sat Jun 13 2026 23:09:34 GMT-0300 (Horário Padrão de Brasília),
877,03-0028,CV10203VJ0058,concluida,PREVENTIVA,,true,,Sat Mar 07 2026 00:00:00 GMT-0300 (Horário Padrão de Brasília),Sat Mar 07 2026 00:00:00 GMT-0300 (Horário Padrão de Brasília),0.89,89.00,,,,Sat Jun 13 2026 23:09:34 GMT-0300 (Horário Padrão de Brasília),
878,03-0129,CV10202VJ0041,concluida,PREVENTIVA,,true,,Mon Mar 09 2026 00:00:00 GMT-0300 (Horário Padrão de Brasília),Mon Mar 09 2026 00:00:00 GMT-0300 (Horário Padrão de Brasília),0.84,84.00,,,,Sat Jun 13 2026 23:09:34 GMT-0300 (Horário Padrão de Brasília),
879,03-0121,CV10202VJ0040,concluida,PREVENTIVA,,true,,Mon Mar 09 2026 00:00:00 GMT-0300 (Horário Padrão de Brasília),Mon Mar 09 2026 00:00:00 GMT-0300 (Horário Padrão de Brasília),0.79,79.00,,,,Sat Jun 13 2026 23:09:34 GMT-0300 (Horário Padrão de Brasília),
880,03-0107,CV10202VJ0046,concluida,CORRETIVA,,true,,Mon Mar 09 2026 00:00:00 GMT-0300 (Horário Padrão de Brasília),Mon Mar 09 2026 00:00:00 GMT-0300 (Horário Padrão de Brasília),0.74,74.00,,,,Sat Jun 13 2026 23:09:34 GMT-0300 (Horário Padrão de Brasília),
881,03-0096,CV10101VJ0007,concluida,CORRETIVA,,true,,Tue Mar 10 2026 00:00:00 GMT-0300 (Horário Padrão de Brasília),Tue Mar 10 2026 00:00:00 GMT-0300 (Horário Padrão de Brasília),0.83,83.00,,,,Sat Jun 13 2026 23:09:34 GMT-0300 (Horário Padrão de Brasília),
882,03-0101,CV10101VJ0004,concluida,CORRETIVA,,true,,Tue Mar 10 2026 00:00:00 GMT-0300 (Horário Padrão de Brasília),Tue Mar 10 2026 00:00:00 GMT-0300 (Horário Padrão de Brasília),0.84,84.00,,,,Sat Jun 13 2026 23:09:34 GMT-0300 (Horário Padrão de Brasília),
883,03-0060,CV10101VJ0002,concluida,CORRETIVA,,true,,Tue Mar 10 2026 00:00:00 GMT-0300 (Horário Padrão de Brasília),Tue Mar 10 2026 00:00:00 GMT-0300 (Horário Padrão de Brasília),0.84,84.00,,,,Sat Jun 13 2026 23:09:34 GMT-0300 (Horário Padrão de Brasília),
884,03-0116,CV10303VJ0022,concluida,CORRETIVA,,true,,Tue Mar 10 2026 00:00:00 GMT-0300 (Horário Padrão de Brasília),Tue Mar 10 2026 00:00:00 GMT-0300 (Horário Padrão de Brasília),0.83,83.00,,,,Sat Jun 13 2026 23:09:34 GMT-0300 (Horário Padrão de Brasília),
885,03-0137,JT10303VJ0021,concluida,CORRETIVA,,false,,Tue Mar 10 2026 00:00:00 GMT-0300 (Horário Padrão de Brasília),Fri Mar 06 2026 00:00:00 GMT-0300 (Horário Padrão de Brasília),,,,,,Sat Jun 13 2026 23:09:34 GMT-0300 (Horário Padrão de Brasília),
886,03-0119,MG10101VJ0003,concluida,PREVENTIVA,,true,,Tue Mar 10 2026 00:00:00 GMT-0300 (Horário Padrão de Brasília),Tue Mar 10 2026 00:00:00 GMT-0300 (Horário Padrão de Brasília),0.79,79.00,,,,Sat Jun 13 2026 23:09:34 GMT-0300 (Horário Padrão de Brasília),
887,03-0069,MG10101VJ0004,concluida,CORRETIVA,,true,,Tue Mar 10 2026 00:00:00 GMT-0300 (Horário Padrão de Brasília),Tue Mar 10 2026 00:00:00 GMT-0300 (Horário Padrão de Brasília),0.89,89.00,,,,Sat Jun 13 2026 23:09:34 GMT-0300 (Horário Padrão de Brasília),
888,03-0082,CV10202VJ0029,concluida,CORRETIVA,,true,,Wed Mar 11 2026 00:00:00 GMT-0300 (Horário Padrão de Brasília),Wed Mar 11 2026 00:00:00 GMT-0300 (Horário Padrão de Brasília),0.74,74.00,,,,Sat Jun 13 2026 23:09:34 GMT-0300 (Horário Padrão de Brasília),
889,03-0097,CV10202VJ0035,concluida,CORRETIVA,,true,,Wed Mar 11 2026 00:00:00 GMT-0300 (Horário Padrão de Brasília),Wed Mar 11 2026 00:00:00 GMT-0300 (Horário Padrão de Brasília),0.84,84.00,,,,Sat Jun 13 2026 23:09:34 GMT-0300 (Horário Padrão de Brasília),
890,03-0108,CV10202VJ0042,concluida,CORRETIVA,,true,,Wed Mar 11 2026 00:00:00 GMT-0300 (Horário Padrão de Brasília),Wed Mar 11 2026 00:00:00 GMT-0300 (Horário Padrão de Brasília),0.79,79.00,,,,Sat Jun 13 2026 23:09:34 GMT-0300 (Horário Padrão de Brasília),
891,03-0122,CV10202VJ0039,concluida,CORRETIVA,,true,,Wed Mar 11 2026 00:00:00 GMT-0300 (Horário Padrão de Brasília),Wed Mar 11 2026 00:00:00 GMT-0300 (Horário Padrão de Brasília),0.79,79.00,,,,Sat Jun 13 2026 23:09:34 GMT-0300 (Horário Padrão de Brasília),
892,03-0125,CV10304VJ0028,concluida,CORRETIVA,,true,,Wed Mar 11 2026 00:00:00 GMT-0300 (Horário Padrão de Brasília),Wed Mar 11 2026 00:00:00 GMT-0300 (Horário Padrão de Brasília),0.79,79.00,,,,Sat Jun 13 2026 23:09:34 GMT-0300 (Horário Padrão de Brasília),
893,03-0033,JT20102VJ0002,concluida,CORRETIVA,,false,,Wed Mar 11 2026 00:00:00 GMT-0300 (Horário Padrão de Brasília),Mon Mar 02 2026 00:00:00 GMT-0300 (Horário Padrão de Brasília),,,,,,Sat Jun 13 2026 23:09:34 GMT-0300 (Horário Padrão de Brasília),
894,03-0050,CV10203VJ0064,concluida,CORRETIVA,,true,,Thu Mar 12 2026 00:00:00 GMT-0300 (Horário Padrão de Brasília),Thu Mar 12 2026 00:00:00 GMT-0300 (Horário Padrão de Brasília),0.85,85.00,,,,Sat Jun 13 2026 23:09:34 GMT-0300 (Horário Padrão de Brasília),
895,03-0049,JT10102VJ0001,concluida,CORRETIVA,,true,,Thu Mar 12 2026 00:00:00 GMT-0300 (Horário Padrão de Brasília),Thu Mar 12 2026 00:00:00 GMT-0300 (Horário Padrão de Brasília),0.94,94.00,,,,Sat Jun 13 2026 23:09:34 GMT-0300 (Horário Padrão de Brasília),
896,03-0052,JT10302VJ0006,concluida,CORRETIVA,,true,,Thu Mar 12 2026 00:00:00 GMT-0300 (Horário Padrão de Brasília),Thu Mar 12 2026 00:00:00 GMT-0300 (Horário Padrão de Brasília),0.79,79.00,,,,Sat Jun 13 2026 23:09:34 GMT-0300 (Horário Padrão de Brasília),
897,03-0093,JT10302VJ0017,concluida,CORRETIVA,,true,,Thu Mar 12 2026 00:00:00 GMT-0300 (Horário Padrão de Brasília),Thu Mar 12 2026 00:00:00 GMT-0300 (Horário Padrão de Brasília),0.94,94.00,,,,Sat Jun 13 2026 23:09:34 GMT-0300 (Horário Padrão de Brasília),
898,03-0087,MG10101VJ0005,concluida,CORRETIVA,,true,,Thu Mar 12 2026 00:00:00 GMT-0300 (Horário Padrão de Brasília),Thu Mar 12 2026 00:00:00 GMT-0300 (Horário Padrão de Brasília),0.88,88.00,,,,Sat Jun 13 2026 23:09:34 GMT-0300 (Horário Padrão de Brasília),
899,03-0048,JT10303VJ0026,concluida,CORRETIVA,,true,,Fri Mar 13 2026 00:00:00 GMT-0300 (Horário Padrão de Brasília),Fri Mar 13 2026 00:00:00 GMT-0300 (Horário Padrão de Brasília),0.81,81.00,,,,Sat Jun 13 2026 23:09:34 GMT-0300 (Horário Padrão de Brasília),
900,03-0053,JT10303VJ0034,concluida,CORRETIVA,,true,,Fri Mar 13 2026 00:00:00 GMT-0300 (Horário Padrão de Brasília),Fri Mar 13 2026 00:00:00 GMT-0300 (Horário Padrão de Brasília),0.18,18.00,,,,Sat Jun 13 2026 23:09:34 GMT-0300 (Horário Padrão de Brasília),
901,03-0090,JT10303VJ0032,concluida,CORRETIVA,,true,,Fri Mar 13 2026 00:00:00 GMT-0300 (Horário Padrão de Brasília),Fri Mar 13 2026 00:00:00 GMT-0300 (Horário Padrão de Brasília),0.29,29.00,,,,Sat Jun 13 2026 23:09:34 GMT-0300 (Horário Padrão de Brasília),
902,03-0111,JT10303VJ0058,concluida,CORRETIVA,,true,,Fri Mar 13 2026 00:00:00 GMT-0300 (Horário Padrão de Brasília),Fri Mar 13 2026 00:00:00 GMT-0300 (Horário Padrão de Brasília),0.94,94.00,,,,Sat Jun 13 2026 23:09:34 GMT-0300 (Horário Padrão de Brasília),
903,03-0031,JT10304VJ0047,concluida,CORRETIVA,,true,,Sat Mar 14 2026 00:00:00 GMT-0300 (Horário Padrão de Brasília),Sat Mar 14 2026 00:00:00 GMT-0300 (Horário Padrão de Brasília),0.93,93.00,,,,Sat Jun 13 2026 23:09:34 GMT-0300 (Horário Padrão de Brasília),
904,03-0054,JT10304VJ0040,concluida,CORRETIVA,,true,,Sat Mar 14 2026 00:00:00 GMT-0300 (Horário Padrão de Brasília),Sat Mar 14 2026 00:00:00 GMT-0300 (Horário Padrão de Brasília),0.89,89.00,,,,Sat Jun 13 2026 23:09:34 GMT-0300 (Horário Padrão de Brasília),
905,03-0095,JT10304VJ0042,concluida,CORRETIVA,,true,,Sat Mar 14 2026 00:00:00 GMT-0300 (Horário Padrão de Brasília),Sat Mar 14 2026 00:00:00 GMT-0300 (Horário Padrão de Brasília),0.89,89.00,,,,Sat Jun 13 2026 23:09:34 GMT-0300 (Horário Padrão de Brasília),
906,03-0104,JT10304VJ0045,concluida,CORRETIVA,,true,,Sat Mar 14 2026 00:00:00 GMT-0300 (Horário Padrão de Brasília),Sat Mar 14 2026 00:00:00 GMT-0300 (Horário Padrão de Brasília),0.99,99.00,,,,Sat Jun 13 2026 23:09:34 GMT-0300 (Horário Padrão de Brasília),
907,03-0037,JT10302VJ0005,concluida,CORRETIVA,,true,,Mon Mar 16 2026 00:00:00 GMT-0300 (Horário Padrão de Brasília),Mon Mar 16 2026 00:00:00 GMT-0300 (Horário Padrão de Brasília),0.95,95.00,,,,Sat Jun 13 2026 23:09:34 GMT-0300 (Horário Padrão de Brasília),
908,03-0103,JT20102VJ0001,concluida,CORRETIVA,,true,,Mon Mar 16 2026 00:00:00 GMT-0300 (Horário Padrão de Brasília),Mon Mar 16 2026 00:00:00 GMT-0300 (Horário Padrão de Brasília),0.97,97.00,,,,Sat Jun 13 2026 23:09:34 GMT-0300 (Horário Padrão de Brasília),
909,03-0117,JT10302VJ0013,concluida,CORRETIVA,,true,,Mon Mar 16 2026 00:00:00 GMT-0300 (Horário Padrão de Brasília),Mon Mar 16 2026 00:00:00 GMT-0300 (Horário Padrão de Brasília),0.94,94.00,,,,Sat Jun 13 2026 23:09:34 GMT-0300 (Horário Padrão de Brasília),
910,03-0001,JT10303VJ0035,concluida,CORRETIVA,,true,,Tue Mar 17 2026 00:00:00 GMT-0300 (Horário Padrão de Brasília),Tue Mar 17 2026 00:00:00 GMT-0300 (Horário Padrão de Brasília),0.89,89.00,,,,Sat Jun 13 2026 23:09:34 GMT-0300 (Horário Padrão de Brasília),
911,03-0008,JT10303VJ0036,concluida,CORRETIVA,,true,,Tue Mar 17 2026 00:00:00 GMT-0300 (Horário Padrão de Brasília),Tue Mar 17 2026 00:00:00 GMT-0300 (Horário Padrão de Brasília),0.92,92.00,,,,Sat Jun 13 2026 23:09:34 GMT-0300 (Horário Padrão de Brasília),
912,03-0026,JT10101VL0001,concluida,CORRETIVA,,true,,Tue Mar 17 2026 00:00:00 GMT-0300 (Horário Padrão de Brasília),Tue Mar 17 2026 00:00:00 GMT-0300 (Horário Padrão de Brasília),0.84,84.00,,,,Sat Jun 13 2026 23:09:34 GMT-0300 (Horário Padrão de Brasília),
913,03-0128,JT10303VJ0030,concluida,CORRETIVA,,true,,Tue Mar 17 2026 00:00:00 GMT-0300 (Horário Padrão de Brasília),Tue Mar 17 2026 00:00:00 GMT-0300 (Horário Padrão de Brasília),0.96,96.00,,,,Sat Jun 13 2026 23:09:34 GMT-0300 (Horário Padrão de Brasília),
914,03-0140,JT10203VJ0053,concluida,CORRETIVA,,true,,Tue Mar 17 2026 00:00:00 GMT-0300 (Horário Padrão de Brasília),Tue Mar 17 2026 00:00:00 GMT-0300 (Horário Padrão de Brasília),0.94,94.00,,,,Sat Jun 13 2026 23:09:34 GMT-0300 (Horário Padrão de Brasília),
915,03-0006,MG10101VJ0006,concluida,CORRETIVA,,true,,Tue Mar 17 2026 00:00:00 GMT-0300 (Horário Padrão de Brasília),Tue Mar 17 2026 00:00:00 GMT-0300 (Horário Padrão de Brasília),0.94,94.00,,,,Sat Jun 13 2026 23:09:34 GMT-0300 (Horário Padrão de Brasília),
916,03-0025,JT10304VJ0043,concluida,CORRETIVA,,true,,Wed Mar 18 2026 00:00:00 GMT-0300 (Horário Padrão de Brasília),Wed Mar 18 2026 00:00:00 GMT-0300 (Horário Padrão de Brasília),1,100.00,,,,Sat Jun 13 2026 23:09:34 GMT-0300 (Horário Padrão de Brasília),
917,03-0004,JT10304VJ0059,concluida,CORRETIVA,,true,,Wed Mar 18 2026 00:00:00 GMT-0300 (Horário Padrão de Brasília),Wed Mar 18 2026 00:00:00 GMT-0300 (Horário Padrão de Brasília),0.8,80.00,,,,Sat Jun 13 2026 23:09:34 GMT-0300 (Horário Padrão de Brasília),
918,03-0033,JT20102VJ0002,concluida,CORRETIVA,,false,,Wed Mar 18 2026 00:00:00 GMT-0300 (Horário Padrão de Brasília),Mon Mar 02 2026 00:00:00 GMT-0300 (Horário Padrão de Brasília),,,,,,Sat Jun 13 2026 23:09:34 GMT-0300 (Horário Padrão de Brasília),
919,03-0030,JT10302VJ0015,concluida,CORRETIVA,,true,,Thu Mar 19 2026 00:00:00 GMT-0300 (Horário Padrão de Brasília),Thu Mar 19 2026 00:00:00 GMT-0300 (Horário Padrão de Brasília),0.96,96.00,,,,Sat Jun 13 2026 23:09:34 GMT-0300 (Horário Padrão de Brasília),
920,03-0045,JT10302VJ0016,concluida,CORRETIVA,,true,,Thu Mar 19 2026 00:00:00 GMT-0300 (Horário Padrão de Brasília),Thu Mar 19 2026 00:00:00 GMT-0300 (Horário Padrão de Brasília),0,0.00,,,,Sat Jun 13 2026 23:09:34 GMT-0300 (Horário Padrão de Brasília),
921,03-0058,JT10302VJ0019,concluida,CORRETIVA,,true,,Thu Mar 19 2026 00:00:00 GMT-0300 (Horário Padrão de Brasília),Thu Mar 19 2026 00:00:00 GMT-0300 (Horário Padrão de Brasília),0.76,76.00,,,,Sat Jun 13 2026 23:09:34 GMT-0300 (Horário Padrão de Brasília),
922,03-0123,JT10302VJ0012,concluida,CORRETIVA,,true,,Thu Mar 19 2026 00:00:00 GMT-0300 (Horário Padrão de Brasília),Thu Mar 19 2026 00:00:00 GMT-0300 (Horário Padrão de Brasília),0.79,79.00,,,,Sat Jun 13 2026 23:09:34 GMT-0300 (Horário Padrão de Brasília),
923,03-0044,CV10304VJ0023,concluida,CORRETIVA,,true,,Wed Mar 25 2026 00:00:00 GMT-0300 (Horário Padrão de Brasília),Wed Mar 25 2026 00:00:00 GMT-0300 (Horário Padrão de Brasília),0.99,99.00,,,,Sat Jun 13 2026 23:09:34 GMT-0300 (Horário Padrão de Brasília),
924,03-0020,CV10304VJ0026,concluida,CORRETIVA,,false,,Wed Mar 25 2026 00:00:00 GMT-0300 (Horário Padrão de Brasília),Thu Mar 12 2026 00:00:00 GMT-0300 (Horário Padrão de Brasília),,,,,,Sat Jun 13 2026 23:09:34 GMT-0300 (Horário Padrão de Brasília),
925,03-0025,JT10304VJ0043,concluida,CORRETIVA,,true,,Wed Mar 25 2026 00:00:00 GMT-0300 (Horário Padrão de Brasília),Wed Mar 25 2026 00:00:00 GMT-0300 (Horário Padrão de Brasília),0.94,94.00,,,,Sat Jun 13 2026 23:09:34 GMT-0300 (Horário Padrão de Brasília),
926,03-0004,JT10304VJ0059,concluida,CORRETIVA,,true,,Wed Mar 25 2026 00:00:00 GMT-0300 (Horário Padrão de Brasília),Wed Mar 25 2026 00:00:00 GMT-0300 (Horário Padrão de Brasília),0.94,94.00,,,,Sat Jun 13 2026 23:09:34 GMT-0300 (Horário Padrão de Brasília),
927,03-0095,JT10304VJ0042,concluida,CORRETIVA,,true,,Wed Mar 25 2026 00:00:00 GMT-0300 (Horário Padrão de Brasília),Wed Mar 25 2026 00:00:00 GMT-0300 (Horário Padrão de Brasília),0.94,94.00,,,,Sat Jun 13 2026 23:09:34 GMT-0300 (Horário Padrão de Brasília),
928,03-0127,JT10304VJ0039,concluida,CORRETIVA,,false,,Wed Mar 25 2026 00:00:00 GMT-0300 (Horário Padrão de Brasília),,,,,,,Sat Jun 13 2026 23:09:34 GMT-0300 (Horário Padrão de Brasília),
929,03-0051,JT10304VJ0041,concluida,CORRETIVA,,true,,Wed Mar 25 2026 00:00:00 GMT-0300 (Horário Padrão de Brasília),Wed Mar 25 2026 00:00:00 GMT-0300 (Horário Padrão de Brasília),0.74,74.00,,,,Sat Jun 13 2026 23:09:34 GMT-0300 (Horário Padrão de Brasília),
930,03-0027,JT10304VJ0052,concluida,CORRETIVA,,true,,Wed Mar 25 2026 00:00:00 GMT-0300 (Horário Padrão de Brasília),Wed Mar 25 2026 00:00:00 GMT-0300 (Horário Padrão de Brasília),0.99,99.00,,,,Sat Jun 13 2026 23:09:34 GMT-0300 (Horário Padrão de Brasília),
931,03-0019,JT10304VJ0049,concluida,CORRETIVA,,true,,Wed Mar 25 2026 00:00:00 GMT-0300 (Horário Padrão de Brasília),Wed Mar 25 2026 00:00:00 GMT-0300 (Horário Padrão de Brasília),0.92,92.00,,,,Sat Jun 13 2026 23:09:34 GMT-0300 (Horário Padrão de Brasília),
932,03-0024,JT10304VJ0046,concluida,CORRETIVA,,true,,Wed Mar 25 2026 00:00:00 GMT-0300 (Horário Padrão de Brasília),Wed Mar 25 2026 00:00:00 GMT-0300 (Horário Padrão de Brasília),0.88,88.00,,,,Sat Jun 13 2026 23:09:34 GMT-0300 (Horário Padrão de Brasília),
933,03-0007,JT10304VJ0048,concluida,CORRETIVA,,true,,Wed Mar 25 2026 00:00:00 GMT-0300 (Horário Padrão de Brasília),Wed Mar 25 2026 00:00:00 GMT-0300 (Horário Padrão de Brasília),0,0.00,,,,Sat Jun 13 2026 23:09:34 GMT-0300 (Horário Padrão de Brasília),
934,03-0023,JT10102VJ0003,concluida,CORRETIVA,,true,,Thu Mar 26 2026 00:00:00 GMT-0300 (Horário Padrão de Brasília),Thu Mar 26 2026 00:00:00 GMT-0300 (Horário Padrão de Brasília),0.04,4.00,,,,Sat Jun 13 2026 23:09:34 GMT-0300 (Horário Padrão de Brasília),
935,03-0080,JT10101VJ0004,concluida,CORRETIVA,,true,,Thu Mar 26 2026 00:00:00 GMT-0300 (Horário Padrão de Brasília),Thu Mar 26 2026 00:00:00 GMT-0300 (Horário Padrão de Brasília),0.79,79.00,,,,Sat Jun 13 2026 23:09:34 GMT-0300 (Horário Padrão de Brasília),
936,03-0068,JT10302VJ0007,concluida,CORRETIVA,,false,,Thu Mar 26 2026 00:00:00 GMT-0300 (Horário Padrão de Brasília),Sun Mar 22 2026 00:00:00 GMT-0300 (Horário Padrão de Brasília),,,,,,Sat Jun 13 2026 23:09:34 GMT-0300 (Horário Padrão de Brasília),
937,03-0120,CV10101VJ0008,concluida,CORRETIVA,,true,,Thu Mar 26 2026 00:00:00 GMT-0300 (Horário Padrão de Brasília),Thu Mar 26 2026 00:00:00 GMT-0300 (Horário Padrão de Brasília),0.84,84.00,,,,Sat Jun 13 2026 23:09:34 GMT-0300 (Horário Padrão de Brasília),
938,03-0011,CV10203VJ0051,concluida,CORRETIVA,,true,,Thu Mar 26 2026 00:00:00 GMT-0300 (Horário Padrão de Brasília),Thu Mar 26 2026 00:00:00 GMT-0300 (Horário Padrão de Brasília),0.84,84.00,,,,Sat Jun 13 2026 23:09:34 GMT-0300 (Horário Padrão de Brasília),
939,03-0012,CV10203VJ0052,concluida,CORRETIVA,,true,,Thu Mar 26 2026 00:00:00 GMT-0300 (Horário Padrão de Brasília),Thu Mar 26 2026 00:00:00 GMT-0300 (Horário Padrão de Brasília),0.99,99.00,,,,Sat Jun 13 2026 23:09:34 GMT-0300 (Horário Padrão de Brasília),
940,03-0015,CV10203VJ0057,concluida,CORRETIVA,,true,,Thu Mar 26 2026 00:00:00 GMT-0300 (Horário Padrão de Brasília),Thu Mar 26 2026 00:00:00 GMT-0300 (Horário Padrão de Brasília),0.84,84.00,,,,Sat Jun 13 2026 23:09:34 GMT-0300 (Horário Padrão de Brasília),
941,03-0029,CV10203VJ0055,concluida,CORRETIVA,,true,,Thu Mar 26 2026 00:00:00 GMT-0300 (Horário Padrão de Brasília),Thu Mar 26 2026 00:00:00 GMT-0300 (Horário Padrão de Brasília),0.94,94.00,,,,Sat Jun 13 2026 23:09:34 GMT-0300 (Horário Padrão de Brasília),
942,03-0034,CV10203VJ0059,concluida,CORRETIVA,,true,,Thu Mar 26 2026 00:00:00 GMT-0300 (Horário Padrão de Brasília),Thu Mar 26 2026 00:00:00 GMT-0300 (Horário Padrão de Brasília),0.89,89.00,,,,Sat Jun 13 2026 23:09:34 GMT-0300 (Horário Padrão de Brasília),
943,03-0066,CV10203VJ0048,concluida,CORRETIVA,,true,,Thu Mar 26 2026 00:00:00 GMT-0300 (Horário Padrão de Brasília),Thu Mar 26 2026 00:00:00 GMT-0300 (Horário Padrão de Brasília),0.85,85.00,,,,Sat Jun 13 2026 23:09:34 GMT-0300 (Horário Padrão de Brasília),
944,03-0083,CV10203VJ0063,concluida,CORRETIVA,,false,,Thu Mar 26 2026 00:00:00 GMT-0300 (Horário Padrão de Brasília),Mon Mar 23 2026 00:00:00 GMT-0300 (Horário Padrão de Brasília),,,,,,Sat Jun 13 2026 23:09:34 GMT-0300 (Horário Padrão de Brasília),
945,03-0089,CV10203VJ0053,concluida,CORRETIVA,,true,,Thu Mar 26 2026 00:00:00 GMT-0300 (Horário Padrão de Brasília),Thu Mar 26 2026 00:00:00 GMT-0300 (Horário Padrão de Brasília),0.84,84.00,,,,Sat Jun 13 2026 23:09:34 GMT-0300 (Horário Padrão de Brasília),
946,03-0098,CV10203VJ0062,concluida,CORRETIVA,,true,,Thu Mar 26 2026 00:00:00 GMT-0300 (Horário Padrão de Brasília),Thu Mar 26 2026 00:00:00 GMT-0300 (Horário Padrão de Brasília),0.8,80.00,,,,Sat Jun 13 2026 23:09:34 GMT-0300 (Horário Padrão de Brasília),
947,03-0099,CV10203VJ0060,concluida,CORRETIVA,,true,,Thu Mar 26 2026 00:00:00 GMT-0300 (Horário Padrão de Brasília),Thu Mar 26 2026 00:00:00 GMT-0300 (Horário Padrão de Brasília),0.79,79.00,,,,Sat Jun 13 2026 23:09:34 GMT-0300 (Horário Padrão de Brasília),
948,03-0114,CV10202VJ0043,concluida,CORRETIVA,,true,,Fri Mar 27 2026 00:00:00 GMT-0300 (Horário Padrão de Brasília),Fri Mar 27 2026 00:00:00 GMT-0300 (Horário Padrão de Brasília),0.79,79.00,,,,Sat Jun 13 2026 23:09:34 GMT-0300 (Horário Padrão de Brasília),
949,03-0115,CV10202VJ0037,concluida,CORRETIVA,,true,,Fri Mar 27 2026 00:00:00 GMT-0300 (Horário Padrão de Brasília),Fri Mar 27 2026 00:00:00 GMT-0300 (Horário Padrão de Brasília),0.78,78.00,,,,Sat Jun 13 2026 23:09:34 GMT-0300 (Horário Padrão de Brasília),
950,03-0122,CV10202VJ0039,concluida,CORRETIVA,,true,,Fri Mar 27 2026 00:00:00 GMT-0300 (Horário Padrão de Brasília),Fri Mar 27 2026 00:00:00 GMT-0300 (Horário Padrão de Brasília),0.89,89.00,,,,Sat Jun 13 2026 23:09:34 GMT-0300 (Horário Padrão de Brasília),
951,03-0126,CV10202VJ0033,concluida,CORRETIVA,,true,,Fri Mar 27 2026 00:00:00 GMT-0300 (Horário Padrão de Brasília),Fri Mar 27 2026 00:00:00 GMT-0300 (Horário Padrão de Brasília),0.74,74.00,,,,Sat Jun 13 2026 23:09:34 GMT-0300 (Horário Padrão de Brasília),
952,03-0061,CV10303VJ0019,concluida,CORRETIVA,,true,,Fri Mar 27 2026 00:00:00 GMT-0300 (Horário Padrão de Brasília),Fri Mar 27 2026 00:00:00 GMT-0300 (Horário Padrão de Brasília),0.84,84.00,,,,Sat Jun 13 2026 23:09:34 GMT-0300 (Horário Padrão de Brasília),
953,03-0067,CV10303VJ0021,concluida,CORRETIVA,,true,,Fri Mar 27 2026 00:00:00 GMT-0300 (Horário Padrão de Brasília),Fri Mar 27 2026 00:00:00 GMT-0300 (Horário Padrão de Brasília),0.94,94.00,,,,Sat Jun 13 2026 23:09:34 GMT-0300 (Horário Padrão de Brasília),
954,03-0078,CV10303VJ0018,concluida,CORRETIVA,,true,,Fri Mar 27 2026 00:00:00 GMT-0300 (Horário Padrão de Brasília),Fri Mar 27 2026 00:00:00 GMT-0300 (Horário Padrão de Brasília),0.73,73.00,,,,Sat Jun 13 2026 23:09:34 GMT-0300 (Horário Padrão de Brasília),
955,03-0116,CV10303VJ0022,concluida,CORRETIVA,,true,,Fri Mar 27 2026 00:00:00 GMT-0300 (Horário Padrão de Brasília),Fri Mar 27 2026 00:00:00 GMT-0300 (Horário Padrão de Brasília),0.88,88.00,,,,Sat Jun 13 2026 23:09:34 GMT-0300 (Horário Padrão de Brasília),
956,03-0042,JT10202VJ0056,concluida,CORRETIVA,,true,,Fri Mar 27 2026 00:00:00 GMT-0300 (Horário Padrão de Brasília),Fri Mar 27 2026 00:00:00 GMT-0300 (Horário Padrão de Brasília),0.89,89.00,,,,Sat Jun 13 2026 23:09:34 GMT-0300 (Horário Padrão de Brasília),
957,03-0048,JT10303VJ0026,concluida,CORRETIVA,,true,,Fri Mar 27 2026 00:00:00 GMT-0300 (Horário Padrão de Brasília),Fri Mar 27 2026 00:00:00 GMT-0300 (Horário Padrão de Brasília),0.75,75.00,,,,Sat Jun 13 2026 23:09:34 GMT-0300 (Horário Padrão de Brasília),
958,03-0002,JT10303VJ0025,concluida,CORRETIVA,,false,,Fri Mar 27 2026 00:00:00 GMT-0300 (Horário Padrão de Brasília),Mon Mar 16 2026 00:00:00 GMT-0300 (Horário Padrão de Brasília),,,,,,Sat Jun 13 2026 23:09:34 GMT-0300 (Horário Padrão de Brasília),
959,03-0063,JT10303VJ0028,concluida,CORRETIVA,,true,,Fri Mar 27 2026 00:00:00 GMT-0300 (Horário Padrão de Brasília),Fri Mar 27 2026 00:00:00 GMT-0300 (Horário Padrão de Brasília),0.89,89.00,,,,Sat Jun 13 2026 23:09:34 GMT-0300 (Horário Padrão de Brasília),
960,03-0094,JT10303VJ0024,concluida,CORRETIVA,,true,,Fri Mar 27 2026 00:00:00 GMT-0300 (Horário Padrão de Brasília),Fri Mar 27 2026 00:00:00 GMT-0300 (Horário Padrão de Brasília),0.89,89.00,,,,Sat Jun 13 2026 23:09:34 GMT-0300 (Horário Padrão de Brasília),
961,03-0135,JT10303VJ0022,concluida,CORRETIVA,,true,,Fri Mar 27 2026 00:00:00 GMT-0300 (Horário Padrão de Brasília),Fri Mar 27 2026 00:00:00 GMT-0300 (Horário Padrão de Brasília),0.8,80.00,,,,Sat Jun 13 2026 23:09:34 GMT-0300 (Horário Padrão de Brasília),
962,03-0137,JT10303VJ0021,concluida,CORRETIVA,,false,,Fri Mar 27 2026 00:00:00 GMT-0300 (Horário Padrão de Brasília),Sun Mar 22 2026 00:00:00 GMT-0300 (Horário Padrão de Brasília),,,,,,Sat Jun 13 2026 23:09:34 GMT-0300 (Horário Padrão de Brasília),
963,03-0142,JT10303VJ0023,concluida,CORRETIVA,,true,,Fri Mar 27 2026 00:00:00 GMT-0300 (Horário Padrão de Brasília),Fri Mar 27 2026 00:00:00 GMT-0300 (Horário Padrão de Brasília),0.81,81.00,,,,Sat Jun 13 2026 23:09:34 GMT-0300 (Horário Padrão de Brasília),
964,03-0057,CV10101VJ0005,concluida,CORRETIVA,,true,,Sat Mar 28 2026 00:00:00 GMT-0300 (Horário Padrão de Brasília),Sat Mar 28 2026 00:00:00 GMT-0300 (Horário Padrão de Brasília),0.69,69.00,,,,Sat Jun 13 2026 23:09:34 GMT-0300 (Horário Padrão de Brasília),
965,03-0112,CV10101VJ0006,concluida,CORRETIVA,,true,,Sat Mar 28 2026 00:00:00 GMT-0300 (Horário Padrão de Brasília),Sat Mar 28 2026 00:00:00 GMT-0300 (Horário Padrão de Brasília),0.79,79.00,,,,Sat Jun 13 2026 23:09:34 GMT-0300 (Horário Padrão de Brasília),
966,03-0039,CV10203VJ0047,concluida,CORRETIVA,,true,,Sat Mar 28 2026 00:00:00 GMT-0300 (Horário Padrão de Brasília),Sat Mar 28 2026 00:00:00 GMT-0300 (Horário Padrão de Brasília),0.71,71.00,,,,Sat Jun 13 2026 23:09:34 GMT-0300 (Horário Padrão de Brasília),
967,03-0022,CV10203VJ0056,concluida,CORRETIVA,,true,,Sat Mar 28 2026 00:00:00 GMT-0300 (Horário Padrão de Brasília),Sat Mar 28 2026 00:00:00 GMT-0300 (Horário Padrão de Brasília),0.74,74.00,,,,Sat Jun 13 2026 23:09:34 GMT-0300 (Horário Padrão de Brasília),
968,03-0083,CV10203VJ0063,concluida,CORRETIVA,,true,,Sat Mar 28 2026 00:00:00 GMT-0300 (Horário Padrão de Brasília),Sat Mar 28 2026 00:00:00 GMT-0300 (Horário Padrão de Brasília),0.74,74.00,,,,Sat Jun 13 2026 23:09:34 GMT-0300 (Horário Padrão de Brasília),
969,03-0125,CV10304VJ0028,concluida,CORRETIVA,,true,,Sat Mar 28 2026 00:00:00 GMT-0300 (Horário Padrão de Brasília),Sat Mar 28 2026 00:00:00 GMT-0300 (Horário Padrão de Brasília),0.81,81.00,,,,Sat Jun 13 2026 23:09:34 GMT-0300 (Horário Padrão de Brasília),
970,03-0086,JT10101VL0002,concluida,CORRETIVA,,true,,Sat Mar 28 2026 00:00:00 GMT-0300 (Horário Padrão de Brasília),Sat Mar 28 2026 00:00:00 GMT-0300 (Horário Padrão de Brasília),0.67,67.00,,,,Sat Jun 13 2026 23:09:34 GMT-0300 (Horário Padrão de Brasília),
971,03-0040,JT10304VJ0037,concluida,CORRETIVA,,true,,Sat Mar 28 2026 00:00:00 GMT-0300 (Horário Padrão de Brasília),Sat Mar 28 2026 00:00:00 GMT-0300 (Horário Padrão de Brasília),0.8,80.00,,,,Sat Jun 13 2026 23:09:34 GMT-0300 (Horário Padrão de Brasília),
972,03-0091,JT10304VJ0044,concluida,CORRETIVA,,true,,Sat Mar 28 2026 00:00:00 GMT-0300 (Horário Padrão de Brasília),Sat Mar 28 2026 00:00:00 GMT-0300 (Horário Padrão de Brasília),0.84,84.00,,,,Sat Jun 13 2026 23:09:34 GMT-0300 (Horário Padrão de Brasília),
973,03-0021,MG10101VJ0008,concluida,CORRETIVA,,true,,Sat Mar 28 2026 00:00:00 GMT-0300 (Horário Padrão de Brasília),Sat Mar 28 2026 00:00:00 GMT-0300 (Horário Padrão de Brasília),0.74,74.00,,,,Sat Jun 13 2026 23:09:34 GMT-0300 (Horário Padrão de Brasília),
974,03-0009,MG10101VJ0009,concluida,CORRETIVA,,true,,Sat Mar 28 2026 00:00:00 GMT-0300 (Horário Padrão de Brasília),Sat Mar 28 2026 00:00:00 GMT-0300 (Horário Padrão de Brasília),0.76,76.00,,,,Sat Jun 13 2026 23:09:34 GMT-0300 (Horário Padrão de Brasília),
975,03-0075,MG10101VJ0010,concluida,CORRETIVA,,true,,Sat Mar 28 2026 00:00:00 GMT-0300 (Horário Padrão de Brasília),Sat Mar 28 2026 00:00:00 GMT-0300 (Horário Padrão de Brasília),0.94,94.00,,,,Sat Jun 13 2026 23:09:34 GMT-0300 (Horário Padrão de Brasília),
976,03-0017,MG10101VJ0012,concluida,CORRETIVA,,true,,Sat Mar 28 2026 00:00:00 GMT-0300 (Horário Padrão de Brasília),Sat Mar 28 2026 00:00:00 GMT-0300 (Horário Padrão de Brasília),0.82,82.00,,,,Sat Jun 13 2026 23:09:34 GMT-0300 (Horário Padrão de Brasília),
977,03-0013,MG10101VJ0013,concluida,CORRETIVA,,true,,Sat Mar 28 2026 00:00:00 GMT-0300 (Horário Padrão de Brasília),Sat Mar 28 2026 00:00:00 GMT-0300 (Horário Padrão de Brasília),0.74,74.00,,,,Sat Jun 13 2026 23:09:34 GMT-0300 (Horário Padrão de Brasília),
978,03-0102,CV10101VJ0009,concluida,CORRETIVA,,true,,Mon Mar 30 2026 00:00:00 GMT-0300 (Horário Padrão de Brasília),Mon Mar 30 2026 00:00:00 GMT-0300 (Horário Padrão de Brasília),0.79,79.00,,,,Sat Jun 13 2026 23:09:34 GMT-0300 (Horário Padrão de Brasília),
979,03-0036,CV10101VL0001,concluida,CORRETIVA,,true,,Mon Mar 30 2026 00:00:00 GMT-0300 (Horário Padrão de Brasília),Mon Mar 30 2026 00:00:00 GMT-0300 (Horário Padrão de Brasília),1,100.00,,,,Sat Jun 13 2026 23:09:34 GMT-0300 (Horário Padrão de Brasília),
980,03-0106,CV10101VL0002,concluida,CORRETIVA,,true,,Mon Mar 30 2026 00:00:00 GMT-0300 (Horário Padrão de Brasília),Mon Mar 30 2026 00:00:00 GMT-0300 (Horário Padrão de Brasília),1,100.00,,,,Sat Jun 13 2026 23:09:34 GMT-0300 (Horário Padrão de Brasília),
981,03-0077,CV10202VJ0034,concluida,CORRETIVA,,true,,Mon Mar 30 2026 00:00:00 GMT-0300 (Horário Padrão de Brasília),Mon Mar 30 2026 00:00:00 GMT-0300 (Horário Padrão de Brasília),0.86,86.00,,,,Sat Jun 13 2026 23:09:34 GMT-0300 (Horário Padrão de Brasília),
982,03-0107,CV10202VJ0046,concluida,CORRETIVA,,true,,Mon Mar 30 2026 00:00:00 GMT-0300 (Horário Padrão de Brasília),Mon Mar 30 2026 00:00:00 GMT-0300 (Horário Padrão de Brasília),0.79,79.00,,,,Sat Jun 13 2026 23:09:34 GMT-0300 (Horário Padrão de Brasília),
983,03-0084,CV10302VJ0011,concluida,CORRETIVA,,true,,Mon Mar 30 2026 00:00:00 GMT-0300 (Horário Padrão de Brasília),Mon Mar 30 2026 00:00:00 GMT-0300 (Horário Padrão de Brasília),0.84,84.00,,,,Sat Jun 13 2026 23:09:34 GMT-0300 (Horário Padrão de Brasília),
984,03-0092,CV10302VJ0012,concluida,CORRETIVA,,true,,Mon Mar 30 2026 00:00:00 GMT-0300 (Horário Padrão de Brasília),Mon Mar 30 2026 00:00:00 GMT-0300 (Horário Padrão de Brasília),0.85,85.00,,,,Sat Jun 13 2026 23:09:34 GMT-0300 (Horário Padrão de Brasília),
985,03-0139,CV10302VJ0014,concluida,CORRETIVA,,true,,Mon Mar 30 2026 00:00:00 GMT-0300 (Horário Padrão de Brasília),Mon Mar 30 2026 00:00:00 GMT-0300 (Horário Padrão de Brasília),0.94,94.00,,,,Sat Jun 13 2026 23:09:34 GMT-0300 (Horário Padrão de Brasília),
986,03-0079,JT10302VJ0009,concluida,CORRETIVA,,true,,Mon Mar 30 2026 00:00:00 GMT-0300 (Horário Padrão de Brasília),Mon Mar 30 2026 00:00:00 GMT-0300 (Horário Padrão de Brasília),0.79,79.00,,,,Sat Jun 13 2026 23:09:34 GMT-0300 (Horário Padrão de Brasília),
987,03-0045,JT10302VJ0016,concluida,CORRETIVA,,true,,Mon Mar 30 2026 00:00:00 GMT-0300 (Horário Padrão de Brasília),Mon Mar 30 2026 00:00:00 GMT-0300 (Horário Padrão de Brasília),0.79,79.00,,,,Sat Jun 13 2026 23:09:34 GMT-0300 (Horário Padrão de Brasília),
988,03-0055,CV10101VJ0001,concluida,CORRETIVA,,true,,Tue Mar 31 2026 00:00:00 GMT-0300 (Horário Padrão de Brasília),Tue Mar 31 2026 00:00:00 GMT-0300 (Horário Padrão de Brasília),0.99,99.00,,,,Sat Jun 13 2026 23:09:34 GMT-0300 (Horário Padrão de Brasília),
989,03-0130,CV10102VJ0010,concluida,CORRETIVA,,true,,Tue Mar 31 2026 00:00:00 GMT-0300 (Horário Padrão de Brasília),Tue Mar 31 2026 00:00:00 GMT-0300 (Horário Padrão de Brasília),0.85,85.00,,,,Sat Jun 13 2026 23:09:34 GMT-0300 (Horário Padrão de Brasília),
990,03-0039,CV10203VJ0047,concluida,CORRETIVA,,true,,Tue Mar 31 2026 00:00:00 GMT-0300 (Horário Padrão de Brasília),Tue Mar 31 2026 00:00:00 GMT-0300 (Horário Padrão de Brasília),0.44,44.00,,,,Sat Jun 13 2026 23:09:34 GMT-0300 (Horário Padrão de Brasília),
991,03-0134,CV10203VJ0049,concluida,CORRETIVA,,true,,Tue Mar 31 2026 00:00:00 GMT-0300 (Horário Padrão de Brasília),Tue Mar 31 2026 00:00:00 GMT-0300 (Horário Padrão de Brasília),0.99,99.00,,,,Sat Jun 13 2026 23:09:34 GMT-0300 (Horário Padrão de Brasília),
992,03-0083,CV10203VJ0063,concluida,CORRETIVA,,true,,Tue Mar 31 2026 00:00:00 GMT-0300 (Horário Padrão de Brasília),Tue Mar 31 2026 00:00:00 GMT-0300 (Horário Padrão de Brasília),0.54,54.00,,,,Sat Jun 13 2026 23:09:34 GMT-0300 (Horário Padrão de Brasília),
993,03-0116,CV10303VJ0022,concluida,CORRETIVA,,true,,Tue Mar 31 2026 00:00:00 GMT-0300 (Horário Padrão de Brasília),Tue Mar 31 2026 00:00:00 GMT-0300 (Horário Padrão de Brasília),0.94,94.00,,,,Sat Jun 13 2026 23:09:34 GMT-0300 (Horário Padrão de Brasília),
994,03-0043,JT10303VJ0029,concluida,CORRETIVA,,true,,Tue Mar 31 2026 00:00:00 GMT-0300 (Horário Padrão de Brasília),Tue Mar 31 2026 00:00:00 GMT-0300 (Horário Padrão de Brasília),0.84,84.00,,,,Sat Jun 13 2026 23:09:34 GMT-0300 (Horário Padrão de Brasília),
995,03-0041,JT10303VJ0033,concluida,CORRETIVA,,true,,Tue Mar 31 2026 00:00:00 GMT-0300 (Horário Padrão de Brasília),Tue Mar 31 2026 00:00:00 GMT-0300 (Horário Padrão de Brasília),1,100.00,,,,Sat Jun 13 2026 23:09:34 GMT-0300 (Horário Padrão de Brasília),
996,03-0001,JT10303VJ0035,concluida,CORRETIVA,,true,,Tue Mar 31 2026 00:00:00 GMT-0300 (Horário Padrão de Brasília),Tue Mar 31 2026 00:00:00 GMT-0300 (Horário Padrão de Brasília),0.94,94.00,,,,Sat Jun 13 2026 23:09:34 GMT-0300 (Horário Padrão de Brasília),
997,03-0008,JT10303VJ0036,concluida,CORRETIVA,,true,,Tue Mar 31 2026 00:00:00 GMT-0300 (Horário Padrão de Brasília),Tue Mar 31 2026 00:00:00 GMT-0300 (Horário Padrão de Brasília),0.84,84.00,,,,Sat Jun 13 2026 23:09:34 GMT-0300 (Horário Padrão de Brasília),
998,03-0111,JT10303VJ0058,concluida,CORRETIVA,,true,,Tue Mar 31 2026 00:00:00 GMT-0300 (Horário Padrão de Brasília),Tue Mar 31 2026 00:00:00 GMT-0300 (Horário Padrão de Brasília),0.83,83.00,,,,Sat Jun 13 2026 23:09:34 GMT-0300 (Horário Padrão de Brasília),
999,03-0047,MG10101VJ0002,concluida,CORRETIVA,,true,,Tue Mar 31 2026 00:00:00 GMT-0300 (Horário Padrão de Brasília),Tue Mar 31 2026 00:00:00 GMT-0300 (Horário Padrão de Brasília),0.89,89.00,,,,Sat Jun 13 2026 23:09:34 GMT-0300 (Horário Padrão de Brasília),
1000,03-0069,MG10101VJ0004,concluida,CORRETIVA,,true,,Tue Mar 31 2026 00:00:00 GMT-0300 (Horário Padrão de Brasília),Tue Mar 31 2026 00:00:00 GMT-0300 (Horário Padrão de Brasília),0.84,84.00,,,,Sat Jun 13 2026 23:09:34 GMT-0300 (Horário Padrão de Brasília),
1001,03-0062,CV10304VJ0024,concluida,CORRETIVA,,false,,Wed Apr 01 2026 00:00:00 GMT-0300 (Horário Padrão de Brasília),Sat Mar 14 2026 00:00:00 GMT-0300 (Horário Padrão de Brasília),,,,,,Sat Jun 13 2026 23:09:34 GMT-0300 (Horário Padrão de Brasília),
1002,03-0082,CV10202VJ0029,concluida,CORRETIVA,,true,,Wed Apr 01 2026 00:00:00 GMT-0300 (Horário Padrão de Brasília),Wed Apr 01 2026 00:00:00 GMT-0300 (Horário Padrão de Brasília),0.94,94.00,,,,Sat Jun 13 2026 23:09:34 GMT-0300 (Horário Padrão de Brasília),
1003,03-0085,CV10202VJ0036,concluida,PREVENTIVA,,true,,Wed Apr 01 2026 00:00:00 GMT-0300 (Horário Padrão de Brasília),Wed Apr 01 2026 00:00:00 GMT-0300 (Horário Padrão de Brasília),0.99,99.00,,,,Sat Jun 13 2026 23:09:34 GMT-0300 (Horário Padrão de Brasília),
1004,03-0108,CV10202VJ0042,concluida,CORRETIVA,,true,,Wed Apr 01 2026 00:00:00 GMT-0300 (Horário Padrão de Brasília),Wed Apr 01 2026 00:00:00 GMT-0300 (Horário Padrão de Brasília),0.84,84.00,,,,Sat Jun 13 2026 23:09:34 GMT-0300 (Horário Padrão de Brasília),
1005,03-0113,CV10202VJ0044,concluida,CORRETIVA,,true,,Wed Apr 01 2026 00:00:00 GMT-0300 (Horário Padrão de Brasília),Wed Apr 01 2026 00:00:00 GMT-0300 (Horário Padrão de Brasília),0.84,84.00,,,,Sat Jun 13 2026 23:09:34 GMT-0300 (Horário Padrão de Brasília),
1006,03-0118,CV10202VJ0045,concluida,CORRETIVA,,true,,Wed Apr 01 2026 00:00:00 GMT-0300 (Horário Padrão de Brasília),Wed Apr 01 2026 00:00:00 GMT-0300 (Horário Padrão de Brasília),0.92,92.00,,,,Sat Jun 13 2026 23:09:34 GMT-0300 (Horário Padrão de Brasília),
1007,03-0132,CV10202VJ0038,concluida,CORRETIVA,,true,,Wed Apr 01 2026 00:00:00 GMT-0300 (Horário Padrão de Brasília),Wed Apr 01 2026 00:00:00 GMT-0300 (Horário Padrão de Brasília),0.99,99.00,,,,Sat Jun 13 2026 23:09:34 GMT-0300 (Horário Padrão de Brasília),
1008,03-0049,JT10102VJ0001,concluida,CORRETIVA,,true,,Wed Apr 01 2026 00:00:00 GMT-0300 (Horário Padrão de Brasília),Wed Apr 01 2026 00:00:00 GMT-0300 (Horário Padrão de Brasília),0.94,94.00,,,,Sat Jun 13 2026 23:09:34 GMT-0300 (Horário Padrão de Brasília),
1009,03-0103,JT20102VJ0001,concluida,CORRETIVA,,true,,Wed Apr 01 2026 00:00:00 GMT-0300 (Horário Padrão de Brasília),Wed Apr 01 2026 00:00:00 GMT-0300 (Horário Padrão de Brasília),0.94,94.00,,,,Sat Jun 13 2026 23:09:34 GMT-0300 (Horário Padrão de Brasília),
1010,03-0138,JT10102VJ0002,concluida,CORRETIVA,,true,,Wed Apr 01 2026 00:00:00 GMT-0300 (Horário Padrão de Brasília),Wed Apr 01 2026 00:00:00 GMT-0300 (Horário Padrão de Brasília),0.87,87.00,,,,Sat Jun 13 2026 23:09:34 GMT-0300 (Horário Padrão de Brasília),
1011,03-0143,JT10304VJ0038,concluida,CORRETIVA,,true,,Wed Apr 01 2026 00:00:00 GMT-0300 (Horário Padrão de Brasília),Wed Apr 01 2026 00:00:00 GMT-0300 (Horário Padrão de Brasília),0.79,79.00,,,,Sat Jun 13 2026 23:09:34 GMT-0300 (Horário Padrão de Brasília),
1012,03-0072,MG10101VJ0011,concluida,CORRETIVA,,true,,Wed Apr 01 2026 00:00:00 GMT-0300 (Horário Padrão de Brasília),Wed Apr 01 2026 00:00:00 GMT-0300 (Horário Padrão de Brasília),0.92,92.00,,,,Sat Jun 13 2026 23:09:34 GMT-0300 (Horário Padrão de Brasília),
1013,03-0087,MG10101VJ0005,concluida,CORRETIVA,,true,,Wed Apr 01 2026 00:00:00 GMT-0300 (Horário Padrão de Brasília),Wed Apr 01 2026 00:00:00 GMT-0300 (Horário Padrão de Brasília),0.84,84.00,,,,Sat Jun 13 2026 23:09:34 GMT-0300 (Horário Padrão de Brasília),
1014,03-0119,MG10101VJ0003,concluida,PREVENTIVA,,true,,Wed Apr 01 2026 00:00:00 GMT-0300 (Horário Padrão de Brasília),Wed Apr 01 2026 00:00:00 GMT-0300 (Horário Padrão de Brasília),0.95,95.00,,,,Sat Jun 13 2026 23:09:34 GMT-0300 (Horário Padrão de Brasília),
1015,03-0046,JT10203VJ0055,concluida,CORRETIVA,,true,,Thu Apr 02 2026 00:00:00 GMT-0300 (Horário Padrão de Brasília),Thu Apr 02 2026 00:00:00 GMT-0300 (Horário Padrão de Brasília),0.74,74.00,,,,Sat Jun 13 2026 23:09:34 GMT-0300 (Horário Padrão de Brasília),
1016,03-0052,JT10302VJ0006,concluida,CORRETIVA,,true,,Thu Apr 02 2026 00:00:00 GMT-0300 (Horário Padrão de Brasília),Thu Apr 02 2026 00:00:00 GMT-0300 (Horário Padrão de Brasília),0.89,89.00,,,,Sat Jun 13 2026 23:09:34 GMT-0300 (Horário Padrão de Brasília),
1017,03-0018,JT10302VJ0010,concluida,CORRETIVA,,true,,Thu Apr 02 2026 00:00:00 GMT-0300 (Horário Padrão de Brasília),Thu Apr 02 2026 00:00:00 GMT-0300 (Horário Padrão de Brasília),1,100.00,,,,Sat Jun 13 2026 23:09:34 GMT-0300 (Horário Padrão de Brasília),
1018,03-0093,JT10302VJ0017,concluida,CORRETIVA,,true,,Thu Apr 02 2026 00:00:00 GMT-0300 (Horário Padrão de Brasília),Thu Apr 02 2026 00:00:00 GMT-0300 (Horário Padrão de Brasília),0.99,99.00,,,,Sat Jun 13 2026 23:09:34 GMT-0300 (Horário Padrão de Brasília),
1019,03-0062,CV10304VJ0024,concluida,CORRETIVA,,false,,Sat Apr 04 2026 00:00:00 GMT-0300 (Horário Padrão de Brasília),Fri Apr 03 2026 00:00:00 GMT-0300 (Horário Padrão de Brasília),,,,,,Sat Jun 13 2026 23:09:34 GMT-0300 (Horário Padrão de Brasília),
1020,03-0105,CV10302VJ0015,concluida,CORRETIVA,,true,,Mon Apr 06 2026 00:00:00 GMT-0300 (Horário Padrão de Brasília),Mon Apr 06 2026 00:00:00 GMT-0300 (Horário Padrão de Brasília),0.79,79.00,,,,Sat Jun 13 2026 23:09:34 GMT-0300 (Horário Padrão de Brasília),
1021,03-0122,CV10202VJ0039,concluida,CORRETIVA,,true,,Mon Apr 06 2026 00:00:00 GMT-0300 (Horário Padrão de Brasília),Mon Apr 06 2026 00:00:00 GMT-0300 (Horário Padrão de Brasília),0.89,89.00,,,,Sat Jun 13 2026 23:09:34 GMT-0300 (Horário Padrão de Brasília),
1022,03-0108,CV10202VJ0042,concluida,CORRETIVA,,true,,Mon Apr 06 2026 00:00:00 GMT-0300 (Horário Padrão de Brasília),Mon Apr 06 2026 00:00:00 GMT-0300 (Horário Padrão de Brasília),0.79,79.00,,,,Sat Jun 13 2026 23:09:34 GMT-0300 (Horário Padrão de Brasília),
1023,03-0014,JT10302VJ0011,concluida,CORRETIVA,,true,,Mon Apr 06 2026 00:00:00 GMT-0300 (Horário Padrão de Brasília),Mon Apr 06 2026 00:00:00 GMT-0300 (Horário Padrão de Brasília),0.89,89.00,,,,Sat Jun 13 2026 23:09:34 GMT-0300 (Horário Padrão de Brasília),
1024,03-0006,MG10101VJ0006,concluida,CORRETIVA,,true,,Mon Apr 06 2026 00:00:00 GMT-0300 (Horário Padrão de Brasília),Mon Apr 06 2026 00:00:00 GMT-0300 (Horário Padrão de Brasília),0.84,84.00,,,,Sat Jun 13 2026 23:09:34 GMT-0300 (Horário Padrão de Brasília),
1025,03-0067,CV10303VJ0021,concluida,PREVENTIVA,,true,,Tue Apr 07 2026 00:00:00 GMT-0300 (Horário Padrão de Brasília),Tue Apr 07 2026 00:00:00 GMT-0300 (Horário Padrão de Brasília),0.67,67.00,,,,Sat Jun 13 2026 23:09:34 GMT-0300 (Horário Padrão de Brasília),
1026,03-0060,CV10101VJ0002,concluida,PREVENTIVA,,true,,Tue Apr 07 2026 00:00:00 GMT-0300 (Horário Padrão de Brasília),Tue Apr 07 2026 00:00:00 GMT-0300 (Horário Padrão de Brasília),1,100.00,,,,Sat Jun 13 2026 23:09:34 GMT-0300 (Horário Padrão de Brasília),
1027,03-0061,CV10303VJ0019,concluida,CORRETIVA,,false,,Tue Apr 07 2026 00:00:00 GMT-0300 (Horário Padrão de Brasília),Wed Apr 01 2026 00:00:00 GMT-0300 (Horário Padrão de Brasília),,,,,,Sat Jun 13 2026 23:09:34 GMT-0300 (Horário Padrão de Brasília),
1028,03-0098,CV10203VJ0062,concluida,CORRETIVA,,true,,Tue Apr 07 2026 00:00:00 GMT-0300 (Horário Padrão de Brasília),Tue Apr 07 2026 00:00:00 GMT-0300 (Horário Padrão de Brasília),0.94,94.00,,,,Sat Jun 13 2026 23:09:34 GMT-0300 (Horário Padrão de Brasília),
1029,03-0078,CV10303VJ0018,concluida,CORRETIVA,,true,,Tue Apr 07 2026 00:00:00 GMT-0300 (Horário Padrão de Brasília),Tue Apr 07 2026 00:00:00 GMT-0300 (Horário Padrão de Brasília),0.76,76.00,,,,Sat Jun 13 2026 23:09:34 GMT-0300 (Horário Padrão de Brasília),
1030,03-0039,CV10203VJ0047,concluida,CORRETIVA,,true,,Tue Apr 07 2026 00:00:00 GMT-0300 (Horário Padrão de Brasília),Tue Apr 07 2026 00:00:00 GMT-0300 (Horário Padrão de Brasília),0.94,94.00,,,,Sat Jun 13 2026 23:09:34 GMT-0300 (Horário Padrão de Brasília),
1031,03-0080,JT10101VJ0004,concluida,CORRETIVA,,true,,Tue Apr 07 2026 00:00:00 GMT-0300 (Horário Padrão de Brasília),Tue Apr 07 2026 00:00:00 GMT-0300 (Horário Padrão de Brasília),0.79,79.00,,,,Sat Jun 13 2026 23:09:34 GMT-0300 (Horário Padrão de Brasília),
1032,03-0140,JT10203VJ0053,concluida,PREVENTIVA,,true,,Tue Apr 07 2026 00:00:00 GMT-0300 (Horário Padrão de Brasília),Tue Apr 07 2026 00:00:00 GMT-0300 (Horário Padrão de Brasília),0.74,74.00,,,,Sat Jun 13 2026 23:09:34 GMT-0300 (Horário Padrão de Brasília),
1033,03-0048,JT10303VJ0026,concluida,CORRETIVA,,true,,Tue Apr 07 2026 00:00:00 GMT-0300 (Horário Padrão de Brasília),Tue Apr 07 2026 00:00:00 GMT-0300 (Horário Padrão de Brasília),0.94,94.00,,,,Sat Jun 13 2026 23:09:34 GMT-0300 (Horário Padrão de Brasília),
1034,03-0081,JT10303VJ0027,concluida,CORRETIVA,,true,,Tue Apr 07 2026 00:00:00 GMT-0300 (Horário Padrão de Brasília),Tue Apr 07 2026 00:00:00 GMT-0300 (Horário Padrão de Brasília),0.84,84.00,,,,Sat Jun 13 2026 23:09:34 GMT-0300 (Horário Padrão de Brasília),
1035,03-0094,JT10303VJ0024,concluida,CORRETIVA,,true,,Tue Apr 07 2026 00:00:00 GMT-0300 (Horário Padrão de Brasília),Tue Apr 07 2026 00:00:00 GMT-0300 (Horário Padrão de Brasília),0.79,79.00,,,,Sat Jun 13 2026 23:09:34 GMT-0300 (Horário Padrão de Brasília),
1036,03-0128,JT10303VJ0030,concluida,CORRETIVA,,true,,Tue Apr 07 2026 00:00:00 GMT-0300 (Horário Padrão de Brasília),Tue Apr 07 2026 00:00:00 GMT-0300 (Horário Padrão de Brasília),0.8,80.00,,,,Sat Jun 13 2026 23:09:34 GMT-0300 (Horário Padrão de Brasília),
1037,03-0135,JT10303VJ0022,concluida,CORRETIVA,,true,,Tue Apr 07 2026 00:00:00 GMT-0300 (Horário Padrão de Brasília),Tue Apr 07 2026 00:00:00 GMT-0300 (Horário Padrão de Brasília),0.84,84.00,,,,Sat Jun 13 2026 23:09:34 GMT-0300 (Horário Padrão de Brasília),
1038,03-0137,JT10303VJ0021,concluida,CORRETIVA,,false,,Tue Apr 07 2026 00:00:00 GMT-0300 (Horário Padrão de Brasília),Sun Mar 22 2026 00:00:00 GMT-0300 (Horário Padrão de Brasília),,,,,,Sat Jun 13 2026 23:09:34 GMT-0300 (Horário Padrão de Brasília),
1039,03-0003,CV10304VJ0025,concluida,CORRETIVA,,true,,Wed Apr 08 2026 00:00:00 GMT-0300 (Horário Padrão de Brasília),Wed Apr 08 2026 00:00:00 GMT-0300 (Horário Padrão de Brasília),1,100.00,,,,Sat Jun 13 2026 23:09:34 GMT-0300 (Horário Padrão de Brasília),
1040,03-0064,CV10101VJ0003,concluida,PREVENTIVA,,true,,Wed Apr 08 2026 00:00:00 GMT-0300 (Horário Padrão de Brasília),Wed Apr 08 2026 00:00:00 GMT-0300 (Horário Padrão de Brasília),0.88,88.00,,,,Sat Jun 13 2026 23:09:34 GMT-0300 (Horário Padrão de Brasília),
1041,03-0101,CV10101VJ0004,concluida,PREVENTIVA,,true,,Wed Apr 08 2026 00:00:00 GMT-0300 (Horário Padrão de Brasília),Wed Apr 08 2026 00:00:00 GMT-0300 (Horário Padrão de Brasília),0.78,78.00,,,,Sat Jun 13 2026 23:09:34 GMT-0300 (Horário Padrão de Brasília),
1042,03-0107,CV10202VJ0046,concluida,CORRETIVA,,true,,Wed Apr 08 2026 00:00:00 GMT-0300 (Horário Padrão de Brasília),Wed Apr 08 2026 00:00:00 GMT-0300 (Horário Padrão de Brasília),0.79,79.00,,,,Sat Jun 13 2026 23:09:34 GMT-0300 (Horário Padrão de Brasília),
1043,03-0129,CV10202VJ0041,concluida,PREVENTIVA,,true,,Wed Apr 08 2026 00:00:00 GMT-0300 (Horário Padrão de Brasília),Wed Apr 08 2026 00:00:00 GMT-0300 (Horário Padrão de Brasília),0.79,79.00,,,,Sat Jun 13 2026 23:09:34 GMT-0300 (Horário Padrão de Brasília),
1044,03-0016,JT10304VJ0050,concluida,PREVENTIVA,,true,,Wed Apr 08 2026 00:00:00 GMT-0300 (Horário Padrão de Brasília),Wed Apr 08 2026 00:00:00 GMT-0300 (Horário Padrão de Brasília),0.97,97.00,,,,Sat Jun 13 2026 23:09:34 GMT-0300 (Horário Padrão de Brasília),
1045,03-0023,JT10102VJ0003,concluida,CORRETIVA,,true,,Wed Apr 08 2026 00:00:00 GMT-0300 (Horário Padrão de Brasília),Wed Apr 08 2026 00:00:00 GMT-0300 (Horário Padrão de Brasília),0.84,84.00,,,,Sat Jun 13 2026 23:09:34 GMT-0300 (Horário Padrão de Brasília),
1046,03-0024,JT10304VJ0046,concluida,PREVENTIVA,,true,,Wed Apr 08 2026 00:00:00 GMT-0300 (Horário Padrão de Brasília),Wed Apr 08 2026 00:00:00 GMT-0300 (Horário Padrão de Brasília),0.89,89.00,,,,Sat Jun 13 2026 23:09:34 GMT-0300 (Horário Padrão de Brasília),
1047,03-0070,CV10302VJ0016,concluida,PREVENTIVA,,true,,Thu Apr 09 2026 00:00:00 GMT-0300 (Horário Padrão de Brasília),Thu Apr 09 2026 00:00:00 GMT-0300 (Horário Padrão de Brasília),0.99,99.00,,,,Sat Jun 13 2026 23:09:34 GMT-0300 (Horário Padrão de Brasília),
1048,03-0028,CV10203VJ0058,concluida,PREVENTIVA,,true,,Thu Apr 09 2026 00:00:00 GMT-0300 (Horário Padrão de Brasília),Thu Apr 09 2026 00:00:00 GMT-0300 (Horário Padrão de Brasília),0.82,82.00,,,,Sat Jun 13 2026 23:09:34 GMT-0300 (Horário Padrão de Brasília),
1049,03-0139,CV10302VJ0014,concluida,CORRETIVA,,true,,Thu Apr 09 2026 00:00:00 GMT-0300 (Horário Padrão de Brasília),Thu Apr 09 2026 00:00:00 GMT-0300 (Horário Padrão de Brasília),0.79,79.00,,,,Sat Jun 13 2026 23:09:34 GMT-0300 (Horário Padrão de Brasília),
1050,03-0086,JT10101VL0002,concluida,PREVENTIVA,,true,,Thu Apr 09 2026 00:00:00 GMT-0300 (Horário Padrão de Brasília),Thu Apr 09 2026 00:00:00 GMT-0300 (Horário Padrão de Brasília),0.99,99.00,,,,Sat Jun 13 2026 23:09:34 GMT-0300 (Horário Padrão de Brasília),
1051,03-0074,JT10302VJ0008,concluida,PREVENTIVA,,true,,Thu Apr 09 2026 00:00:00 GMT-0300 (Horário Padrão de Brasília),Thu Apr 09 2026 00:00:00 GMT-0300 (Horário Padrão de Brasília),0.97,97.00,,,,Sat Jun 13 2026 23:09:34 GMT-0300 (Horário Padrão de Brasília),
1052,03-0068,JT10302VJ0007,concluida,CORRETIVA,,true,,Thu Apr 09 2026 00:00:00 GMT-0300 (Horário Padrão de Brasília),Thu Apr 09 2026 00:00:00 GMT-0300 (Horário Padrão de Brasília),0.99,99.00,,,,Sat Jun 13 2026 23:09:34 GMT-0300 (Horário Padrão de Brasília),
1053,03-0310,MG10101VL0002,concluida,CORRETIVA,,true,,Fri Apr 10 2026 00:00:00 GMT-0300 (Horário Padrão de Brasília),Fri Apr 10 2026 00:00:00 GMT-0300 (Horário Padrão de Brasília),1,100.00,,,,Sat Jun 13 2026 23:09:34 GMT-0300 (Horário Padrão de Brasília),
1054,03-0179,MG10202VJ0026,concluida,CORRETIVA,,true,,Fri Apr 10 2026 00:00:00 GMT-0300 (Horário Padrão de Brasília),Fri Apr 10 2026 00:00:00 GMT-0300 (Horário Padrão de Brasília),1,100.00,,,,Sat Jun 13 2026 23:09:34 GMT-0300 (Horário Padrão de Brasília),
1055,03-0239,MG10202VJ0030,concluida,CORRETIVA,,true,,Fri Apr 10 2026 00:00:00 GMT-0300 (Horário Padrão de Brasília),Fri Apr 10 2026 00:00:00 GMT-0300 (Horário Padrão de Brasília),1,100.00,,,,Sat Jun 13 2026 23:09:34 GMT-0300 (Horário Padrão de Brasília),
1056,03-0240,MG10202VJ0031,concluida,CORRETIVA,,false,,Fri Apr 10 2026 00:00:00 GMT-0300 (Horário Padrão de Brasília),Fri Jan 23 2026 00:00:00 GMT-0300 (Horário Padrão de Brasília),,,,,,Sat Jun 13 2026 23:09:34 GMT-0300 (Horário Padrão de Brasília),
1057,03-0233,MG10202VJ0032,concluida,CORRETIVA,,false,,Fri Apr 10 2026 00:00:00 GMT-0300 (Horário Padrão de Brasília),Fri Mar 27 2026 00:00:00 GMT-0300 (Horário Padrão de Brasília),,,,,,Sat Jun 13 2026 23:09:34 GMT-0300 (Horário Padrão de Brasília),
1058,03-0308,MG10202VJ0033,concluida,CORRETIVA,,true,,Fri Apr 10 2026 00:00:00 GMT-0300 (Horário Padrão de Brasília),Fri Apr 10 2026 00:00:00 GMT-0300 (Horário Padrão de Brasília),1,100.00,,,,Sat Jun 13 2026 23:09:34 GMT-0300 (Horário Padrão de Brasília),
1059,03-0319,MG10202VJ0035,concluida,CORRETIVA,,true,,Fri Apr 10 2026 00:00:00 GMT-0300 (Horário Padrão de Brasília),Fri Apr 10 2026 00:00:00 GMT-0300 (Horário Padrão de Brasília),1,100.00,,,,Sat Jun 13 2026 23:09:34 GMT-0300 (Horário Padrão de Brasília),
1060,03-0178,MG10202VJ0036,concluida,CORRETIVA,,true,,Fri Apr 10 2026 00:00:00 GMT-0300 (Horário Padrão de Brasília),Fri Apr 10 2026 00:00:00 GMT-0300 (Horário Padrão de Brasília),1,100.00,,,,Sat Jun 13 2026 23:09:34 GMT-0300 (Horário Padrão de Brasília),
1061,03-0214,MG10303VJ0019,concluida,CORRETIVA,,false,,Fri Apr 10 2026 00:00:00 GMT-0300 (Horário Padrão de Brasília),Tue Mar 31 2026 00:00:00 GMT-0300 (Horário Padrão de Brasília),,,,,,Sat Jun 13 2026 23:09:34 GMT-0300 (Horário Padrão de Brasília),
1062,03-0288,ST10101VJ0002,concluida,CORRETIVA,,true,,Fri Apr 10 2026 00:00:00 GMT-0300 (Horário Padrão de Brasília),Fri Apr 10 2026 00:00:00 GMT-0300 (Horário Padrão de Brasília),1,100.00,,,,Sat Jun 13 2026 23:09:34 GMT-0300 (Horário Padrão de Brasília),
1063,03-0273,ST10101VJ0005,concluida,CORRETIVA,,true,,Fri Apr 10 2026 00:00:00 GMT-0300 (Horário Padrão de Brasília),Fri Apr 10 2026 00:00:00 GMT-0300 (Horário Padrão de Brasília),1,100.00,,,,Sat Jun 13 2026 23:09:34 GMT-0300 (Horário Padrão de Brasília),
1064,03-0302,ST10101VJ0006,concluida,CORRETIVA,,true,,Fri Apr 10 2026 00:00:00 GMT-0300 (Horário Padrão de Brasília),Fri Apr 10 2026 00:00:00 GMT-0300 (Horário Padrão de Brasília),1,100.00,,,,Sat Jun 13 2026 23:09:34 GMT-0300 (Horário Padrão de Brasília),
1065,03-0267,ST10101VJ0007,concluida,CORRETIVA,,true,,Fri Apr 10 2026 00:00:00 GMT-0300 (Horário Padrão de Brasília),Fri Apr 10 2026 00:00:00 GMT-0300 (Horário Padrão de Brasília),1,100.00,,,,Sat Jun 13 2026 23:09:34 GMT-0300 (Horário Padrão de Brasília),
1066,03-0311,ST10101VJ0013,concluida,CORRETIVA,,true,,Fri Apr 10 2026 00:00:00 GMT-0300 (Horário Padrão de Brasília),Fri Apr 10 2026 00:00:00 GMT-0300 (Horário Padrão de Brasília),1,100.00,,,,Sat Jun 13 2026 23:09:34 GMT-0300 (Horário Padrão de Brasília),
1067,03-0196,ST10101VJ0014,concluida,CORRETIVA,,false,,Fri Apr 10 2026 00:00:00 GMT-0300 (Horário Padrão de Brasília),Sat Mar 28 2026 00:00:00 GMT-0300 (Horário Padrão de Brasília),,,,,,Sat Jun 13 2026 23:09:34 GMT-0300 (Horário Padrão de Brasília),
1068,03-0244,ST10101VJ0015,concluida,CORRETIVA,,false,,Fri Apr 10 2026 00:00:00 GMT-0300 (Horário Padrão de Brasília),Thu Mar 26 2026 00:00:00 GMT-0300 (Horário Padrão de Brasília),,,,,,Sat Jun 13 2026 23:09:34 GMT-0300 (Horário Padrão de Brasília),
1069,03-0144,ST10101VJ0019,concluida,CORRETIVA,,true,,Fri Apr 10 2026 00:00:00 GMT-0300 (Horário Padrão de Brasília),Fri Apr 10 2026 00:00:00 GMT-0300 (Horário Padrão de Brasília),1,100.00,,,,Sat Jun 13 2026 23:09:34 GMT-0300 (Horário Padrão de Brasília),
1070,03-0270,ST10101VJ0009,concluida,CORRETIVA,,true,,Fri Apr 10 2026 00:00:00 GMT-0300 (Horário Padrão de Brasília),Fri Apr 10 2026 00:00:00 GMT-0300 (Horário Padrão de Brasília),1,100.00,,,,Sat Jun 13 2026 23:09:34 GMT-0300 (Horário Padrão de Brasília),
1071,03-0293,ST10101VJ0023,concluida,CORRETIVA,,true,,Fri Apr 10 2026 00:00:00 GMT-0300 (Horário Padrão de Brasília),Fri Apr 10 2026 00:00:00 GMT-0300 (Horário Padrão de Brasília),1,100.00,,,,Sat Jun 13 2026 23:09:34 GMT-0300 (Horário Padrão de Brasília),
1072,03-0251,MG10304VJ0020,concluida,CORRETIVA,,true,,Sat Apr 11 2026 00:00:00 GMT-0300 (Horário Padrão de Brasília),Sat Apr 11 2026 00:00:00 GMT-0300 (Horário Padrão de Brasília),1,100.00,,,,Sat Jun 13 2026 23:09:34 GMT-0300 (Horário Padrão de Brasília),
1073,03-0256,MG10203VJ0061,concluida,CORRETIVA,,true,,Sat Apr 11 2026 00:00:00 GMT-0300 (Horário Padrão de Brasília),Sat Apr 11 2026 00:00:00 GMT-0300 (Horário Padrão de Brasília),1,100.00,,,,Sat Jun 13 2026 23:09:34 GMT-0300 (Horário Padrão de Brasília),
1074,03-0171,MG10203VJ0048,concluida,CORRETIVA,,true,,Sat Apr 11 2026 00:00:00 GMT-0300 (Horário Padrão de Brasília),Sat Apr 11 2026 00:00:00 GMT-0300 (Horário Padrão de Brasília),1,100.00,,,,Sat Jun 13 2026 23:09:34 GMT-0300 (Horário Padrão de Brasília),
1075,03-0190,MG10203VJ0069,concluida,CORRETIVA,,true,,Sat Apr 11 2026 00:00:00 GMT-0300 (Horário Padrão de Brasília),Sat Apr 11 2026 00:00:00 GMT-0300 (Horário Padrão de Brasília),1,100.00,,,,Sat Jun 13 2026 23:09:34 GMT-0300 (Horário Padrão de Brasília),
1076,03-0197,MG10203VJ0065,concluida,CORRETIVA,,true,,Sat Apr 11 2026 00:00:00 GMT-0300 (Horário Padrão de Brasília),Sat Apr 11 2026 00:00:00 GMT-0300 (Horário Padrão de Brasília),1,100.00,,,,Sat Jun 13 2026 23:09:34 GMT-0300 (Horário Padrão de Brasília),
1077,03-0198,MG10203VJ0055,concluida,CORRETIVA,,true,,Sat Apr 11 2026 00:00:00 GMT-0300 (Horário Padrão de Brasília),Sat Apr 11 2026 00:00:00 GMT-0300 (Horário Padrão de Brasília),1,100.00,,,,Sat Jun 13 2026 23:09:34 GMT-0300 (Horário Padrão de Brasília),
1078,03-0211,MG10203VJ0049,concluida,CORRETIVA,,true,,Sat Apr 11 2026 00:00:00 GMT-0300 (Horário Padrão de Brasília),Sat Apr 11 2026 00:00:00 GMT-0300 (Horário Padrão de Brasília),1,100.00,,,,Sat Jun 13 2026 23:09:34 GMT-0300 (Horário Padrão de Brasília),
1079,03-0148,ST10304VJ0067,concluida,CORRETIVA,,false,,Sat Apr 11 2026 00:00:00 GMT-0300 (Horário Padrão de Brasília),Sat Mar 28 2026 00:00:00 GMT-0300 (Horário Padrão de Brasília),,,,,,Sat Jun 13 2026 23:09:34 GMT-0300 (Horário Padrão de Brasília),
1080,03-0150,ST10304VJ0066,concluida,CORRETIVA,,true,,Sat Apr 11 2026 00:00:00 GMT-0300 (Horário Padrão de Brasília),Sat Apr 11 2026 00:00:00 GMT-0300 (Horário Padrão de Brasília),1,100.00,,,,Sat Jun 13 2026 23:09:34 GMT-0300 (Horário Padrão de Brasília),
1081,03-0186,ST10304VJ0068,concluida,CORRETIVA,,false,,Sat Apr 11 2026 00:00:00 GMT-0300 (Horário Padrão de Brasília),Wed Apr 01 2026 00:00:00 GMT-0300 (Horário Padrão de Brasília),,,,,,Sat Jun 13 2026 23:09:34 GMT-0300 (Horário Padrão de Brasília),
1082,03-0189,ST10304VJ0061,concluida,CORRETIVA,,true,,Sat Apr 11 2026 00:00:00 GMT-0300 (Horário Padrão de Brasília),Sat Apr 11 2026 00:00:00 GMT-0300 (Horário Padrão de Brasília),1,100.00,,,,Sat Jun 13 2026 23:09:34 GMT-0300 (Horário Padrão de Brasília),
1083,03-0299,ST10304VJ0055,concluida,CORRETIVA,,true,,Sat Apr 11 2026 00:00:00 GMT-0300 (Horário Padrão de Brasília),Sat Apr 11 2026 00:00:00 GMT-0300 (Horário Padrão de Brasília),1,100.00,,,,Sat Jun 13 2026 23:09:34 GMT-0300 (Horário Padrão de Brasília),
1084,03-0328,ST10304VJ0065,concluida,CORRETIVA,,true,,Sat Apr 11 2026 00:00:00 GMT-0300 (Horário Padrão de Brasília),Sat Apr 11 2026 00:00:00 GMT-0300 (Horário Padrão de Brasília),1,100.00,,,,Sat Jun 13 2026 23:09:34 GMT-0300 (Horário Padrão de Brasília),
1085,03-0329,ST10304VJ0064,concluida,CORRETIVA,,true,,Sat Apr 11 2026 00:00:00 GMT-0300 (Horário Padrão de Brasília),Sat Apr 11 2026 00:00:00 GMT-0300 (Horário Padrão de Brasília),1,100.00,,,,Sat Jun 13 2026 23:09:34 GMT-0300 (Horário Padrão de Brasília),
1086,03-0312,MG10202VJ0024,concluida,CORRETIVA,,true,,Mon Apr 13 2026 00:00:00 GMT-0300 (Horário Padrão de Brasília),Mon Apr 13 2026 00:00:00 GMT-0300 (Horário Padrão de Brasília),1,100.00,,,,Sat Jun 13 2026 23:09:34 GMT-0300 (Horário Padrão de Brasília),
1087,03-0290,MG10202VJ0027,concluida,CORRETIVA,,true,,Mon Apr 13 2026 00:00:00 GMT-0300 (Horário Padrão de Brasília),Mon Apr 13 2026 00:00:00 GMT-0300 (Horário Padrão de Brasília),1,100.00,,,,Sat Jun 13 2026 23:09:34 GMT-0300 (Horário Padrão de Brasília),
1088,03-0250,MG10202VJ0028,concluida,CORRETIVA,,true,,Mon Apr 13 2026 00:00:00 GMT-0300 (Horário Padrão de Brasília),Mon Apr 13 2026 00:00:00 GMT-0300 (Horário Padrão de Brasília),1,100.00,,,,Sat Jun 13 2026 23:09:34 GMT-0300 (Horário Padrão de Brasília),
1089,03-0307,MG10202VJ0034,concluida,CORRETIVA,,true,,Mon Apr 13 2026 00:00:00 GMT-0300 (Horário Padrão de Brasília),Mon Apr 13 2026 00:00:00 GMT-0300 (Horário Padrão de Brasília),1,100.00,,,,Sat Jun 13 2026 23:09:34 GMT-0300 (Horário Padrão de Brasília),
1090,03-0180,MG10202VJ0037,concluida,CORRETIVA,,true,,Mon Apr 13 2026 00:00:00 GMT-0300 (Horário Padrão de Brasília),Mon Apr 13 2026 00:00:00 GMT-0300 (Horário Padrão de Brasília),1,100.00,,,,Sat Jun 13 2026 23:09:34 GMT-0300 (Horário Padrão de Brasília),
1091,03-0268,MG10202VJ0038,concluida,CORRETIVA,,true,,Mon Apr 13 2026 00:00:00 GMT-0300 (Horário Padrão de Brasília),Mon Apr 13 2026 00:00:00 GMT-0300 (Horário Padrão de Brasília),1,100.00,,,,Sat Jun 13 2026 23:09:34 GMT-0300 (Horário Padrão de Brasília),
1092,03-0269,MG10202VJ0039,concluida,CORRETIVA,,true,,Mon Apr 13 2026 00:00:00 GMT-0300 (Horário Padrão de Brasília),Mon Apr 13 2026 00:00:00 GMT-0300 (Horário Padrão de Brasília),1,100.00,,,,Sat Jun 13 2026 23:09:34 GMT-0300 (Horário Padrão de Brasília),
1093,03-0243,MG10202VJ0040,concluida,CORRETIVA,,true,,Mon Apr 13 2026 00:00:00 GMT-0300 (Horário Padrão de Brasília),Mon Apr 13 2026 00:00:00 GMT-0300 (Horário Padrão de Brasília),1,100.00,,,,Sat Jun 13 2026 23:09:34 GMT-0300 (Horário Padrão de Brasília),
1094,03-0253,ST10101VJ0022,concluida,CORRETIVA,,true,,Mon Apr 13 2026 00:00:00 GMT-0300 (Horário Padrão de Brasília),Mon Apr 13 2026 00:00:00 GMT-0300 (Horário Padrão de Brasília),1,100.00,,,,Sat Jun 13 2026 23:09:34 GMT-0300 (Horário Padrão de Brasília),
1095,03-0291,ST10302VJ0024,concluida,CORRETIVA,,false,,Mon Apr 13 2026 00:00:00 GMT-0300 (Horário Padrão de Brasília),Thu Mar 26 2026 00:00:00 GMT-0300 (Horário Padrão de Brasília),,,,,,Sat Jun 13 2026 23:09:34 GMT-0300 (Horário Padrão de Brasília),
1096,03-0222,ST10302VJ0025,concluida,CORRETIVA,,true,,Mon Apr 13 2026 00:00:00 GMT-0300 (Horário Padrão de Brasília),Mon Apr 13 2026 00:00:00 GMT-0300 (Horário Padrão de Brasília),1,100.00,,,,Sat Jun 13 2026 23:09:34 GMT-0300 (Horário Padrão de Brasília),
1097,03-0320,ST10302VJ0026,concluida,CORRETIVA,,true,,Mon Apr 13 2026 00:00:00 GMT-0300 (Horário Padrão de Brasília),Mon Apr 13 2026 00:00:00 GMT-0300 (Horário Padrão de Brasília),1,100.00,,,,Sat Jun 13 2026 23:09:34 GMT-0300 (Horário Padrão de Brasília),
1098,03-0225,ST10302VJ0027,concluida,CORRETIVA,,true,,Mon Apr 13 2026 00:00:00 GMT-0300 (Horário Padrão de Brasília),Mon Apr 13 2026 00:00:00 GMT-0300 (Horário Padrão de Brasília),1,100.00,,,,Sat Jun 13 2026 23:09:34 GMT-0300 (Horário Padrão de Brasília),
1099,03-0173,ST10302VJ0028,concluida,CORRETIVA,,true,,Mon Apr 13 2026 00:00:00 GMT-0300 (Horário Padrão de Brasília),Mon Apr 13 2026 00:00:00 GMT-0300 (Horário Padrão de Brasília),1,100.00,,,,Sat Jun 13 2026 23:09:34 GMT-0300 (Horário Padrão de Brasília),
1100,03-0192,ST10302VJ0032,concluida,CORRETIVA,,true,,Mon Apr 13 2026 00:00:00 GMT-0300 (Horário Padrão de Brasília),Mon Apr 13 2026 00:00:00 GMT-0300 (Horário Padrão de Brasília),1,100.00,,,,Sat Jun 13 2026 23:09:34 GMT-0300 (Horário Padrão de Brasília),
1101,03-0195,ST10302VJ0033,concluida,CORRETIVA,,true,,Mon Apr 13 2026 00:00:00 GMT-0300 (Horário Padrão de Brasília),Mon Apr 13 2026 00:00:00 GMT-0300 (Horário Padrão de Brasília),1,100.00,,,,Sat Jun 13 2026 23:09:34 GMT-0300 (Horário Padrão de Brasília),
1102,03-0002,JT10303VJ0025,concluida,CORRETIVA,,false,,Tue Apr 14 2026 00:00:00 GMT-0300 (Horário Padrão de Brasília),Mon Mar 16 2026 00:00:00 GMT-0300 (Horário Padrão de Brasília),,,,,,Sat Jun 13 2026 23:09:34 GMT-0300 (Horário Padrão de Brasília),
1103,03-0043,JT10303VJ0029,concluida,CORRETIVA,,true,,Tue Apr 14 2026 00:00:00 GMT-0300 (Horário Padrão de Brasília),Tue Apr 14 2026 00:00:00 GMT-0300 (Horário Padrão de Brasília),0.84,84.00,,,,Sat Jun 13 2026 23:09:34 GMT-0300 (Horário Padrão de Brasília),
1104,03-0041,JT10303VJ0033,concluida,CORRETIVA,,true,,Tue Apr 14 2026 00:00:00 GMT-0300 (Horário Padrão de Brasília),Tue Apr 14 2026 00:00:00 GMT-0300 (Horário Padrão de Brasília),0.99,99.00,,,,Sat Jun 13 2026 23:09:34 GMT-0300 (Horário Padrão de Brasília),
1105,03-0111,JT10303VJ0058,concluida,CORRETIVA,,false,,Tue Apr 14 2026 00:00:00 GMT-0300 (Horário Padrão de Brasília),Wed Apr 08 2026 00:00:00 GMT-0300 (Horário Padrão de Brasília),,,,,,Sat Jun 13 2026 23:09:34 GMT-0300 (Horário Padrão de Brasília),
1106,03-0191,MG10203VJ0059,concluida,CORRETIVA,,true,,Tue Apr 14 2026 00:00:00 GMT-0300 (Horário Padrão de Brasília),Tue Apr 14 2026 00:00:00 GMT-0300 (Horário Padrão de Brasília),1,100.00,,,,Sat Jun 13 2026 23:09:34 GMT-0300 (Horário Padrão de Brasília),
1107,03-0216,MG10203VJ0060,concluida,CORRETIVA,,true,,Tue Apr 14 2026 00:00:00 GMT-0300 (Horário Padrão de Brasília),Tue Apr 14 2026 00:00:00 GMT-0300 (Horário Padrão de Brasília),1,100.00,,,,Sat Jun 13 2026 23:09:34 GMT-0300 (Horário Padrão de Brasília),
1108,03-0208,MG10203VJ0066,concluida,CORRETIVA,,true,,Tue Apr 14 2026 00:00:00 GMT-0300 (Horário Padrão de Brasília),Tue Apr 14 2026 00:00:00 GMT-0300 (Horário Padrão de Brasília),1,100.00,,,,Sat Jun 13 2026 23:09:34 GMT-0300 (Horário Padrão de Brasília),
1109,03-0274,MG10203VJ0070,concluida,CORRETIVA,,true,,Tue Apr 14 2026 00:00:00 GMT-0300 (Horário Padrão de Brasília),Tue Apr 14 2026 00:00:00 GMT-0300 (Horário Padrão de Brasília),1,100.00,,,,Sat Jun 13 2026 23:09:34 GMT-0300 (Horário Padrão de Brasília),
1110,03-0285,ST10203VJ0077,concluida,CORRETIVA,,true,,Tue Apr 14 2026 00:00:00 GMT-0300 (Horário Padrão de Brasília),Tue Apr 14 2026 00:00:00 GMT-0300 (Horário Padrão de Brasília),1,100.00,,,,Sat Jun 13 2026 23:09:34 GMT-0300 (Horário Padrão de Brasília),
1111,03-0263,ST10203VJ0078,concluida,CORRETIVA,,true,,Tue Apr 14 2026 00:00:00 GMT-0300 (Horário Padrão de Brasília),Tue Apr 14 2026 00:00:00 GMT-0300 (Horário Padrão de Brasília),1,100.00,,,,Sat Jun 13 2026 23:09:34 GMT-0300 (Horário Padrão de Brasília),
1112,03-0321,ST10203VJ0079,concluida,CORRETIVA,,true,,Tue Apr 14 2026 00:00:00 GMT-0300 (Horário Padrão de Brasília),Tue Apr 14 2026 00:00:00 GMT-0300 (Horário Padrão de Brasília),1,100.00,,,,Sat Jun 13 2026 23:09:34 GMT-0300 (Horário Padrão de Brasília),
1113,03-0316,ST10203VJ0080,concluida,CORRETIVA,,false,,Tue Apr 14 2026 00:00:00 GMT-0300 (Horário Padrão de Brasília),Thu Apr 02 2026 00:00:00 GMT-0300 (Horário Padrão de Brasília),,,,,,Sat Jun 13 2026 23:09:34 GMT-0300 (Horário Padrão de Brasília),
1114,03-0226,ST10303VJ0039,concluida,CORRETIVA,,true,,Tue Apr 14 2026 00:00:00 GMT-0300 (Horário Padrão de Brasília),Tue Apr 14 2026 00:00:00 GMT-0300 (Horário Padrão de Brasília),1,100.00,,,,Sat Jun 13 2026 23:09:34 GMT-0300 (Horário Padrão de Brasília),
1115,03-0151,ST10303VJ0044,concluida,CORRETIVA,,true,,Tue Apr 14 2026 00:00:00 GMT-0300 (Horário Padrão de Brasília),Tue Apr 14 2026 00:00:00 GMT-0300 (Horário Padrão de Brasília),1,100.00,,,,Sat Jun 13 2026 23:09:34 GMT-0300 (Horário Padrão de Brasília),
1116,03-0167,ST10303VJ0046,concluida,CORRETIVA,,true,,Tue Apr 14 2026 00:00:00 GMT-0300 (Horário Padrão de Brasília),Tue Apr 14 2026 00:00:00 GMT-0300 (Horário Padrão de Brasília),1,100.00,,,,Sat Jun 13 2026 23:09:34 GMT-0300 (Horário Padrão de Brasília),
1117,03-0203,ST10303VJ0051,concluida,CORRETIVA,,true,,Tue Apr 14 2026 00:00:00 GMT-0300 (Horário Padrão de Brasília),Tue Apr 14 2026 00:00:00 GMT-0300 (Horário Padrão de Brasília),1,100.00,,,,Sat Jun 13 2026 23:09:34 GMT-0300 (Horário Padrão de Brasília),
1118,03-0185,ST10303VJ0052,concluida,CORRETIVA,,true,,Tue Apr 14 2026 00:00:00 GMT-0300 (Horário Padrão de Brasília),Tue Apr 14 2026 00:00:00 GMT-0300 (Horário Padrão de Brasília),1,100.00,,,,Sat Jun 13 2026 23:09:34 GMT-0300 (Horário Padrão de Brasília),
1119,03-0187,ST10303VJ0053,concluida,CORRETIVA,,true,,Tue Apr 14 2026 00:00:00 GMT-0300 (Horário Padrão de Brasília),Tue Apr 14 2026 00:00:00 GMT-0300 (Horário Padrão de Brasília),1,100.00,,,,Sat Jun 13 2026 23:09:34 GMT-0300 (Horário Padrão de Brasília),
1120,03-0112,CV10101VJ0006,concluida,CORRETIVA,,false,,Wed Apr 15 2026 00:00:00 GMT-0300 (Horário Padrão de Brasília),Mon Apr 13 2026 00:00:00 GMT-0300 (Horário Padrão de Brasília),,,,,,Sat Jun 13 2026 23:09:34 GMT-0300 (Horário Padrão de Brasília),
1121,03-0096,CV10101VJ0007,concluida,CORRETIVA,,false,,Wed Apr 15 2026 00:00:00 GMT-0300 (Horário Padrão de Brasília),Sat Apr 11 2026 00:00:00 GMT-0300 (Horário Padrão de Brasília),,,,,,Sat Jun 13 2026 23:09:34 GMT-0300 (Horário Padrão de Brasília),
1122,03-0056,CV10202VJ0032,concluida,CORRETIVA,,true,,Wed Apr 15 2026 00:00:00 GMT-0300 (Horário Padrão de Brasília),Wed Apr 15 2026 00:00:00 GMT-0300 (Horário Padrão de Brasília),1,100.00,,,,Sat Jun 13 2026 23:09:34 GMT-0300 (Horário Padrão de Brasília),
1123,03-0126,CV10202VJ0033,concluida,CORRETIVA,,true,,Wed Apr 15 2026 00:00:00 GMT-0300 (Horário Padrão de Brasília),Wed Apr 15 2026 00:00:00 GMT-0300 (Horário Padrão de Brasília),0.94,94.00,,,,Sat Jun 13 2026 23:09:34 GMT-0300 (Horário Padrão de Brasília),
1124,03-0032,JT10304VJ0051,concluida,CORRETIVA,,true,,Wed Apr 15 2026 00:00:00 GMT-0300 (Horário Padrão de Brasília),Wed Apr 15 2026 00:00:00 GMT-0300 (Horário Padrão de Brasília),1,100.00,,,,Sat Jun 13 2026 23:09:34 GMT-0300 (Horário Padrão de Brasília),
1125,03-0049,JT10102VJ0001,concluida,DESNECESSÁRIA,,true,,Wed Apr 15 2026 00:00:00 GMT-0300 (Horário Padrão de Brasília),Wed Apr 15 2026 00:00:00 GMT-0300 (Horário Padrão de Brasília),0,0.00,,,,Sat Jun 13 2026 23:09:34 GMT-0300 (Horário Padrão de Brasília),
1126,03-0088,MG10101VJ0007,concluida,CORRETIVA,,true,,Wed Apr 15 2026 00:00:00 GMT-0300 (Horário Padrão de Brasília),Wed Apr 15 2026 00:00:00 GMT-0300 (Horário Padrão de Brasília),1,100.00,,,,Sat Jun 13 2026 23:09:34 GMT-0300 (Horário Padrão de Brasília),
1127,03-0009,MG10101VJ0009,concluida,CORRETIVA,,false,,Wed Apr 15 2026 00:00:00 GMT-0300 (Horário Padrão de Brasília),Sun Apr 12 2026 00:00:00 GMT-0300 (Horário Padrão de Brasília),,,,,,Sat Jun 13 2026 23:09:34 GMT-0300 (Horário Padrão de Brasília),
1128,03-0182,MG10101VL0001,concluida,CORRETIVA,,true,,Wed Apr 15 2026 00:00:00 GMT-0300 (Horário Padrão de Brasília),Wed Apr 15 2026 00:00:00 GMT-0300 (Horário Padrão de Brasília),1,100.00,,,,Sat Jun 13 2026 23:09:34 GMT-0300 (Horário Padrão de Brasília),
1129,03-0309,MG10202VJ0023,concluida,CORRETIVA,,true,,Wed Apr 15 2026 00:00:00 GMT-0300 (Horário Padrão de Brasília),Wed Apr 15 2026 00:00:00 GMT-0300 (Horário Padrão de Brasília),1,100.00,,,,Sat Jun 13 2026 23:09:34 GMT-0300 (Horário Padrão de Brasília),
1130,03-0181,MG10202VJ0025,concluida,CORRETIVA,,true,,Wed Apr 15 2026 00:00:00 GMT-0300 (Horário Padrão de Brasília),Wed Apr 15 2026 00:00:00 GMT-0300 (Horário Padrão de Brasília),1,100.00,,,,Sat Jun 13 2026 23:09:34 GMT-0300 (Horário Padrão de Brasília),
1131,03-0220,MG10304VJ0022,concluida,CORRETIVA,,false,,Wed Apr 15 2026 00:00:00 GMT-0300 (Horário Padrão de Brasília),Mon Mar 30 2026 00:00:00 GMT-0300 (Horário Padrão de Brasília),,,,,,Sat Jun 13 2026 23:09:34 GMT-0300 (Horário Padrão de Brasília),
1132,03-0272,ST10101VJ0001,concluida,CORRETIVA,,true,,Wed Apr 15 2026 00:00:00 GMT-0300 (Horário Padrão de Brasília),Wed Apr 15 2026 00:00:00 GMT-0300 (Horário Padrão de Brasília),1,100.00,,,,Sat Jun 13 2026 23:09:34 GMT-0300 (Horário Padrão de Brasília),
1133,03-0303,ST10101VJ0003,concluida,CORRETIVA,,true,,Wed Apr 15 2026 00:00:00 GMT-0300 (Horário Padrão de Brasília),Wed Apr 15 2026 00:00:00 GMT-0300 (Horário Padrão de Brasília),1,100.00,,,,Sat Jun 13 2026 23:09:34 GMT-0300 (Horário Padrão de Brasília),
1134,03-0284,ST10101VJ0004,concluida,CORRETIVA,,false,,Wed Apr 15 2026 00:00:00 GMT-0300 (Horário Padrão de Brasília),Thu Apr 09 2026 00:00:00 GMT-0300 (Horário Padrão de Brasília),,,,,,Sat Jun 13 2026 23:09:34 GMT-0300 (Horário Padrão de Brasília),
1135,03-0314,ST10101VJ0008,concluida,CORRETIVA,,true,,Wed Apr 15 2026 00:00:00 GMT-0300 (Horário Padrão de Brasília),Wed Apr 15 2026 00:00:00 GMT-0300 (Horário Padrão de Brasília),1,100.00,,,,Sat Jun 13 2026 23:09:34 GMT-0300 (Horário Padrão de Brasília),
1136,03-0219,MG10203VJ0064,concluida,CORRETIVA,,true,,Thu Apr 16 2026 00:00:00 GMT-0300 (Horário Padrão de Brasília),Thu Apr 16 2026 00:00:00 GMT-0300 (Horário Padrão de Brasília),1,100.00,,,,Sat Jun 13 2026 23:09:34 GMT-0300 (Horário Padrão de Brasília),
1137,03-0280,MG10302VJ0015,concluida,CORRETIVA,,true,,Thu Apr 16 2026 00:00:00 GMT-0300 (Horário Padrão de Brasília),Thu Apr 16 2026 00:00:00 GMT-0300 (Horário Padrão de Brasília),1,100.00,,,,Sat Jun 13 2026 23:09:34 GMT-0300 (Horário Padrão de Brasília),
1138,03-0297,MG10203VP0026/27,concluida,CORRETIVA,,true,,Thu Apr 16 2026 00:00:00 GMT-0300 (Horário Padrão de Brasília),Thu Apr 16 2026 00:00:00 GMT-0300 (Horário Padrão de Brasília),1,100.00,,,,Sat Jun 13 2026 23:09:34 GMT-0300 (Horário Padrão de Brasília),
1139,03-0292,MG10203VP0028/29,concluida,CORRETIVA,,true,,Thu Apr 16 2026 00:00:00 GMT-0300 (Horário Padrão de Brasília),Thu Apr 16 2026 00:00:00 GMT-0300 (Horário Padrão de Brasília),1,100.00,,,,Sat Jun 13 2026 23:09:34 GMT-0300 (Horário Padrão de Brasília),
1140,03-0300,MG10203VP0032/33,concluida,CORRETIVA,,true,,Thu Apr 16 2026 00:00:00 GMT-0300 (Horário Padrão de Brasília),Thu Apr 16 2026 00:00:00 GMT-0300 (Horário Padrão de Brasília),1,100.00,,,,Sat Jun 13 2026 23:09:34 GMT-0300 (Horário Padrão de Brasília),
1141,03-0259,MG10302VP0038/39/40,concluida,CORRETIVA,,true,,Thu Apr 16 2026 00:00:00 GMT-0300 (Horário Padrão de Brasília),Thu Apr 16 2026 00:00:00 GMT-0300 (Horário Padrão de Brasília),1,100.00,,,,Sat Jun 13 2026 23:09:34 GMT-0300 (Horário Padrão de Brasília),
1142,03-0278,ST10101VJ0010,concluida,CORRETIVA,,true,,Thu Apr 16 2026 00:00:00 GMT-0300 (Horário Padrão de Brasília),Thu Apr 16 2026 00:00:00 GMT-0300 (Horário Padrão de Brasília),1,100.00,,,,Sat Jun 13 2026 23:09:34 GMT-0300 (Horário Padrão de Brasília),
1143,03-0193,ST10101VJ0011,concluida,CORRETIVA,,true,,Thu Apr 16 2026 00:00:00 GMT-0300 (Horário Padrão de Brasília),Thu Apr 16 2026 00:00:00 GMT-0300 (Horário Padrão de Brasília),1,100.00,,,,Sat Jun 13 2026 23:09:34 GMT-0300 (Horário Padrão de Brasília),
1144,03-0245,ST10101VJ0012,concluida,CORRETIVA,,true,,Thu Apr 16 2026 00:00:00 GMT-0300 (Horário Padrão de Brasília),Thu Apr 16 2026 00:00:00 GMT-0300 (Horário Padrão de Brasília),1,100.00,,,,Sat Jun 13 2026 23:09:34 GMT-0300 (Horário Padrão de Brasília),
1145,03-0271,ST10101VJ0017,concluida,CORRETIVA,,true,,Thu Apr 16 2026 00:00:00 GMT-0300 (Horário Padrão de Brasília),Thu Apr 16 2026 00:00:00 GMT-0300 (Horário Padrão de Brasília),1,100.00,,,,Sat Jun 13 2026 23:09:34 GMT-0300 (Horário Padrão de Brasília),
1146,03-0277,ST10101VJ0020,concluida,CORRETIVA,,true,,Thu Apr 16 2026 00:00:00 GMT-0300 (Horário Padrão de Brasília),Thu Apr 16 2026 00:00:00 GMT-0300 (Horário Padrão de Brasília),1,100.00,,,,Sat Jun 13 2026 23:09:34 GMT-0300 (Horário Padrão de Brasília),
1147,03-0152,ST10102VL0001,concluida,CORRETIVA,,true,,Thu Apr 16 2026 00:00:00 GMT-0300 (Horário Padrão de Brasília),Thu Apr 16 2026 00:00:00 GMT-0300 (Horário Padrão de Brasília),1,100.00,,,,Sat Jun 13 2026 23:09:34 GMT-0300 (Horário Padrão de Brasília),
1148,03-0238,ST20102VL0002,concluida,CORRETIVA,,true,,Thu Apr 16 2026 00:00:00 GMT-0300 (Horário Padrão de Brasília),Thu Apr 16 2026 00:00:00 GMT-0300 (Horário Padrão de Brasília),1,100.00,,,,Sat Jun 13 2026 23:09:34 GMT-0300 (Horário Padrão de Brasília),
1149,03-0157,MG10202VP0013/14,concluida,CORRETIVA,,false,,Fri Apr 17 2026 00:00:00 GMT-0300 (Horário Padrão de Brasília),Sat Mar 28 2026 00:00:00 GMT-0300 (Horário Padrão de Brasília),,,,,,Sat Jun 13 2026 23:09:34 GMT-0300 (Horário Padrão de Brasília),
1150,03-0164,MG10202VP0022/23,concluida,CORRETIVA,,false,,Fri Apr 17 2026 00:00:00 GMT-0300 (Horário Padrão de Brasília),Thu Feb 26 2026 00:00:00 GMT-0300 (Horário Padrão de Brasília),,,,,,Sat Jun 13 2026 23:09:34 GMT-0300 (Horário Padrão de Brasília),
1151,03-0224,MG10202VP0017/18/19/20,concluida,CORRETIVA,,true,,Fri Apr 17 2026 00:00:00 GMT-0300 (Horário Padrão de Brasília),Fri Apr 17 2026 00:00:00 GMT-0300 (Horário Padrão de Brasília),1,100.00,,,,Sat Jun 13 2026 23:09:34 GMT-0300 (Horário Padrão de Brasília),
1152,03-0234,MG10202VJ0041,concluida,CORRETIVA,,true,,Fri Apr 17 2026 00:00:00 GMT-0300 (Horário Padrão de Brasília),Fri Apr 17 2026 00:00:00 GMT-0300 (Horário Padrão de Brasília),1,100.00,,,,Sat Jun 13 2026 23:09:34 GMT-0300 (Horário Padrão de Brasília),
1153,03-0236,MG10202VJ0042,concluida,CORRETIVA,,false,,Fri Apr 17 2026 00:00:00 GMT-0300 (Horário Padrão de Brasília),Fri Mar 27 2026 00:00:00 GMT-0300 (Horário Padrão de Brasília),,,,,,Sat Jun 13 2026 23:09:34 GMT-0300 (Horário Padrão de Brasília),
1154,03-0260,MG10303VP0041/42/43/44/45,concluida,CORRETIVA,,true,,Fri Apr 17 2026 00:00:00 GMT-0300 (Horário Padrão de Brasília),Fri Apr 17 2026 00:00:00 GMT-0300 (Horário Padrão de Brasília),1,100.00,,,,Sat Jun 13 2026 23:09:34 GMT-0300 (Horário Padrão de Brasília),
1155,03-0327,MG10202VP0010/11/12,concluida,CORRETIVA,,true,,Fri Apr 17 2026 00:00:00 GMT-0300 (Horário Padrão de Brasília),Fri Apr 17 2026 00:00:00 GMT-0300 (Horário Padrão de Brasília),1,100.00,,,,Sat Jun 13 2026 23:09:34 GMT-0300 (Horário Padrão de Brasília),
1156,03-0330,MG10202VP0004/05,concluida,CORRETIVA,,true,,Fri Apr 17 2026 00:00:00 GMT-0300 (Horário Padrão de Brasília),Fri Apr 17 2026 00:00:00 GMT-0300 (Horário Padrão de Brasília),1,100.00,,,,Sat Jun 13 2026 23:09:34 GMT-0300 (Horário Padrão de Brasília),
1157,03-0174,ST10202VJ0072,concluida,CORRETIVA,,true,,Fri Apr 17 2026 00:00:00 GMT-0300 (Horário Padrão de Brasília),Fri Apr 17 2026 00:00:00 GMT-0300 (Horário Padrão de Brasília),1,100.00,,,,Sat Jun 13 2026 23:09:34 GMT-0300 (Horário Padrão de Brasília),
1158,03-0175,ST10202VJ0071,concluida,CORRETIVA,,true,,Fri Apr 17 2026 00:00:00 GMT-0300 (Horário Padrão de Brasília),Fri Apr 17 2026 00:00:00 GMT-0300 (Horário Padrão de Brasília),1,100.00,,,,Sat Jun 13 2026 23:09:34 GMT-0300 (Horário Padrão de Brasília),
1159,03-0176,ST10202VJ0070,concluida,CORRETIVA,,true,,Fri Apr 17 2026 00:00:00 GMT-0300 (Horário Padrão de Brasília),Fri Apr 17 2026 00:00:00 GMT-0300 (Horário Padrão de Brasília),1,100.00,,,,Sat Jun 13 2026 23:09:34 GMT-0300 (Horário Padrão de Brasília),
1160,03-0247,ST10303VJ0049,concluida,CORRETIVA,,true,,Fri Apr 17 2026 00:00:00 GMT-0300 (Horário Padrão de Brasília),Fri Apr 17 2026 00:00:00 GMT-0300 (Horário Padrão de Brasília),1,100.00,,,,Sat Jun 13 2026 23:09:34 GMT-0300 (Horário Padrão de Brasília),
1161,03-0282,ST10202VJ0073,concluida,CORRETIVA,,true,,Fri Apr 17 2026 00:00:00 GMT-0300 (Horário Padrão de Brasília),Fri Apr 17 2026 00:00:00 GMT-0300 (Horário Padrão de Brasília),1,100.00,,,,Sat Jun 13 2026 23:09:34 GMT-0300 (Horário Padrão de Brasília),
1162,03-0286,ST10202VJ0074,concluida,CORRETIVA,,true,,Fri Apr 17 2026 00:00:00 GMT-0300 (Horário Padrão de Brasília),Fri Apr 17 2026 00:00:00 GMT-0300 (Horário Padrão de Brasília),1,100.00,,,,Sat Jun 13 2026 23:09:34 GMT-0300 (Horário Padrão de Brasília),
1163,03-0054,JT10304VJ0040,concluida,PREVENTIVA,,true,,Sat Apr 18 2026 00:00:00 GMT-0300 (Horário Padrão de Brasília),Sat Apr 18 2026 00:00:00 GMT-0300 (Horário Padrão de Brasília),0.09,9.00,,,,Sat Jun 13 2026 23:09:34 GMT-0300 (Horário Padrão de Brasília),
1164,03-0104,JT10304VJ0045,concluida,PREVENTIVA,,true,,Sat Apr 18 2026 00:00:00 GMT-0300 (Horário Padrão de Brasília),Sat Apr 18 2026 00:00:00 GMT-0300 (Horário Padrão de Brasília),1,100.00,,,,Sat Jun 13 2026 23:09:34 GMT-0300 (Horário Padrão de Brasília),
1165,03-0160,JT10304VP0013,concluida,CORRETIVA,,true,,Sat Apr 18 2026 00:00:00 GMT-0300 (Horário Padrão de Brasília),Sat Apr 18 2026 00:00:00 GMT-0300 (Horário Padrão de Brasília),1,100.00,,,,Sat Jun 13 2026 23:09:34 GMT-0300 (Horário Padrão de Brasília),
1166,03-0162,JT10304VP0012,concluida,CORRETIVA,,true,,Sat Apr 18 2026 00:00:00 GMT-0300 (Horário Padrão de Brasília),Sat Apr 18 2026 00:00:00 GMT-0300 (Horário Padrão de Brasília),1,100.00,,,,Sat Jun 13 2026 23:09:34 GMT-0300 (Horário Padrão de Brasília),
1167,03-0199,MG10203VJ0068,concluida,CORRETIVA,,true,,Sat Apr 18 2026 00:00:00 GMT-0300 (Horário Padrão de Brasília),Sat Apr 18 2026 00:00:00 GMT-0300 (Horário Padrão de Brasília),1,100.00,,,,Sat Jun 13 2026 23:09:34 GMT-0300 (Horário Padrão de Brasília),
1168,03-0202,MG10203VP0037,concluida,CORRETIVA,,true,,Sat Apr 18 2026 00:00:00 GMT-0300 (Horário Padrão de Brasília),Sat Apr 18 2026 00:00:00 GMT-0300 (Horário Padrão de Brasília),1,100.00,,,,Sat Jun 13 2026 23:09:34 GMT-0300 (Horário Padrão de Brasília),
1169,03-0257,MG10203VP0034,concluida,CORRETIVA,,true,,Sat Apr 18 2026 00:00:00 GMT-0300 (Horário Padrão de Brasília),Sat Apr 18 2026 00:00:00 GMT-0300 (Horário Padrão de Brasília),1,100.00,,,,Sat Jun 13 2026 23:09:34 GMT-0300 (Horário Padrão de Brasília),
1170,03-0323,MG10304VJ0021,concluida,CORRETIVA,,true,,Sat Apr 18 2026 00:00:00 GMT-0300 (Horário Padrão de Brasília),Sat Apr 18 2026 00:00:00 GMT-0300 (Horário Padrão de Brasília),1,100.00,,,,Sat Jun 13 2026 23:09:34 GMT-0300 (Horário Padrão de Brasília),
1171,03-0205,ST10304VJ0058,concluida,CORRETIVA,,true,,Sat Apr 18 2026 00:00:00 GMT-0300 (Horário Padrão de Brasília),Sat Apr 18 2026 00:00:00 GMT-0300 (Horário Padrão de Brasília),1,100.00,,,,Sat Jun 13 2026 23:09:34 GMT-0300 (Horário Padrão de Brasília),
1172,03-0252,ST10304VJ0054,concluida,CORRETIVA,,true,,Sat Apr 18 2026 00:00:00 GMT-0300 (Horário Padrão de Brasília),Sat Apr 18 2026 00:00:00 GMT-0300 (Horário Padrão de Brasília),1,100.00,,,,Sat Jun 13 2026 23:09:34 GMT-0300 (Horário Padrão de Brasília),
1173,03-0262,ST10203VJ0075,concluida,CORRETIVA,,true,,Sat Apr 18 2026 00:00:00 GMT-0300 (Horário Padrão de Brasília),Sat Apr 18 2026 00:00:00 GMT-0300 (Horário Padrão de Brasília),1,100.00,,,,Sat Jun 13 2026 23:09:34 GMT-0300 (Horário Padrão de Brasília),
1174,03-0264,ST10203VJ0076,concluida,CORRETIVA,,true,,Sat Apr 18 2026 00:00:00 GMT-0300 (Horário Padrão de Brasília),Sat Apr 18 2026 00:00:00 GMT-0300 (Horário Padrão de Brasília),1,100.00,,,,Sat Jun 13 2026 23:09:34 GMT-0300 (Horário Padrão de Brasília),
1175,03-0298,ST10304VJ0057,concluida,CORRETIVA,,true,,Sat Apr 18 2026 00:00:00 GMT-0300 (Horário Padrão de Brasília),Sat Apr 18 2026 00:00:00 GMT-0300 (Horário Padrão de Brasília),1,100.00,,,,Sat Jun 13 2026 23:09:34 GMT-0300 (Horário Padrão de Brasília),
1176,03-0326,ST10304VJ0062,concluida,CORRETIVA,,true,,Sat Apr 18 2026 00:00:00 GMT-0300 (Horário Padrão de Brasília),Sat Apr 18 2026 00:00:00 GMT-0300 (Horário Padrão de Brasília),1,100.00,,,,Sat Jun 13 2026 23:09:34 GMT-0300 (Horário Padrão de Brasília),
1177,03-0125,CV10304VJ0028,concluida,CORRETIVA,,true,,Sat Apr 18 2026 00:00:00 GMT-0300 (Horário Padrão de Brasília),Sat Apr 18 2026 00:00:00 GMT-0300 (Horário Padrão de Brasília),1,100.00,,,,Sat Jun 13 2026 23:09:34 GMT-0300 (Horário Padrão de Brasília),
1178,03-0062,CV10304VJ0024,concluida,CORRETIVA,,true,,Sat Apr 18 2026 00:00:00 GMT-0300 (Horário Padrão de Brasília),Sat Apr 18 2026 00:00:00 GMT-0300 (Horário Padrão de Brasília),1,100.00,,,,Sat Jun 13 2026 23:09:34 GMT-0300 (Horário Padrão de Brasília),
1179,03-0235,MG10202VJ0043,concluida,CORRETIVA,,true,,Mon Apr 20 2026 00:00:00 GMT-0300 (Horário Padrão de Brasília),Mon Apr 20 2026 00:00:00 GMT-0300 (Horário Padrão de Brasília),1,100.00,,,,Sat Jun 13 2026 23:09:34 GMT-0300 (Horário Padrão de Brasília),
1180,03-0242,MG10202VJ0045,concluida,CORRETIVA,,true,,Mon Apr 20 2026 00:00:00 GMT-0300 (Horário Padrão de Brasília),Mon Apr 20 2026 00:00:00 GMT-0300 (Horário Padrão de Brasília),1,100.00,,,,Sat Jun 13 2026 23:09:34 GMT-0300 (Horário Padrão de Brasília),
1181,03-0153,JT10101VP0002/03,concluida,CORRETIVA,,true,,Mon Apr 20 2026 00:00:00 GMT-0300 (Horário Padrão de Brasília),Mon Apr 20 2026 00:00:00 GMT-0300 (Horário Padrão de Brasília),1,100.00,,,,Sat Jun 13 2026 23:09:34 GMT-0300 (Horário Padrão de Brasília),
1182,03-0161,JT10101VP0001,concluida,CORRETIVA,,true,,Mon Apr 20 2026 00:00:00 GMT-0300 (Horário Padrão de Brasília),Mon Apr 20 2026 00:00:00 GMT-0300 (Horário Padrão de Brasília),1,100.00,,,,Sat Jun 13 2026 23:09:34 GMT-0300 (Horário Padrão de Brasília),
1183,03-0059,JT20102VJ0003,concluida,CORRETIVA,,true,,Mon Apr 20 2026 00:00:00 GMT-0300 (Horário Padrão de Brasília),Mon Apr 20 2026 00:00:00 GMT-0300 (Horário Padrão de Brasília),1,100.00,,,,Sat Jun 13 2026 23:09:34 GMT-0300 (Horário Padrão de Brasília),
1184,03-0110,JT10302VJ0014,concluida,CORRETIVA,,false,,Mon Apr 20 2026 00:00:00 GMT-0300 (Horário Padrão de Brasília),Fri Apr 17 2026 00:00:00 GMT-0300 (Horário Padrão de Brasília),,,,,,Sat Jun 13 2026 23:09:34 GMT-0300 (Horário Padrão de Brasília),
1185,03-0117,JT10302VJ0013,concluida,PREVENTIVA,,true,,Mon Apr 20 2026 00:00:00 GMT-0300 (Horário Padrão de Brasília),Mon Apr 20 2026 00:00:00 GMT-0300 (Horário Padrão de Brasília),0.69,69.00,,,,Sat Jun 13 2026 23:09:34 GMT-0300 (Horário Padrão de Brasília),
1186,03-0156,JT10302VP0004/05,concluida,CORRETIVA,,true,,Mon Apr 20 2026 00:00:00 GMT-0300 (Horário Padrão de Brasília),Mon Apr 20 2026 00:00:00 GMT-0300 (Horário Padrão de Brasília),1,100.00,,,,Sat Jun 13 2026 23:09:34 GMT-0300 (Horário Padrão de Brasília),
1187,03-0304,JT10302VP0006/07,concluida,CORRETIVA,,true,,Mon Apr 20 2026 00:00:00 GMT-0300 (Horário Padrão de Brasília),Mon Apr 20 2026 00:00:00 GMT-0300 (Horário Padrão de Brasília),1,100.00,,,,Sat Jun 13 2026 23:09:34 GMT-0300 (Horário Padrão de Brasília),
1188,03-0082,CV10202VJ0029,concluida,PREVENTIVA,,true,,Mon Apr 20 2026 00:00:00 GMT-0300 (Horário Padrão de Brasília),Mon Apr 20 2026 00:00:00 GMT-0300 (Horário Padrão de Brasília),0.49,49.00,,,,Sat Jun 13 2026 23:09:34 GMT-0300 (Horário Padrão de Brasília),
1189,03-0105,CV10302VJ0015,concluida,CORRETIVA,,true,,Mon Apr 20 2026 00:00:00 GMT-0300 (Horário Padrão de Brasília),Mon Apr 20 2026 00:00:00 GMT-0300 (Horário Padrão de Brasília),0.19,19.00,,,,Sat Jun 13 2026 23:09:34 GMT-0300 (Horário Padrão de Brasília),
1190,03-0102,CV10101VJ0009,concluida,CORRETIVA,,true,,Mon Apr 20 2026 00:00:00 GMT-0300 (Horário Padrão de Brasília),Mon Apr 20 2026 00:00:00 GMT-0300 (Horário Padrão de Brasília),0.69,69.00,,,,Sat Jun 13 2026 23:09:34 GMT-0300 (Horário Padrão de Brasília),
1191,03-0168,ST10302VJ0029,concluida,CORRETIVA,,true,,Mon Apr 20 2026 00:00:00 GMT-0300 (Horário Padrão de Brasília),Mon Apr 20 2026 00:00:00 GMT-0300 (Horário Padrão de Brasília),1,100.00,,,,Sat Jun 13 2026 23:09:34 GMT-0300 (Horário Padrão de Brasília),
1192,03-0265,ST10302VJ0037,concluida,CORRETIVA,,true,,Mon Apr 20 2026 00:00:00 GMT-0300 (Horário Padrão de Brasília),Mon Apr 20 2026 00:00:00 GMT-0300 (Horário Padrão de Brasília),1,100.00,,,,Sat Jun 13 2026 23:09:34 GMT-0300 (Horário Padrão de Brasília),
1193,03-0266,ST10302VJ0036,concluida,CORRETIVA,,true,,Mon Apr 20 2026 00:00:00 GMT-0300 (Horário Padrão de Brasília),Mon Apr 20 2026 00:00:00 GMT-0300 (Horário Padrão de Brasília),1,100.00,,,,Sat Jun 13 2026 23:09:34 GMT-0300 (Horário Padrão de Brasília),
1194,03-0301,ST10102VL0002,concluida,CORRETIVA,,true,,Mon Apr 20 2026 00:00:00 GMT-0300 (Horário Padrão de Brasília),Mon Apr 20 2026 00:00:00 GMT-0300 (Horário Padrão de Brasília),1,100.00,,,,Sat Jun 13 2026 23:09:34 GMT-0300 (Horário Padrão de Brasília),
1195,03-0213,CV10101VP0004,concluida,CORRETIVA,,false,,Wed Apr 22 2026 00:00:00 GMT-0300 (Horário Padrão de Brasília),Thu Mar 19 2026 00:00:00 GMT-0300 (Horário Padrão de Brasília),,,,,,Sat Jun 13 2026 23:09:34 GMT-0300 (Horário Padrão de Brasília),
1196,03-0231,CV10101VP0006/07/08,concluida,CORRETIVA,,true,,Wed Apr 22 2026 00:00:00 GMT-0300 (Horário Padrão de Brasília),Wed Apr 22 2026 00:00:00 GMT-0300 (Horário Padrão de Brasília),1,100.00,,,,Sat Jun 13 2026 23:09:34 GMT-0300 (Horário Padrão de Brasília),
1197,03-0305,CV10101VP0005,concluida,CORRETIVA,,false,,Wed Apr 22 2026 00:00:00 GMT-0300 (Horário Padrão de Brasília),Mon Mar 23 2026 00:00:00 GMT-0300 (Horário Padrão de Brasília),,,,,,Sat Jun 13 2026 23:09:34 GMT-0300 (Horário Padrão de Brasília),
1198,03-0121,CV10202VJ0040,concluida,CORRETIVA,,true,,Wed Apr 22 2026 00:00:00 GMT-0300 (Horário Padrão de Brasília),Wed Apr 22 2026 00:00:00 GMT-0300 (Horário Padrão de Brasília),0.74,74.00,,,,Sat Jun 13 2026 23:09:34 GMT-0300 (Horário Padrão de Brasília),
1199,03-0115,CV10202VJ0037,concluida,CORRETIVA,,true,,Wed Apr 22 2026 00:00:00 GMT-0300 (Horário Padrão de Brasília),Wed Apr 22 2026 00:00:00 GMT-0300 (Horário Padrão de Brasília),1,100.00,,,,Sat Jun 13 2026 23:09:34 GMT-0300 (Horário Padrão de Brasília),
1200,03-0305,CV10202VP0011,concluida,CORRETIVA,,false,,Wed Apr 22 2026 00:00:00 GMT-0300 (Horário Padrão de Brasília),Wed Mar 25 2026 00:00:00 GMT-0300 (Horário Padrão de Brasília),,,,,,Sat Jun 13 2026 23:09:34 GMT-0300 (Horário Padrão de Brasília),
1201,03-0047,MG10101VJ0002,concluida,CORRETIVA,,true,,Thu Apr 23 2026 00:00:00 GMT-0300 (Horário Padrão de Brasília),Thu Apr 23 2026 00:00:00 GMT-0300 (Horário Padrão de Brasília),0.84,84.00,,,,Sat Jun 13 2026 23:09:34 GMT-0300 (Horário Padrão de Brasília),
1202,03-0069,MG10101VJ0004,concluida,CORRETIVA,,true,,Thu Apr 23 2026 00:00:00 GMT-0300 (Horário Padrão de Brasília),Thu Apr 23 2026 00:00:00 GMT-0300 (Horário Padrão de Brasília),0.83,83.00,,,,Sat Jun 13 2026 23:09:34 GMT-0300 (Horário Padrão de Brasília),
1203,03-0087,MG10101VJ0005,concluida,CORRETIVA,,false,,Thu Apr 23 2026 00:00:00 GMT-0300 (Horário Padrão de Brasília),Sun Apr 19 2026 00:00:00 GMT-0300 (Horário Padrão de Brasília),,,,,,Sat Jun 13 2026 23:09:34 GMT-0300 (Horário Padrão de Brasília),
1204,03-0021,MG10101VJ0008,concluida,PREVENTIVA,,true,,Thu Apr 23 2026 00:00:00 GMT-0300 (Horário Padrão de Brasília),Thu Apr 23 2026 00:00:00 GMT-0300 (Horário Padrão de Brasília),0.63,63.00,,,,Sat Jun 13 2026 23:09:34 GMT-0300 (Horário Padrão de Brasília),
1205,03-0017,MG10101VJ0012,concluida,CORRETIVA,,true,,Thu Apr 23 2026 00:00:00 GMT-0300 (Horário Padrão de Brasília),Thu Apr 23 2026 00:00:00 GMT-0300 (Horário Padrão de Brasília),0.94,94.00,,,,Sat Jun 13 2026 23:09:34 GMT-0300 (Horário Padrão de Brasília),
1206,03-0013,MG10101VJ0013,concluida,CORRETIVA,,true,,Thu Apr 23 2026 00:00:00 GMT-0300 (Horário Padrão de Brasília),Thu Apr 23 2026 00:00:00 GMT-0300 (Horário Padrão de Brasília),0.74,74.00,,,,Sat Jun 13 2026 23:09:34 GMT-0300 (Horário Padrão de Brasília),
1207,03-0172,MG10203VJ0047,concluida,CORRETIVA,,false,,Thu Apr 23 2026 00:00:00 GMT-0300 (Horário Padrão de Brasília),Thu Apr 16 2026 00:00:00 GMT-0300 (Horário Padrão de Brasília),,,,,,Sat Jun 13 2026 23:09:34 GMT-0300 (Horário Padrão de Brasília),
1208,03-0200,MG10203VJ0054,concluida,CORRETIVA,,true,,Thu Apr 23 2026 00:00:00 GMT-0300 (Horário Padrão de Brasília),Thu Apr 23 2026 00:00:00 GMT-0300 (Horário Padrão de Brasília),1,100.00,,,,Sat Jun 13 2026 23:09:34 GMT-0300 (Horário Padrão de Brasília),
1209,03-0325,MG10203VJ0056,concluida,CORRETIVA,,true,,Thu Apr 23 2026 00:00:00 GMT-0300 (Horário Padrão de Brasília),Thu Apr 23 2026 00:00:00 GMT-0300 (Horário Padrão de Brasília),1,100.00,,,,Sat Jun 13 2026 23:09:34 GMT-0300 (Horário Padrão de Brasília),
1210,03-0154,MG10203VJ0058,concluida,CORRETIVA,,true,,Thu Apr 23 2026 00:00:00 GMT-0300 (Horário Padrão de Brasília),Thu Apr 23 2026 00:00:00 GMT-0300 (Horário Padrão de Brasília),1,100.00,,,,Sat Jun 13 2026 23:09:34 GMT-0300 (Horário Padrão de Brasília),
1211,03-0216,MG10203VJ0060,concluida,CORRETIVA,,true,,Thu Apr 23 2026 00:00:00 GMT-0300 (Horário Padrão de Brasília),Thu Apr 23 2026 00:00:00 GMT-0300 (Horário Padrão de Brasília),1,100.00,,,,Sat Jun 13 2026 23:09:34 GMT-0300 (Horário Padrão de Brasília),
1212,03-0207,MG10302VJ0014,concluida,CORRETIVA,,true,,Thu Apr 23 2026 00:00:00 GMT-0300 (Horário Padrão de Brasília),Thu Apr 23 2026 00:00:00 GMT-0300 (Horário Padrão de Brasília),1,100.00,,,,Sat Jun 13 2026 23:09:34 GMT-0300 (Horário Padrão de Brasília),
1213,03-0284,ST10101VJ0004,concluida,CORRETIVA,,true,,Fri Apr 24 2026 00:00:00 GMT-0300 (Horário Padrão de Brasília),Fri Apr 24 2026 00:00:00 GMT-0300 (Horário Padrão de Brasília),1,100.00,,,,Sat Jun 13 2026 23:09:34 GMT-0300 (Horário Padrão de Brasília),
1214,03-0166,ST10303VJ0045,concluida,CORRETIVA,,true,,Fri Apr 24 2026 00:00:00 GMT-0300 (Horário Padrão de Brasília),Fri Apr 24 2026 00:00:00 GMT-0300 (Horário Padrão de Brasília),1,100.00,,,,Sat Jun 13 2026 23:09:34 GMT-0300 (Horário Padrão de Brasília),
1215,03-0177,ST10202VJ0069,concluida,CORRETIVA,,true,,Fri Apr 24 2026 00:00:00 GMT-0300 (Horário Padrão de Brasília),Fri Apr 24 2026 00:00:00 GMT-0300 (Horário Padrão de Brasília),1,100.00,,,,Sat Jun 13 2026 23:09:34 GMT-0300 (Horário Padrão de Brasília),
1216,03-0194,ST10303VJ0043,concluida,CORRETIVA,,true,,Fri Apr 24 2026 00:00:00 GMT-0300 (Horário Padrão de Brasília),Fri Apr 24 2026 00:00:00 GMT-0300 (Horário Padrão de Brasília),1,100.00,,,,Sat Jun 13 2026 23:09:34 GMT-0300 (Horário Padrão de Brasília),
1217,03-0246,ST10303VJ0050,concluida,CORRETIVA,,true,,Fri Apr 24 2026 00:00:00 GMT-0300 (Horário Padrão de Brasília),Fri Apr 24 2026 00:00:00 GMT-0300 (Horário Padrão de Brasília),1,100.00,,,,Sat Jun 13 2026 23:09:34 GMT-0300 (Horário Padrão de Brasília),
1218,03-0248,ST10303VJ0048,concluida,CORRETIVA,,true,,Fri Apr 24 2026 00:00:00 GMT-0300 (Horário Padrão de Brasília),Fri Apr 24 2026 00:00:00 GMT-0300 (Horário Padrão de Brasília),1,100.00,,,,Sat Jun 13 2026 23:09:34 GMT-0300 (Horário Padrão de Brasília),
1219,03-0281,ST10303VJ0047,concluida,CORRETIVA,,false,,Fri Apr 24 2026 00:00:00 GMT-0300 (Horário Padrão de Brasília),Tue Mar 24 2026 00:00:00 GMT-0300 (Horário Padrão de Brasília),,,,,,Sat Jun 13 2026 23:09:34 GMT-0300 (Horário Padrão de Brasília),
1220,03-0287,ST10303VJ0041,concluida,CORRETIVA,,true,,Fri Apr 24 2026 00:00:00 GMT-0300 (Horário Padrão de Brasília),Fri Apr 24 2026 00:00:00 GMT-0300 (Horário Padrão de Brasília),1,100.00,,,,Sat Jun 13 2026 23:09:34 GMT-0300 (Horário Padrão de Brasília),
1221,03-0289,ST10303VJ0040,concluida,CORRETIVA,,true,,Fri Apr 24 2026 00:00:00 GMT-0300 (Horário Padrão de Brasília),Fri Apr 24 2026 00:00:00 GMT-0300 (Horário Padrão de Brasília),1,100.00,,,,Sat Jun 13 2026 23:09:34 GMT-0300 (Horário Padrão de Brasília),
1222,03-0295,ST10101VJ0018,concluida,CORRETIVA,,true,,Fri Apr 24 2026 00:00:00 GMT-0300 (Horário Padrão de Brasília),Fri Apr 24 2026 00:00:00 GMT-0300 (Horário Padrão de Brasília),1,100.00,,,,Sat Jun 13 2026 23:09:34 GMT-0300 (Horário Padrão de Brasília),
1223,03-0313,ST10101VJ0016,concluida,CORRETIVA,,true,,Fri Apr 24 2026 00:00:00 GMT-0300 (Horário Padrão de Brasília),Fri Apr 24 2026 00:00:00 GMT-0300 (Horário Padrão de Brasília),1,100.00,,,,Sat Jun 13 2026 23:09:34 GMT-0300 (Horário Padrão de Brasília),
1224,03-0071,CV10203VJ0050,concluida,CORRETIVA,,true,,Sat Apr 25 2026 00:00:00 GMT-0300 (Horário Padrão de Brasília),Sat Apr 25 2026 00:00:00 GMT-0300 (Horário Padrão de Brasília),1,100.00,,,,Sat Jun 13 2026 23:09:34 GMT-0300 (Horário Padrão de Brasília),
1225,03-0100,CV10203VJ0054,concluida,CORRETIVA,,true,,Sat Apr 25 2026 00:00:00 GMT-0300 (Horário Padrão de Brasília),Sat Apr 25 2026 00:00:00 GMT-0300 (Horário Padrão de Brasília),1,100.00,,,,Sat Jun 13 2026 23:09:34 GMT-0300 (Horário Padrão de Brasília),
1226,03-0050,CV10203VJ0064,concluida,CORRETIVA,,true,,Sat Apr 25 2026 00:00:00 GMT-0300 (Horário Padrão de Brasília),Sat Apr 25 2026 00:00:00 GMT-0300 (Horário Padrão de Brasília),0.84,84.00,,,,Sat Jun 13 2026 23:09:34 GMT-0300 (Horário Padrão de Brasília),
1227,03-0011,CV10203VJ0051,concluida,CORRETIVA,,true,,Sat Apr 25 2026 00:00:00 GMT-0300 (Horário Padrão de Brasília),Sat Apr 25 2026 00:00:00 GMT-0300 (Horário Padrão de Brasília),0.76,76.00,,,,Sat Jun 13 2026 23:09:34 GMT-0300 (Horário Padrão de Brasília),
1228,03-0015,CV10203VJ0057,concluida,CORRETIVA,,true,,Sat Apr 25 2026 00:00:00 GMT-0300 (Horário Padrão de Brasília),Sat Apr 25 2026 00:00:00 GMT-0300 (Horário Padrão de Brasília),0.73,73.00,,,,Sat Jun 13 2026 23:09:34 GMT-0300 (Horário Padrão de Brasília),
1229,03-0034,CV10203VJ0059,concluida,PREVENTIVA,,true,,Sat Apr 25 2026 00:00:00 GMT-0300 (Horário Padrão de Brasília),Sat Apr 25 2026 00:00:00 GMT-0300 (Horário Padrão de Brasília),0.74,74.00,,,,Sat Jun 13 2026 23:09:34 GMT-0300 (Horário Padrão de Brasília),
1230,03-0066,CV10203VJ0048,concluida,CORRETIVA,,true,,Sat Apr 25 2026 00:00:00 GMT-0300 (Horário Padrão de Brasília),Sat Apr 25 2026 00:00:00 GMT-0300 (Horário Padrão de Brasília),0.99,99.00,,,,Sat Jun 13 2026 23:09:34 GMT-0300 (Horário Padrão de Brasília),
1231,03-0089,CV10203VJ0053,concluida,CORRETIVA,,true,,Sat Apr 25 2026 00:00:00 GMT-0300 (Horário Padrão de Brasília),Sat Apr 25 2026 00:00:00 GMT-0300 (Horário Padrão de Brasília),0.83,83.00,,,,Sat Jun 13 2026 23:09:34 GMT-0300 (Horário Padrão de Brasília),
1232,03-0099,CV10203VJ0060,concluida,CORRETIVA,,false,,Sat Apr 25 2026 00:00:00 GMT-0300 (Horário Padrão de Brasília),Thu Apr 23 2026 00:00:00 GMT-0300 (Horário Padrão de Brasília),,,,,,Sat Jun 13 2026 23:09:34 GMT-0300 (Horário Padrão de Brasília),
1233,03-0022,CV10203VJ0056,concluida,CORRETIVA,,false,,Sat Apr 25 2026 00:00:00 GMT-0300 (Horário Padrão de Brasília),Thu Apr 09 2026 00:00:00 GMT-0300 (Horário Padrão de Brasília),,,,,,Sat Jun 13 2026 23:09:34 GMT-0300 (Horário Padrão de Brasília),
1234,03-0255,ST20102VL0001,concluida,CORRETIVA,,true,,Sat Apr 25 2026 00:00:00 GMT-0300 (Horário Padrão de Brasília),Sat Apr 25 2026 00:00:00 GMT-0300 (Horário Padrão de Brasília),1,100.00,,,,Sat Jun 13 2026 23:09:34 GMT-0300 (Horário Padrão de Brasília),
1235,03-0170,MG10203VJ0063,concluida,CORRETIVA,,true,,Tue Apr 28 2026 00:00:00 GMT-0300 (Horário Padrão de Brasília),Tue Apr 28 2026 00:00:00 GMT-0300 (Horário Padrão de Brasília),1,100.00,,,,Sat Jun 13 2026 23:09:34 GMT-0300 (Horário Padrão de Brasília),
1236,03-0183,MG10203VJ0050,concluida,CORRETIVA,,true,,Tue Apr 28 2026 00:00:00 GMT-0300 (Horário Padrão de Brasília),Tue Apr 28 2026 00:00:00 GMT-0300 (Horário Padrão de Brasília),1,100.00,,,,Sat Jun 13 2026 23:09:34 GMT-0300 (Horário Padrão de Brasília),
1237,03-0184,MG10203VJ0057,concluida,CORRETIVA,,true,,Tue Apr 28 2026 00:00:00 GMT-0300 (Horário Padrão de Brasília),Tue Apr 28 2026 00:00:00 GMT-0300 (Horário Padrão de Brasília),1,100.00,,,,Sat Jun 13 2026 23:09:34 GMT-0300 (Horário Padrão de Brasília),
1238,03-0201,MG10203VJ0051,concluida,CORRETIVA,,true,,Tue Apr 28 2026 00:00:00 GMT-0300 (Horário Padrão de Brasília),Tue Apr 28 2026 00:00:00 GMT-0300 (Horário Padrão de Brasília),1,100.00,,,,Sat Jun 13 2026 23:09:34 GMT-0300 (Horário Padrão de Brasília),
1239,03-0209,MG10203VP0036,concluida,CORRETIVA,,true,,Tue Apr 28 2026 00:00:00 GMT-0300 (Horário Padrão de Brasília),Tue Apr 28 2026 00:00:00 GMT-0300 (Horário Padrão de Brasília),1,100.00,,,,Sat Jun 13 2026 23:09:34 GMT-0300 (Horário Padrão de Brasília),
1240,03-0210,MG10203VP0031,concluida,CORRETIVA,,true,,Tue Apr 28 2026 00:00:00 GMT-0300 (Horário Padrão de Brasília),Tue Apr 28 2026 00:00:00 GMT-0300 (Horário Padrão de Brasília),1,100.00,,,,Sat Jun 13 2026 23:09:34 GMT-0300 (Horário Padrão de Brasília),
1241,03-0215,MG10303VJ0018,concluida,CORRETIVA,,true,,Tue Apr 28 2026 00:00:00 GMT-0300 (Horário Padrão de Brasília),Tue Apr 28 2026 00:00:00 GMT-0300 (Horário Padrão de Brasília),1,100.00,,,,Sat Jun 13 2026 23:09:34 GMT-0300 (Horário Padrão de Brasília),
1242,03-0218,MG10303VJ0017,concluida,CORRETIVA,,true,,Tue Apr 28 2026 00:00:00 GMT-0300 (Horário Padrão de Brasília),Tue Apr 28 2026 00:00:00 GMT-0300 (Horário Padrão de Brasília),1,100.00,,,,Sat Jun 13 2026 23:09:34 GMT-0300 (Horário Padrão de Brasília),
1243,03-0221,MG10203VJ0062,concluida,CORRETIVA,,true,,Tue Apr 28 2026 00:00:00 GMT-0300 (Horário Padrão de Brasília),Tue Apr 28 2026 00:00:00 GMT-0300 (Horário Padrão de Brasília),1,100.00,,,,Sat Jun 13 2026 23:09:34 GMT-0300 (Horário Padrão de Brasília),
1244,03-0228,MG10203VP0035,concluida,CORRETIVA,,true,,Tue Apr 28 2026 00:00:00 GMT-0300 (Horário Padrão de Brasília),Tue Apr 28 2026 00:00:00 GMT-0300 (Horário Padrão de Brasília),1,100.00,,,,Sat Jun 13 2026 23:09:34 GMT-0300 (Horário Padrão de Brasília),
1245,03-0276,MG10203VJ0067,concluida,CORRETIVA,,true,,Tue Apr 28 2026 00:00:00 GMT-0300 (Horário Padrão de Brasília),Tue Apr 28 2026 00:00:00 GMT-0300 (Horário Padrão de Brasília),1,100.00,,,,Sat Jun 13 2026 23:09:34 GMT-0300 (Horário Padrão de Brasília),
1246,03-0097,CV10202VJ0035,concluida,PREVENTIVA,,true,,Wed Apr 29 2026 00:00:00 GMT-0300 (Horário Padrão de Brasília),Wed Apr 29 2026 00:00:00 GMT-0300 (Horário Padrão de Brasília),0.04,4.00,,,,Sat Jun 13 2026 23:09:34 GMT-0300 (Horário Padrão de Brasília),
1247,03-0114,CV10202VJ0043,concluida,CORRETIVA,,true,,Wed Apr 29 2026 00:00:00 GMT-0300 (Horário Padrão de Brasília),Wed Apr 29 2026 00:00:00 GMT-0300 (Horário Padrão de Brasília),0.81,81.00,,,,Sat Jun 13 2026 23:09:34 GMT-0300 (Horário Padrão de Brasília),
1248,03-0113,CV10202VJ0044,concluida,CORRETIVA,,false,,Wed Apr 29 2026 00:00:00 GMT-0300 (Horário Padrão de Brasília),Mon Apr 20 2026 00:00:00 GMT-0300 (Horário Padrão de Brasília),,,,,,Sat Jun 13 2026 23:09:34 GMT-0300 (Horário Padrão de Brasília),
1249,03-0108,CV10202VJ0042,concluida,CORRETIVA,,true,,Wed Apr 29 2026 00:00:00 GMT-0300 (Horário Padrão de Brasília),Wed Apr 29 2026 00:00:00 GMT-0300 (Horário Padrão de Brasília),0.99,99.00,,,,Sat Jun 13 2026 23:09:34 GMT-0300 (Horário Padrão de Brasília),
1250,03-0122,CV10202VJ0039,concluida,CORRETIVA,,true,,Wed Apr 29 2026 00:00:00 GMT-0300 (Horário Padrão de Brasília),Wed Apr 29 2026 00:00:00 GMT-0300 (Horário Padrão de Brasília),0.94,94.00,,,,Sat Jun 13 2026 23:09:34 GMT-0300 (Horário Padrão de Brasília),
1251,03-0107,CV10202VJ0046,concluida,CORRETIVA,,false,,Wed Apr 29 2026 00:00:00 GMT-0300 (Horário Padrão de Brasília),Wed Apr 15 2026 00:00:00 GMT-0300 (Horário Padrão de Brasília),,,,,,Sat Jun 13 2026 23:09:34 GMT-0300 (Horário Padrão de Brasília),
1252,03-0213,CV10101VP0004,concluida,CORRETIVA,,false,,Wed Apr 29 2026 00:00:00 GMT-0300 (Horário Padrão de Brasília),Thu Mar 19 2026 00:00:00 GMT-0300 (Horário Padrão de Brasília),,,,,,Sat Jun 13 2026 23:09:34 GMT-0300 (Horário Padrão de Brasília),
1253,03-0305,CV10202VP0011,concluida,CORRETIVA,,false,,Wed Apr 29 2026 00:00:00 GMT-0300 (Horário Padrão de Brasília),Wed Mar 25 2026 00:00:00 GMT-0300 (Horário Padrão de Brasília),,,,,,Sat Jun 13 2026 23:09:34 GMT-0300 (Horário Padrão de Brasília),
1254,03-0305,CV10101VP0005,concluida,CORRETIVA,,false,,Wed Apr 29 2026 00:00:00 GMT-0300 (Horário Padrão de Brasília),Mon Mar 23 2026 00:00:00 GMT-0300 (Horário Padrão de Brasília),,,,,,Sat Jun 13 2026 23:09:34 GMT-0300 (Horário Padrão de Brasília),
1255,03-0217,CV10101VP0001/02/03,concluida,CORRETIVA,,true,,Wed Apr 29 2026 00:00:00 GMT-0300 (Horário Padrão de Brasília),Wed Apr 29 2026 00:00:00 GMT-0300 (Horário Padrão de Brasília),1,100.00,,,,Sat Jun 13 2026 23:09:34 GMT-0300 (Horário Padrão de Brasília),
1256,03-0294,CV10202VP0012,concluida,CORRETIVA,,true,,Wed Apr 29 2026 00:00:00 GMT-0300 (Horário Padrão de Brasília),Wed Apr 29 2026 00:00:00 GMT-0300 (Horário Padrão de Brasília),1,100.00,,,,Sat Jun 13 2026 23:09:34 GMT-0300 (Horário Padrão de Brasília),
1257,03-0196,ST10101VJ0014,concluida,CORRETIVA,,false,,Thu Apr 30 2026 00:00:00 GMT-0300 (Horário Padrão de Brasília),Fri Apr 24 2026 00:00:00 GMT-0300 (Horário Padrão de Brasília),,,,,,Sat Jun 13 2026 23:09:34 GMT-0300 (Horário Padrão de Brasília),
1258,03-0273,ST10101VJ0005,concluida,CORRETIVA,,false,,Thu Apr 30 2026 00:00:00 GMT-0300 (Horário Padrão de Brasília),Mon Apr 13 2026 00:00:00 GMT-0300 (Horário Padrão de Brasília),,,,,,Sat Jun 13 2026 23:09:34 GMT-0300 (Horário Padrão de Brasília),
1259,03-0293,ST10101VJ0023,concluida,CORRETIVA,,true,,Thu Apr 30 2026 00:00:00 GMT-0300 (Horário Padrão de Brasília),Thu Apr 30 2026 00:00:00 GMT-0300 (Horário Padrão de Brasília),1,100.00,,,,Sat Jun 13 2026 23:09:34 GMT-0300 (Horário Padrão de Brasília),
1260,03-0302,ST10101VJ0006,concluida,CORRETIVA,,false,,Thu Apr 30 2026 00:00:00 GMT-0300 (Horário Padrão de Brasília),Thu Apr 23 2026 00:00:00 GMT-0300 (Horário Padrão de Brasília),,,,,,Sat Jun 13 2026 23:09:34 GMT-0300 (Horário Padrão de Brasília),
1261,03-0173,ST10302VJ0028,concluida,CORRETIVA,,true,,Thu Apr 30 2026 00:00:00 GMT-0300 (Horário Padrão de Brasília),Thu Apr 30 2026 00:00:00 GMT-0300 (Horário Padrão de Brasília),1,100.00,,,,Sat Jun 13 2026 23:09:34 GMT-0300 (Horário Padrão de Brasília),
1262,03-0195,ST10302VJ0033,concluida,CORRETIVA,,true,,Thu Apr 30 2026 00:00:00 GMT-0300 (Horário Padrão de Brasília),Thu Apr 30 2026 00:00:00 GMT-0300 (Horário Padrão de Brasília),1,100.00,,,,Sat Jun 13 2026 23:09:34 GMT-0300 (Horário Padrão de Brasília),
1263,03-0206,ST10302VJ0031,concluida,CORRETIVA,,true,,Thu Apr 30 2026 00:00:00 GMT-0300 (Horário Padrão de Brasília),Thu Apr 30 2026 00:00:00 GMT-0300 (Horário Padrão de Brasília),1,100.00,,,,Sat Jun 13 2026 23:09:34 GMT-0300 (Horário Padrão de Brasília),
1264,03-0227,ST10302VJ0038,concluida,CORRETIVA,,true,,Thu Apr 30 2026 00:00:00 GMT-0300 (Horário Padrão de Brasília),Thu Apr 30 2026 00:00:00 GMT-0300 (Horário Padrão de Brasília),1,100.00,,,,Sat Jun 13 2026 23:09:34 GMT-0300 (Horário Padrão de Brasília),
1265,03-0261,ST10302VJ0035,concluida,CORRETIVA,,true,,Thu Apr 30 2026 00:00:00 GMT-0300 (Horário Padrão de Brasília),Thu Apr 30 2026 00:00:00 GMT-0300 (Horário Padrão de Brasília),1,100.00,,,,Sat Jun 13 2026 23:09:34 GMT-0300 (Horário Padrão de Brasília),
1266,03-0275,ST10101VJ0021,concluida,CORRETIVA,,true,,Thu Apr 30 2026 00:00:00 GMT-0300 (Horário Padrão de Brasília),Thu Apr 30 2026 00:00:00 GMT-0300 (Horário Padrão de Brasília),1,100.00,,,,Sat Jun 13 2026 23:09:34 GMT-0300 (Horário Padrão de Brasília),
1267,03-0283,ST10302VJ0034,concluida,CORRETIVA,,true,,Thu Apr 30 2026 00:00:00 GMT-0300 (Horário Padrão de Brasília),Thu Apr 30 2026 00:00:00 GMT-0300 (Horário Padrão de Brasília),1,100.00,,,,Sat Jun 13 2026 23:09:34 GMT-0300 (Horário Padrão de Brasília),
1268,03-0144,ST10101VJ0019,concluida,CORRETIVA,,true,,Sat May 02 2026 00:00:00 GMT-0300 (Horário Padrão de Brasília),Sat May 02 2026 00:00:00 GMT-0300 (Horário Padrão de Brasília),1,100.00,,,,Sat Jun 13 2026 23:09:34 GMT-0300 (Horário Padrão de Brasília),
1269,03-0244,ST10101VJ0015,concluida,CORRETIVA,,true,,Sat May 02 2026 00:00:00 GMT-0300 (Horário Padrão de Brasília),Sat May 02 2026 00:00:00 GMT-0300 (Horário Padrão de Brasília),1,100.00,,,,Sat Jun 13 2026 23:09:34 GMT-0300 (Horário Padrão de Brasília),
1270,03-0148,ST10304VJ0067,concluida,CORRETIVA,,false,,Sat May 02 2026 00:00:00 GMT-0300 (Horário Padrão de Brasília),Sat Apr 11 2026 00:00:00 GMT-0300 (Horário Padrão de Brasília),,,,,,Sat Jun 13 2026 23:09:34 GMT-0300 (Horário Padrão de Brasília),
1271,03-0150,ST10304VJ0066,concluida,CORRETIVA,,true,,Sat May 02 2026 00:00:00 GMT-0300 (Horário Padrão de Brasília),Sat May 02 2026 00:00:00 GMT-0300 (Horário Padrão de Brasília),1,100.00,,,,Sat Jun 13 2026 23:09:34 GMT-0300 (Horário Padrão de Brasília),
1272,03-0189,ST10304VJ0061,concluida,CORRETIVA,,true,,Sat May 02 2026 00:00:00 GMT-0300 (Horário Padrão de Brasília),Sat May 02 2026 00:00:00 GMT-0300 (Horário Padrão de Brasília),1,100.00,,,,Sat Jun 13 2026 23:09:34 GMT-0300 (Horário Padrão de Brasília),
1273,03-0329,ST10304VJ0064,concluida,CORRETIVA,,true,,Sat May 02 2026 00:00:00 GMT-0300 (Horário Padrão de Brasília),Sat May 02 2026 00:00:00 GMT-0300 (Horário Padrão de Brasília),1,100.00,,,,Sat Jun 13 2026 23:09:34 GMT-0300 (Horário Padrão de Brasília),
1274,03-0253,ST10101VJ0022,concluida,CORRETIVA,,true,,Sat May 02 2026 00:00:00 GMT-0300 (Horário Padrão de Brasília),Sat May 02 2026 00:00:00 GMT-0300 (Horário Padrão de Brasília),1,100.00,,,,Sat Jun 13 2026 23:09:34 GMT-0300 (Horário Padrão de Brasília),
1275,03-0317,ST10304VJ0056,concluida,CORRETIVA,,true,,Sat May 02 2026 00:00:00 GMT-0300 (Horário Padrão de Brasília),Sat May 02 2026 00:00:00 GMT-0300 (Horário Padrão de Brasília),1,100.00,,,,Sat Jun 13 2026 23:09:34 GMT-0300 (Horário Padrão de Brasília),
1276,03-0322,ST10304VJ0063,concluida,CORRETIVA,,true,,Sat May 02 2026 00:00:00 GMT-0300 (Horário Padrão de Brasília),Sat May 02 2026 00:00:00 GMT-0300 (Horário Padrão de Brasília),1,100.00,,,,Sat Jun 13 2026 23:09:34 GMT-0300 (Horário Padrão de Brasília),
1277,03-0075,MG10101VJ0010,concluida,CORRETIVA,,true,,Mon May 04 2026 00:00:00 GMT-0300 (Horário Padrão de Brasília),Mon May 04 2026 00:00:00 GMT-0300 (Horário Padrão de Brasília),0.89,89.00,,,,Sat Jun 13 2026 23:09:34 GMT-0300 (Horário Padrão de Brasília),
1278,03-0072,MG10101VJ0011,concluida,CORRETIVA,,true,,Mon May 04 2026 00:00:00 GMT-0300 (Horário Padrão de Brasília),Mon May 04 2026 00:00:00 GMT-0300 (Horário Padrão de Brasília),0.96,96.00,,,,Sat Jun 13 2026 23:09:34 GMT-0300 (Horário Padrão de Brasília),
1279,03-0119,MG10101VJ0003,concluida,CORRETIVA,,true,,Mon May 04 2026 00:00:00 GMT-0300 (Horário Padrão de Brasília),Mon May 04 2026 00:00:00 GMT-0300 (Horário Padrão de Brasília),0.72,72.00,,,,Sat Jun 13 2026 23:09:34 GMT-0300 (Horário Padrão de Brasília),
1280,03-0147,MG10202VP0021,concluida,CORRETIVA,,true,,Mon May 04 2026 00:00:00 GMT-0300 (Horário Padrão de Brasília),Mon May 04 2026 00:00:00 GMT-0300 (Horário Padrão de Brasília),0.72,72.00,,,,Sat Jun 13 2026 23:09:34 GMT-0300 (Horário Padrão de Brasília),
1281,03-0163,MG10202VP0024,concluida,CORRETIVA,,true,,Mon May 04 2026 00:00:00 GMT-0300 (Horário Padrão de Brasília),Mon May 04 2026 00:00:00 GMT-0300 (Horário Padrão de Brasília),1,100.00,,,,Sat Jun 13 2026 23:09:34 GMT-0300 (Horário Padrão de Brasília),
1282,03-0241,MG10202VJ0046,concluida,CORRETIVA,,true,,Mon May 04 2026 00:00:00 GMT-0300 (Horário Padrão de Brasília),Mon May 04 2026 00:00:00 GMT-0300 (Horário Padrão de Brasília),1,100.00,,,,Sat Jun 13 2026 23:09:34 GMT-0300 (Horário Padrão de Brasília),
1283,03-0249,MG10202VJ0044,concluida,CORRETIVA,,true,,Mon May 04 2026 00:00:00 GMT-0300 (Horário Padrão de Brasília),Mon May 04 2026 00:00:00 GMT-0300 (Horário Padrão de Brasília),1,100.00,,,,Sat Jun 13 2026 23:09:34 GMT-0300 (Horário Padrão de Brasília),
1284,03-0279,MG10302VJ0016,concluida,CORRETIVA,,true,,Mon May 04 2026 00:00:00 GMT-0300 (Horário Padrão de Brasília),Mon May 04 2026 00:00:00 GMT-0300 (Horário Padrão de Brasília),1,100.00,,,,Sat Jun 13 2026 23:09:34 GMT-0300 (Horário Padrão de Brasília),
1285,03-0315,MG10202VJ0029,concluida,CORRETIVA,,true,,Mon May 04 2026 00:00:00 GMT-0300 (Horário Padrão de Brasília),Mon May 04 2026 00:00:00 GMT-0300 (Horário Padrão de Brasília),1,100.00,,,,Sat Jun 13 2026 23:09:34 GMT-0300 (Horário Padrão de Brasília),
1286,03-0133,JT10303VJ0031,concluida,CORRETIVA,,false,,Tue May 05 2026 00:00:00 GMT-0300 (Horário Padrão de Brasília),Fri Apr 10 2026 00:00:00 GMT-0300 (Horário Padrão de Brasília),,,,,,Sat Jun 13 2026 23:09:34 GMT-0300 (Horário Padrão de Brasília),
1287,03-0033,JT20102VJ0002,concluida,CORRETIVA,,false,,Tue May 05 2026 00:00:00 GMT-0300 (Horário Padrão de Brasília),Mon Mar 02 2026 00:00:00 GMT-0300 (Horário Padrão de Brasília),,,,,,Sat Jun 13 2026 23:09:34 GMT-0300 (Horário Padrão de Brasília),
1288,03-0063,JT10303VJ0028,concluida,CORRETIVA,,true,,Tue May 05 2026 00:00:00 GMT-0300 (Horário Padrão de Brasília),Tue May 05 2026 00:00:00 GMT-0300 (Horário Padrão de Brasília),1,100.00,,,,Sat Jun 13 2026 23:09:34 GMT-0300 (Horário Padrão de Brasília),
1289,03-0142,JT10303VJ0023,concluida,CORRETIVA,,true,,Tue May 05 2026 00:00:00 GMT-0300 (Horário Padrão de Brasília),Tue May 05 2026 00:00:00 GMT-0300 (Horário Padrão de Brasília),0.82,82.00,,,,Sat Jun 13 2026 23:09:34 GMT-0300 (Horário Padrão de Brasília),
1290,03-0103,JT20102VJ0001,concluida,CORRETIVA,,true,,Tue May 05 2026 00:00:00 GMT-0300 (Horário Padrão de Brasília),Tue May 05 2026 00:00:00 GMT-0300 (Horário Padrão de Brasília),0.84,84.00,,,,Sat Jun 13 2026 23:09:34 GMT-0300 (Horário Padrão de Brasília),
1291,03-0138,JT10102VJ0002,concluida,CORRETIVA,,true,,Tue May 05 2026 00:00:00 GMT-0300 (Horário Padrão de Brasília),Tue May 05 2026 00:00:00 GMT-0300 (Horário Padrão de Brasília),1,100.00,,,,Sat Jun 13 2026 23:09:34 GMT-0300 (Horário Padrão de Brasília),
1292,03-0046,JT10203VJ0055,concluida,CORRETIVA,,true,,Tue May 05 2026 00:00:00 GMT-0300 (Horário Padrão de Brasília),Tue May 05 2026 00:00:00 GMT-0300 (Horário Padrão de Brasília),0.74,74.00,,,,Sat Jun 13 2026 23:09:34 GMT-0300 (Horário Padrão de Brasília),
1293,03-0048,JT10303VJ0026,concluida,CORRETIVA,,true,,Tue May 05 2026 00:00:00 GMT-0300 (Horário Padrão de Brasília),Tue May 05 2026 00:00:00 GMT-0300 (Horário Padrão de Brasília),1,100.00,,,,Sat Jun 13 2026 23:09:34 GMT-0300 (Horário Padrão de Brasília),
1294,03-0159,JT10303VP0010/11,concluida,CORRETIVA,,true,,Tue May 05 2026 00:00:00 GMT-0300 (Horário Padrão de Brasília),Tue May 05 2026 00:00:00 GMT-0300 (Horário Padrão de Brasília),0.94,94.00,,,,Sat Jun 13 2026 23:09:34 GMT-0300 (Horário Padrão de Brasília),
1295,03-0165,JT10303VP0008/09,concluida,CORRETIVA,,true,,Tue May 05 2026 00:00:00 GMT-0300 (Horário Padrão de Brasília),Tue May 05 2026 00:00:00 GMT-0300 (Horário Padrão de Brasília),0,0.00,,,,Sat Jun 13 2026 23:09:34 GMT-0300 (Horário Padrão de Brasília),
1296,03-0006,MG10101VJ0006,concluida,CORRETIVA,,false,,Wed May 06 2026 00:00:00 GMT-0300 (Horário Padrão de Brasília),Sun Apr 19 2026 00:00:00 GMT-0300 (Horário Padrão de Brasília),,,,,,Sat Jun 13 2026 23:09:34 GMT-0300 (Horário Padrão de Brasília),
1297,03-0308,MG10202VJ0033,concluida,CORRETIVA,,false,,Wed May 06 2026 00:00:00 GMT-0300 (Horário Padrão de Brasília),Wed Apr 15 2026 00:00:00 GMT-0300 (Horário Padrão de Brasília),,,,,,Sat Jun 13 2026 23:09:34 GMT-0300 (Horário Padrão de Brasília),
1298,03-0240,MG10202VJ0031,concluida,CORRETIVA,,false,,Wed May 06 2026 00:00:00 GMT-0300 (Horário Padrão de Brasília),Sat Apr 18 2026 00:00:00 GMT-0300 (Horário Padrão de Brasília),,,,,,Sat Jun 13 2026 23:09:34 GMT-0300 (Horário Padrão de Brasília),
1299,03-0179,MG10202VJ0026,concluida,CORRETIVA,,false,,Wed May 06 2026 00:00:00 GMT-0300 (Horário Padrão de Brasília),Mon Apr 20 2026 00:00:00 GMT-0300 (Horário Padrão de Brasília),,,,,,Sat Jun 13 2026 23:09:34 GMT-0300 (Horário Padrão de Brasília),
1300,03-0239,MG10202VJ0030,concluida,CORRETIVA,,false,,Wed May 06 2026 00:00:00 GMT-0300 (Horário Padrão de Brasília),Mon Apr 20 2026 00:00:00 GMT-0300 (Horário Padrão de Brasília),,,,,,Sat Jun 13 2026 23:09:34 GMT-0300 (Horário Padrão de Brasília),
1301,03-0233,MG10202VJ0032,concluida,CORRETIVA,,false,,Wed May 06 2026 00:00:00 GMT-0300 (Horário Padrão de Brasília),Wed Apr 22 2026 00:00:00 GMT-0300 (Horário Padrão de Brasília),,,,,,Sat Jun 13 2026 23:09:34 GMT-0300 (Horário Padrão de Brasília),
1302,03-0290,MG10202VJ0027,concluida,PREVENTIVA,,true,,Wed May 06 2026 00:00:00 GMT-0300 (Horário Padrão de Brasília),Wed May 06 2026 00:00:00 GMT-0300 (Horário Padrão de Brasília),1,100.00,,,,Sat Jun 13 2026 23:09:34 GMT-0300 (Horário Padrão de Brasília),
1303,03-0180,MG10202VJ0037,concluida,PREVENTIVA,,true,,Wed May 06 2026 00:00:00 GMT-0300 (Horário Padrão de Brasília),Wed May 06 2026 00:00:00 GMT-0300 (Horário Padrão de Brasília),1,100.00,,,,Sat Jun 13 2026 23:09:34 GMT-0300 (Horário Padrão de Brasília),
1304,03-0331,MG10304VP0046/47/48/49,concluida,CORRETIVA,,true,,Wed May 06 2026 00:00:00 GMT-0300 (Horário Padrão de Brasília),Wed May 06 2026 00:00:00 GMT-0300 (Horário Padrão de Brasília),1,100.00,,,,Sat Jun 13 2026 23:09:34 GMT-0300 (Horário Padrão de Brasília),
1305,03-0318,MG10202VP0015/16,concluida,PREVENTIVA,,true,,Wed May 06 2026 00:00:00 GMT-0300 (Horário Padrão de Brasília),Wed May 06 2026 00:00:00 GMT-0300 (Horário Padrão de Brasília),1,100.00,,,,Sat Jun 13 2026 23:09:34 GMT-0300 (Horário Padrão de Brasília),
1306,03-0204,MG10202VP0001/02/03,concluida,CORRETIVA,,true,,Wed May 06 2026 00:00:00 GMT-0300 (Horário Padrão de Brasília),Wed May 06 2026 00:00:00 GMT-0300 (Horário Padrão de Brasília),1,100.00,,,,Sat Jun 13 2026 23:09:34 GMT-0300 (Horário Padrão de Brasília),
1307,03-0254,MG10202VP0006/07/08/09,concluida,CORRETIVA,,false,,Wed May 06 2026 00:00:00 GMT-0300 (Horário Padrão de Brasília),Wed Apr 29 2026 00:00:00 GMT-0300 (Horário Padrão de Brasília),,,,,,Sat Jun 13 2026 23:09:34 GMT-0300 (Horário Padrão de Brasília),
1308,03-0120,CV10101VJ0008,concluida,CORRETIVA,,false,,Thu May 07 2026 00:00:00 GMT-0300 (Horário Padrão de Brasília),Sun Apr 26 2026 00:00:00 GMT-0300 (Horário Padrão de Brasília),,,,,,Sat Jun 13 2026 23:09:34 GMT-0300 (Horário Padrão de Brasília),
1309,03-0057,CV10101VJ0005,concluida,CORRETIVA,,true,,Thu May 07 2026 00:00:00 GMT-0300 (Horário Padrão de Brasília),Thu May 07 2026 00:00:00 GMT-0300 (Horário Padrão de Brasília),1,100.00,,,,Sat Jun 13 2026 23:09:34 GMT-0300 (Horário Padrão de Brasília),
1310,03-0092,CV10302VJ0012,concluida,CORRETIVA,,true,,Thu May 07 2026 00:00:00 GMT-0300 (Horário Padrão de Brasília),Thu May 07 2026 00:00:00 GMT-0300 (Horário Padrão de Brasília),1,100.00,,,,Sat Jun 13 2026 23:09:34 GMT-0300 (Horário Padrão de Brasília),
1311,03-0036,CV10101VL0001,concluida,CORRETIVA,,true,,Thu May 07 2026 00:00:00 GMT-0300 (Horário Padrão de Brasília),Thu May 07 2026 00:00:00 GMT-0300 (Horário Padrão de Brasília),1,100.00,,,,Sat Jun 13 2026 23:09:34 GMT-0300 (Horário Padrão de Brasília),
1312,03-0130,CV10102VJ0010,concluida,CORRETIVA,,true,,Thu May 07 2026 00:00:00 GMT-0300 (Horário Padrão de Brasília),Thu May 07 2026 00:00:00 GMT-0300 (Horário Padrão de Brasília),1,100.00,,,,Sat Jun 13 2026 23:09:34 GMT-0300 (Horário Padrão de Brasília),
1313,03-0055,CV10101VJ0001,concluida,CORRETIVA,,true,,Thu May 07 2026 00:00:00 GMT-0300 (Horário Padrão de Brasília),Thu May 07 2026 00:00:00 GMT-0300 (Horário Padrão de Brasília),1,100.00,,,,Sat Jun 13 2026 23:09:34 GMT-0300 (Horário Padrão de Brasília),
1314,03-0134,CV10203VJ0049,concluida,CORRETIVA,,false,,Thu May 07 2026 00:00:00 GMT-0300 (Horário Padrão de Brasília),Tue Apr 28 2026 00:00:00 GMT-0300 (Horário Padrão de Brasília),,,,,,Sat Jun 13 2026 23:09:34 GMT-0300 (Horário Padrão de Brasília),
1315,03-0009,MG10101VJ0009,concluida,CORRETIVA,,true,,Fri May 08 2026 00:00:00 GMT-0300 (Horário Padrão de Brasília),Fri May 08 2026 00:00:00 GMT-0300 (Horário Padrão de Brasília),0.84,84.00,,,,Sat Jun 13 2026 23:09:34 GMT-0300 (Horário Padrão de Brasília),
1316,03-0308,MG10202VJ0033,concluida,CORRETIVA,,false,,Fri May 08 2026 00:00:00 GMT-0300 (Horário Padrão de Brasília),Wed Apr 15 2026 00:00:00 GMT-0300 (Horário Padrão de Brasília),,,,,,Sat Jun 13 2026 23:09:34 GMT-0300 (Horário Padrão de Brasília),
1317,03-0240,MG10202VJ0031,concluida,CORRETIVA,,false,,Fri May 08 2026 00:00:00 GMT-0300 (Horário Padrão de Brasília),Mon Apr 20 2026 00:00:00 GMT-0300 (Horário Padrão de Brasília),,,,,,Sat Jun 13 2026 23:09:34 GMT-0300 (Horário Padrão de Brasília),
1318,03-0179,MG10202VJ0026,concluida,CORRETIVA,,true,,Fri May 08 2026 00:00:00 GMT-0300 (Horário Padrão de Brasília),Fri May 08 2026 00:00:00 GMT-0300 (Horário Padrão de Brasília),1,100.00,,,,Sat Jun 13 2026 23:09:34 GMT-0300 (Horário Padrão de Brasília),
1319,03-0233,MG10202VJ0032,concluida,CORRETIVA,,false,,Fri May 08 2026 00:00:00 GMT-0300 (Horário Padrão de Brasília),Fri May 01 2026 00:00:00 GMT-0300 (Horário Padrão de Brasília),,,,,,Sat Jun 13 2026 23:09:34 GMT-0300 (Horário Padrão de Brasília),
1320,03-0236,MG10202VJ0042,concluida,CORRETIVA,,false,,Fri May 08 2026 00:00:00 GMT-0300 (Horário Padrão de Brasília),Wed Apr 22 2026 00:00:00 GMT-0300 (Horário Padrão de Brasília),,,,,,Sat Jun 13 2026 23:09:34 GMT-0300 (Horário Padrão de Brasília),
1321,03-0235,MG10202VJ0043,concluida,CORRETIVA,,false,,Fri May 08 2026 00:00:00 GMT-0300 (Horário Padrão de Brasília),Wed Apr 22 2026 00:00:00 GMT-0300 (Horário Padrão de Brasília),,,,,,Sat Jun 13 2026 23:09:34 GMT-0300 (Horário Padrão de Brasília),
1322,03-0214,MG10303VJ0019,concluida,CORRETIVA,,true,,Fri May 08 2026 00:00:00 GMT-0300 (Horário Padrão de Brasília),Fri May 08 2026 00:00:00 GMT-0300 (Horário Padrão de Brasília),0.84,84.00,,,,Sat Jun 13 2026 23:09:34 GMT-0300 (Horário Padrão de Brasília),
1323,03-0187,ST10303VJ0053,concluida,CORRETIVA,,true,,Fri May 08 2026 00:00:00 GMT-0300 (Horário Padrão de Brasília),Fri May 08 2026 00:00:00 GMT-0300 (Horário Padrão de Brasília),0.78,78.00,,,,Sat Jun 13 2026 23:09:34 GMT-0300 (Horário Padrão de Brasília),
1324,03-0232,ST10303VJ0042,concluida,CORRETIVA,,false,,Fri May 08 2026 00:00:00 GMT-0300 (Horário Padrão de Brasília),Mon Apr 20 2026 00:00:00 GMT-0300 (Horário Padrão de Brasília),,,,,,Sat Jun 13 2026 23:09:34 GMT-0300 (Horário Padrão de Brasília),
1325,03-0193,ST10101VJ0011,concluida,CORRETIVA,,true,,Sat May 09 2026 00:00:00 GMT-0300 (Horário Padrão de Brasília),Sat May 09 2026 00:00:00 GMT-0300 (Horário Padrão de Brasília),0.85,85.00,,,,Sat Jun 13 2026 23:09:34 GMT-0300 (Horário Padrão de Brasília),
1326,03-0245,ST10101VJ0012,concluida,CORRETIVA,,true,,Sat May 09 2026 00:00:00 GMT-0300 (Horário Padrão de Brasília),Sat May 09 2026 00:00:00 GMT-0300 (Horário Padrão de Brasília),0.67,67.00,,,,Sat Jun 13 2026 23:09:34 GMT-0300 (Horário Padrão de Brasília),
1327,03-0267,ST10101VJ0007,concluida,CORRETIVA,,false,,Sat May 09 2026 00:00:00 GMT-0300 (Horário Padrão de Brasília),Mon Apr 27 2026 00:00:00 GMT-0300 (Horário Padrão de Brasília),,,,,,Sat Jun 13 2026 23:09:34 GMT-0300 (Horário Padrão de Brasília),
1328,03-0270,ST10101VJ0009,concluida,CORRETIVA,,true,,Sat May 09 2026 00:00:00 GMT-0300 (Horário Padrão de Brasília),Sat May 09 2026 00:00:00 GMT-0300 (Horário Padrão de Brasília),0.74,74.00,,,,Sat Jun 13 2026 23:09:34 GMT-0300 (Horário Padrão de Brasília),
1329,03-0271,ST10101VJ0017,concluida,CORRETIVA,,true,,Sat May 09 2026 00:00:00 GMT-0300 (Horário Padrão de Brasília),Sat May 09 2026 00:00:00 GMT-0300 (Horário Padrão de Brasília),0.88,88.00,,,,Sat Jun 13 2026 23:09:34 GMT-0300 (Horário Padrão de Brasília),
1330,03-0277,ST10101VJ0020,concluida,CORRETIVA,,true,,Sat May 09 2026 00:00:00 GMT-0300 (Horário Padrão de Brasília),Sat May 09 2026 00:00:00 GMT-0300 (Horário Padrão de Brasília),0.78,78.00,,,,Sat Jun 13 2026 23:09:34 GMT-0300 (Horário Padrão de Brasília),
1331,03-0278,ST10101VJ0010,concluida,CORRETIVA,,false,,Sat May 09 2026 00:00:00 GMT-0300 (Horário Padrão de Brasília),Sat Apr 25 2026 00:00:00 GMT-0300 (Horário Padrão de Brasília),,,,,,Sat Jun 13 2026 23:09:34 GMT-0300 (Horário Padrão de Brasília),
1332,03-0288,ST10101VJ0002,concluida,CORRETIVA,,true,,Sat May 09 2026 00:00:00 GMT-0300 (Horário Padrão de Brasília),Sat May 09 2026 00:00:00 GMT-0300 (Horário Padrão de Brasília),0.74,74.00,,,,Sat Jun 13 2026 23:09:34 GMT-0300 (Horário Padrão de Brasília),
1333,03-0303,ST10101VJ0003,concluida,CORRETIVA,,true,,Sat May 09 2026 00:00:00 GMT-0300 (Horário Padrão de Brasília),Sat May 09 2026 00:00:00 GMT-0300 (Horário Padrão de Brasília),0.69,69.00,,,,Sat Jun 13 2026 23:09:34 GMT-0300 (Horário Padrão de Brasília),
1334,03-0136,CV10202VJ0031,concluida,CORRETIVA,,true,,Mon May 11 2026 00:00:00 GMT-0300 (Horário Padrão de Brasília),Mon May 11 2026 00:00:00 GMT-0300 (Horário Padrão de Brasília),0.98,98.00,,,,Sat Jun 13 2026 23:09:34 GMT-0300 (Horário Padrão de Brasília),
1335,03-0038,CV10202VJ0030,concluida,CORRETIVA,,true,,Mon May 11 2026 00:00:00 GMT-0300 (Horário Padrão de Brasília),Mon May 11 2026 00:00:00 GMT-0300 (Horário Padrão de Brasília),0.83,83.00,,,,Sat Jun 13 2026 23:09:34 GMT-0300 (Horário Padrão de Brasília),
1336,03-0065,CV10302VJ0013,concluida,CORRETIVA,,false,,Mon May 11 2026 00:00:00 GMT-0300 (Horário Padrão de Brasília),Mon Mar 16 2026 00:00:00 GMT-0300 (Horário Padrão de Brasília),,,,,,Sat Jun 13 2026 23:09:34 GMT-0300 (Horário Padrão de Brasília),
1337,03-0077,CV10202VJ0034,concluida,CORRETIVA,,true,,Mon May 11 2026 00:00:00 GMT-0300 (Horário Padrão de Brasília),Mon May 11 2026 00:00:00 GMT-0300 (Horário Padrão de Brasília),0.87,87.00,,,,Sat Jun 13 2026 23:09:34 GMT-0300 (Horário Padrão de Brasília),
1338,03-0106,CV10101VL0002,concluida,CORRETIVA,,true,,Mon May 11 2026 00:00:00 GMT-0300 (Horário Padrão de Brasília),Mon May 11 2026 00:00:00 GMT-0300 (Horário Padrão de Brasília),0.85,85.00,,,,Sat Jun 13 2026 23:09:34 GMT-0300 (Horário Padrão de Brasília),
1339,03-0085,CV10202VJ0036,concluida,CORRETIVA,,true,,Mon May 11 2026 00:00:00 GMT-0300 (Horário Padrão de Brasília),Mon May 11 2026 00:00:00 GMT-0300 (Horário Padrão de Brasília),0.83,83.00,,,,Sat Jun 13 2026 23:09:34 GMT-0300 (Horário Padrão de Brasília),
1340,03-0060,CV10101VJ0002,concluida,CORRETIVA,,true,,Mon May 11 2026 00:00:00 GMT-0300 (Horário Padrão de Brasília),Mon May 11 2026 00:00:00 GMT-0300 (Horário Padrão de Brasília),0.84,84.00,,,,Sat Jun 13 2026 23:09:34 GMT-0300 (Horário Padrão de Brasília),
1341,03-0064,CV10101VJ0003,concluida,CORRETIVA,,true,,Mon May 11 2026 00:00:00 GMT-0300 (Horário Padrão de Brasília),Mon May 11 2026 00:00:00 GMT-0300 (Horário Padrão de Brasília),0.74,74.00,,,,Sat Jun 13 2026 23:09:34 GMT-0300 (Horário Padrão de Brasília),
1342,03-0073,CV10303VJ0017,concluida,CORRETIVA,,false,,Tue May 12 2026 00:00:00 GMT-0300 (Horário Padrão de Brasília),Tue Mar 10 2026 00:00:00 GMT-0300 (Horário Padrão de Brasília),,,,,,Sat Jun 13 2026 23:09:34 GMT-0300 (Horário Padrão de Brasília),
1343,03-0131,CV10303VJ0020,concluida,CORRETIVA,,true,,Tue May 12 2026 00:00:00 GMT-0300 (Horário Padrão de Brasília),Tue May 12 2026 00:00:00 GMT-0300 (Horário Padrão de Brasília),0.89,89.00,,,,Sat Jun 13 2026 23:09:34 GMT-0300 (Horário Padrão de Brasília),
1344,03-0035,CV10203VJ0061,concluida,CORRETIVA,,true,,Tue May 12 2026 00:00:00 GMT-0300 (Horário Padrão de Brasília),Tue May 12 2026 00:00:00 GMT-0300 (Horário Padrão de Brasília),0.83,83.00,,,,Sat Jun 13 2026 23:09:34 GMT-0300 (Horário Padrão de Brasília),
1345,03-0012,CV10203VJ0052,concluida,CORRETIVA,,true,,Tue May 12 2026 00:00:00 GMT-0300 (Horário Padrão de Brasília),Tue May 12 2026 00:00:00 GMT-0300 (Horário Padrão de Brasília),0.74,74.00,,,,Sat Jun 13 2026 23:09:34 GMT-0300 (Horário Padrão de Brasília),
1346,03-0029,CV10203VJ0055,concluida,CORRETIVA,,true,,Tue May 12 2026 00:00:00 GMT-0300 (Horário Padrão de Brasília),Tue May 12 2026 00:00:00 GMT-0300 (Horário Padrão de Brasília),0.93,93.00,,,,Sat Jun 13 2026 23:09:34 GMT-0300 (Horário Padrão de Brasília),
1347,03-0083,CV10203VJ0063,concluida,CORRETIVA,,true,,Tue May 12 2026 00:00:00 GMT-0300 (Horário Padrão de Brasília),Tue May 12 2026 00:00:00 GMT-0300 (Horário Padrão de Brasília),0.94,94.00,,,,Sat Jun 13 2026 23:09:34 GMT-0300 (Horário Padrão de Brasília),
1348,03-0061,CV10303VJ0019,concluida,CORRETIVA,,true,,Tue May 12 2026 00:00:00 GMT-0300 (Horário Padrão de Brasília),Tue May 12 2026 00:00:00 GMT-0300 (Horário Padrão de Brasília),0.83,83.00,,,,Sat Jun 13 2026 23:09:34 GMT-0300 (Horário Padrão de Brasília),
1349,03-0131,CV10303VJ0020,concluida,CORRETIVA,,true,,Tue May 12 2026 00:00:00 GMT-0300 (Horário Padrão de Brasília),Tue May 12 2026 00:00:00 GMT-0300 (Horário Padrão de Brasília),0.89,89.00,,,,Sat Jun 13 2026 23:09:34 GMT-0300 (Horário Padrão de Brasília),
1350,03-0067,CV10303VJ0021,concluida,CORRETIVA,,true,,Tue May 12 2026 00:00:00 GMT-0300 (Horário Padrão de Brasília),Tue May 12 2026 00:00:00 GMT-0300 (Horário Padrão de Brasília),0.8,80.00,,,,Sat Jun 13 2026 23:09:34 GMT-0300 (Horário Padrão de Brasília),
1351,03-0116,CV10303VJ0022,concluida,CORRETIVA,,false,,Tue May 12 2026 00:00:00 GMT-0300 (Horário Padrão de Brasília),Fri Apr 10 2026 00:00:00 GMT-0300 (Horário Padrão de Brasília),,,,,,Sat Jun 13 2026 23:09:34 GMT-0300 (Horário Padrão de Brasília),
1352,03-0044,CV10304VJ0023,concluida,CORRETIVA,,false,,Tue May 12 2026 00:00:00 GMT-0300 (Horário Padrão de Brasília),Sat Apr 11 2026 00:00:00 GMT-0300 (Horário Padrão de Brasília),,,,,,Sat Jun 13 2026 23:09:34 GMT-0300 (Horário Padrão de Brasília),
1353,03-0310,MG10101VL0002,concluida,CORRETIVA,,false,,Tue May 12 2026 00:00:00 GMT-0300 (Horário Padrão de Brasília),Wed Apr 29 2026 00:00:00 GMT-0300 (Horário Padrão de Brasília),,,,,,Sat Jun 13 2026 23:09:34 GMT-0300 (Horário Padrão de Brasília),
1354,03-0171,MG10203VJ0048,concluida,CORRETIVA,,true,,Tue May 12 2026 00:00:00 GMT-0300 (Horário Padrão de Brasília),Tue May 12 2026 00:00:00 GMT-0300 (Horário Padrão de Brasília),0.89,89.00,,,,Sat Jun 13 2026 23:09:34 GMT-0300 (Horário Padrão de Brasília),
1355,03-0190,MG10203VJ0069,concluida,CORRETIVA,,true,,Tue May 12 2026 00:00:00 GMT-0300 (Horário Padrão de Brasília),Tue May 12 2026 00:00:00 GMT-0300 (Horário Padrão de Brasília),0.83,83.00,,,,Sat Jun 13 2026 23:09:34 GMT-0300 (Horário Padrão de Brasília),
1356,03-0197,MG10203VJ0065,concluida,CORRETIVA,,true,,Tue May 12 2026 00:00:00 GMT-0300 (Horário Padrão de Brasília),Tue May 12 2026 00:00:00 GMT-0300 (Horário Padrão de Brasília),0.99,99.00,,,,Sat Jun 13 2026 23:09:34 GMT-0300 (Horário Padrão de Brasília),
1357,03-0124,MG10101VJ0001,concluida,CORRETIVA,,true,,Tue May 12 2026 00:00:00 GMT-0300 (Horário Padrão de Brasília),Tue May 12 2026 00:00:00 GMT-0300 (Horário Padrão de Brasília),0.55,55.00,,,,Sat Jun 13 2026 23:09:34 GMT-0300 (Horário Padrão de Brasília),
1358,03-0256,MG10203VJ0061,concluida,CORRETIVA,,true,,Tue May 12 2026 00:00:00 GMT-0300 (Horário Padrão de Brasília),Tue May 12 2026 00:00:00 GMT-0300 (Horário Padrão de Brasília),0.99,99.00,,,,Sat Jun 13 2026 23:09:34 GMT-0300 (Horário Padrão de Brasília),
1359,03-0146,MG10203VP0025,concluida,CORRETIVA,,false,,Tue May 12 2026 00:00:00 GMT-0300 (Horário Padrão de Brasília),Tue Mar 31 2026 00:00:00 GMT-0300 (Horário Padrão de Brasília),,,,,,Sat Jun 13 2026 23:09:34 GMT-0300 (Horário Padrão de Brasília),
1360,03-0149,MG10203VP0030,concluida,CORRETIVA,,true,,Tue May 12 2026 00:00:00 GMT-0300 (Horário Padrão de Brasília),Tue May 12 2026 00:00:00 GMT-0300 (Horário Padrão de Brasília),0.84,84.00,,,,Sat Jun 13 2026 23:09:34 GMT-0300 (Horário Padrão de Brasília),
1361,03-0155,MG10203VJ0053,concluida,CORRETIVA,,true,,Tue May 12 2026 00:00:00 GMT-0300 (Horário Padrão de Brasília),Tue May 12 2026 00:00:00 GMT-0300 (Horário Padrão de Brasília),0.91,91.00,,,,Sat Jun 13 2026 23:09:34 GMT-0300 (Horário Padrão de Brasília),
1362,03-0188,MG10203VJ0052,concluida,CORRETIVA,,true,,Tue May 12 2026 00:00:00 GMT-0300 (Horário Padrão de Brasília),Tue May 12 2026 00:00:00 GMT-0300 (Horário Padrão de Brasília),0.74,74.00,,,,Sat Jun 13 2026 23:09:34 GMT-0300 (Horário Padrão de Brasília),
1363,03-0010,CV10304VJ0027,concluida,CORRETIVA,,true,,Wed May 13 2026 00:00:00 GMT-0300 (Horário Padrão de Brasília),Wed May 13 2026 00:00:00 GMT-0300 (Horário Padrão de Brasília),0.94,94.00,,,,Sat Jun 13 2026 23:09:34 GMT-0300 (Horário Padrão de Brasília),
1364,03-0020,CV10304VJ0026,concluida,CORRETIVA,,true,,Wed May 13 2026 00:00:00 GMT-0300 (Horário Padrão de Brasília),Wed May 13 2026 00:00:00 GMT-0300 (Horário Padrão de Brasília),0.89,89.00,,,,Sat Jun 13 2026 23:09:34 GMT-0300 (Horário Padrão de Brasília),
1365,03-0003,CV10304VJ0025,concluida,CORRETIVA,,true,,Wed May 13 2026 00:00:00 GMT-0300 (Horário Padrão de Brasília),Wed May 13 2026 00:00:00 GMT-0300 (Horário Padrão de Brasília),1,100.00,,,,Sat Jun 13 2026 23:09:34 GMT-0300 (Horário Padrão de Brasília),
1366,03-0056,CV10202VJ0032,concluida,CORRETIVA,,true,,Wed May 13 2026 00:00:00 GMT-0300 (Horário Padrão de Brasília),Wed May 13 2026 00:00:00 GMT-0300 (Horário Padrão de Brasília),0.84,84.00,,,,Sat Jun 13 2026 23:09:34 GMT-0300 (Horário Padrão de Brasília),
1367,03-0062,CV10304VJ0024,concluida,CORRETIVA,,false,,Wed May 13 2026 00:00:00 GMT-0300 (Horário Padrão de Brasília),Fri May 01 2026 00:00:00 GMT-0300 (Horário Padrão de Brasília),,,,,,Sat Jun 13 2026 23:09:34 GMT-0300 (Horário Padrão de Brasília),
1368,03-0125,CV10304VJ0028,concluida,CORRETIVA,,true,,Wed May 13 2026 00:00:00 GMT-0300 (Horário Padrão de Brasília),Wed May 13 2026 00:00:00 GMT-0300 (Horário Padrão de Brasília),1,100.00,,,,Sat Jun 13 2026 23:09:34 GMT-0300 (Horário Padrão de Brasília),
1369,03-0082,CV10202VJ0029,concluida,CORRETIVA,,true,,Wed May 13 2026 00:00:00 GMT-0300 (Horário Padrão de Brasília),Wed May 13 2026 00:00:00 GMT-0300 (Horário Padrão de Brasília),0.8,80.00,,,,Sat Jun 13 2026 23:09:34 GMT-0300 (Horário Padrão de Brasília),
1370,03-0122,CV10202VJ0039,concluida,CORRETIVA,,false,,Wed May 13 2026 00:00:00 GMT-0300 (Horário Padrão de Brasília),Fri May 08 2026 00:00:00 GMT-0300 (Horário Padrão de Brasília),,,,,,Sat Jun 13 2026 23:09:34 GMT-0300 (Horário Padrão de Brasília),
1371,03-0108,CV10202VJ0042,concluida,CORRETIVA,,true,,Wed May 13 2026 00:00:00 GMT-0300 (Horário Padrão de Brasília),Wed May 13 2026 00:00:00 GMT-0300 (Horário Padrão de Brasília),0.89,89.00,,,,Sat Jun 13 2026 23:09:34 GMT-0300 (Horário Padrão de Brasília),
1372,03-0097,CV10202VJ0035,concluida,CORRETIVA,,true,,Wed May 13 2026 00:00:00 GMT-0300 (Horário Padrão de Brasília),Wed May 13 2026 00:00:00 GMT-0300 (Horário Padrão de Brasília),0.79,79.00,,,,Sat Jun 13 2026 23:09:34 GMT-0300 (Horário Padrão de Brasília),
1373,03-0251,MG10304VJ0020,concluida,CORRETIVA,,true,,Wed May 13 2026 00:00:00 GMT-0300 (Horário Padrão de Brasília),Wed May 13 2026 00:00:00 GMT-0300 (Horário Padrão de Brasília),0.84,84.00,,,,Sat Jun 13 2026 23:09:34 GMT-0300 (Horário Padrão de Brasília),
1374,03-0250,MG10202VJ0028,concluida,CORRETIVA,,false,,Wed May 13 2026 00:00:00 GMT-0300 (Horário Padrão de Brasília),Mon Apr 27 2026 00:00:00 GMT-0300 (Horário Padrão de Brasília),,,,,,Sat Jun 13 2026 23:09:34 GMT-0300 (Horário Padrão de Brasília),
1375,03-0312,MG10202VJ0024,concluida,CORRETIVA,,true,,Wed May 13 2026 00:00:00 GMT-0300 (Horário Padrão de Brasília),Wed May 13 2026 00:00:00 GMT-0300 (Horário Padrão de Brasília),0.84,84.00,,,,Sat Jun 13 2026 23:09:34 GMT-0300 (Horário Padrão de Brasília),
1376,03-0309,MG10202VJ0023,concluida,CORRETIVA,,true,,Wed May 13 2026 00:00:00 GMT-0300 (Horário Padrão de Brasília),Wed May 13 2026 00:00:00 GMT-0300 (Horário Padrão de Brasília),1,100.00,,,,Sat Jun 13 2026 23:09:34 GMT-0300 (Horário Padrão de Brasília),
1377,03-0181,MG10202VJ0025,concluida,CORRETIVA,,true,,Wed May 13 2026 00:00:00 GMT-0300 (Horário Padrão de Brasília),Wed May 13 2026 00:00:00 GMT-0300 (Horário Padrão de Brasília),1,100.00,,,,Sat Jun 13 2026 23:09:34 GMT-0300 (Horário Padrão de Brasília),
1378,03-0220,MG10304VJ0022,concluida,CORRETIVA,,false,,Wed May 13 2026 00:00:00 GMT-0300 (Horário Padrão de Brasília),Sat May 02 2026 00:00:00 GMT-0300 (Horário Padrão de Brasília),,,,,,Sat Jun 13 2026 23:09:34 GMT-0300 (Horário Padrão de Brasília),
1379,03-0327,MG10202VP0010/11/12,concluida,CORRETIVA,,false,,Wed May 13 2026 00:00:00 GMT-0300 (Horário Padrão de Brasília),Sat May 09 2026 00:00:00 GMT-0300 (Horário Padrão de Brasília),,,,,,Sat Jun 13 2026 23:09:34 GMT-0300 (Horário Padrão de Brasília),
1380,03-0164,MG10202VP0022/23,concluida,CORRETIVA,,true,,Wed May 13 2026 00:00:00 GMT-0300 (Horário Padrão de Brasília),Wed May 13 2026 00:00:00 GMT-0300 (Horário Padrão de Brasília),0.99,99.00,,,,Sat Jun 13 2026 23:09:34 GMT-0300 (Horário Padrão de Brasília),
1381,03-0330,MG10202VP0004/05,concluida,CORRETIVA,,false,,Wed May 13 2026 00:00:00 GMT-0300 (Horário Padrão de Brasília),Tue Apr 28 2026 00:00:00 GMT-0300 (Horário Padrão de Brasília),,,,,,Sat Jun 13 2026 23:09:34 GMT-0300 (Horário Padrão de Brasília),
1382,03-0323,MG10304VJ0021,concluida,CORRETIVA,,false,,Wed May 13 2026 00:00:00 GMT-0300 (Horário Padrão de Brasília),Mon May 11 2026 00:00:00 GMT-0300 (Horário Padrão de Brasília),,,,,,Sat Jun 13 2026 23:09:34 GMT-0300 (Horário Padrão de Brasília),
1383,03-0037,JT10302VJ0005,concluida,CORRETIVA,,true,,Thu May 14 2026 00:00:00 GMT-0300 (Horário Padrão de Brasília),Thu May 14 2026 00:00:00 GMT-0300 (Horário Padrão de Brasília),0.96,96.00,,,,Sat Jun 13 2026 23:09:34 GMT-0300 (Horário Padrão de Brasília),
1384,03-0052,JT10302VJ0006,concluida,CORRETIVA,,true,,Thu May 14 2026 00:00:00 GMT-0300 (Horário Padrão de Brasília),Thu May 14 2026 00:00:00 GMT-0300 (Horário Padrão de Brasília),0.79,79.00,,,,Sat Jun 13 2026 23:09:34 GMT-0300 (Horário Padrão de Brasília),
1385,03-0068,JT10302VJ0007,concluida,CORRETIVA,,true,,Thu May 14 2026 00:00:00 GMT-0300 (Horário Padrão de Brasília),Thu May 14 2026 00:00:00 GMT-0300 (Horário Padrão de Brasília),1,100.00,,,,Sat Jun 13 2026 23:09:34 GMT-0300 (Horário Padrão de Brasília),
1386,03-0074,JT10302VJ0008,concluida,CORRETIVA,,true,,Thu May 14 2026 00:00:00 GMT-0300 (Horário Padrão de Brasília),Thu May 14 2026 00:00:00 GMT-0300 (Horário Padrão de Brasília),0.89,89.00,,,,Sat Jun 13 2026 23:09:34 GMT-0300 (Horário Padrão de Brasília),
1387,03-0079,JT10302VJ0009,concluida,CORRETIVA,,true,,Thu May 14 2026 00:00:00 GMT-0300 (Horário Padrão de Brasília),Thu May 14 2026 00:00:00 GMT-0300 (Horário Padrão de Brasília),0.94,94.00,,,,Sat Jun 13 2026 23:09:34 GMT-0300 (Horário Padrão de Brasília),
1388,03-0018,JT10302VJ0010,concluida,CORRETIVA,,true,,Thu May 14 2026 00:00:00 GMT-0300 (Horário Padrão de Brasília),Thu May 14 2026 00:00:00 GMT-0300 (Horário Padrão de Brasília),0.94,94.00,,,,Sat Jun 13 2026 23:09:34 GMT-0300 (Horário Padrão de Brasília),
1389,03-0014,JT10302VJ0011,concluida,CORRETIVA,,true,,Thu May 14 2026 00:00:00 GMT-0300 (Horário Padrão de Brasília),Thu May 14 2026 00:00:00 GMT-0300 (Horário Padrão de Brasília),0.66,66.00,,,,Sat Jun 13 2026 23:09:34 GMT-0300 (Horário Padrão de Brasília),
1390,03-0123,JT10302VJ0012,concluida,CORRETIVA,,true,,Thu May 14 2026 00:00:00 GMT-0300 (Horário Padrão de Brasília),Thu May 14 2026 00:00:00 GMT-0300 (Horário Padrão de Brasília),0.79,79.00,,,,Sat Jun 13 2026 23:09:34 GMT-0300 (Horário Padrão de Brasília),
1391,03-0117,JT10302VJ0013,concluida,CORRETIVA,,true,,Thu May 14 2026 00:00:00 GMT-0300 (Horário Padrão de Brasília),Thu May 14 2026 00:00:00 GMT-0300 (Horário Padrão de Brasília),0.91,91.00,,,,Sat Jun 13 2026 23:09:34 GMT-0300 (Horário Padrão de Brasília),
1392,03-0110,JT10302VJ0014,concluida,CORRETIVA,,true,,Thu May 14 2026 00:00:00 GMT-0300 (Horário Padrão de Brasília),Thu May 14 2026 00:00:00 GMT-0300 (Horário Padrão de Brasília),0.98,98.00,,,,Sat Jun 13 2026 23:09:34 GMT-0300 (Horário Padrão de Brasília),
1393,03-0192,ST10302VJ0032,concluida,CORRETIVA,,true,,Thu May 14 2026 00:00:00 GMT-0300 (Horário Padrão de Brasília),Thu May 14 2026 00:00:00 GMT-0300 (Horário Padrão de Brasília),0.99,99.00,,,,Sat Jun 13 2026 23:09:34 GMT-0300 (Horário Padrão de Brasília),
1394,03-0222,ST10302VJ0025,concluida,CORRETIVA,,false,,Thu May 14 2026 00:00:00 GMT-0300 (Horário Padrão de Brasília),Thu Apr 23 2026 00:00:00 GMT-0300 (Horário Padrão de Brasília),,,,,,Sat Jun 13 2026 23:09:34 GMT-0300 (Horário Padrão de Brasília),
1395,03-0225,ST10302VJ0027,concluida,CORRETIVA,,true,,Thu May 14 2026 00:00:00 GMT-0300 (Horário Padrão de Brasília),Thu May 14 2026 00:00:00 GMT-0300 (Horário Padrão de Brasília),0.34,34.00,,,,Sat Jun 13 2026 23:09:34 GMT-0300 (Horário Padrão de Brasília),
1396,03-0291,ST10302VJ0024,concluida,CORRETIVA,,false,,Thu May 14 2026 00:00:00 GMT-0300 (Horário Padrão de Brasília),Mon Mar 30 2026 00:00:00 GMT-0300 (Horário Padrão de Brasília),,,,,,Sat Jun 13 2026 23:09:34 GMT-0300 (Horário Padrão de Brasília),
1397,03-0320,ST10302VJ0026,concluida,CORRETIVA,,false,,Thu May 14 2026 00:00:00 GMT-0300 (Horário Padrão de Brasília),Mon Apr 27 2026 00:00:00 GMT-0300 (Horário Padrão de Brasília),,,,,,Sat Jun 13 2026 23:09:34 GMT-0300 (Horário Padrão de Brasília),
1398,03-0168,ST10302VJ0029,concluida,CORRETIVA,,true,,Thu May 14 2026 00:00:00 GMT-0300 (Horário Padrão de Brasília),Thu May 14 2026 00:00:00 GMT-0300 (Horário Padrão de Brasília),0.99,99.00,,,,Sat Jun 13 2026 23:09:34 GMT-0300 (Horário Padrão de Brasília),
1399,03-0295,ST10101VJ0018,concluida,PREVENTIVA,,true,,Thu May 14 2026 00:00:00 GMT-0300 (Horário Padrão de Brasília),Thu May 14 2026 00:00:00 GMT-0300 (Horário Padrão de Brasília),0.94,94.00,,,,Sat Jun 13 2026 23:09:34 GMT-0300 (Horário Padrão de Brasília),
1400,03-0173,ST10302VJ0028,concluida,CORRETIVA,,true,,Thu May 14 2026 00:00:00 GMT-0300 (Horário Padrão de Brasília),Thu May 14 2026 00:00:00 GMT-0300 (Horário Padrão de Brasília),0.64,64.00,,,,Sat Jun 13 2026 23:09:34 GMT-0300 (Horário Padrão de Brasília),
1401,03-0283,ST10302VJ0034,concluida,CORRETIVA,,true,,Thu May 14 2026 00:00:00 GMT-0300 (Horário Padrão de Brasília),Thu May 14 2026 00:00:00 GMT-0300 (Horário Padrão de Brasília),0.89,89.00,,,,Sat Jun 13 2026 23:09:34 GMT-0300 (Horário Padrão de Brasília),
1402,03-0302,ST10101VJ0006,concluida,PREVENTIVA,,true,,Thu May 14 2026 00:00:00 GMT-0300 (Horário Padrão de Brasília),Thu May 14 2026 00:00:00 GMT-0300 (Horário Padrão de Brasília),0.9,90.00,,,,Sat Jun 13 2026 23:09:34 GMT-0300 (Horário Padrão de Brasília),
1403,03-0169,ST10302VJ0030,concluida,CORRETIVA,,true,,Thu May 14 2026 00:00:00 GMT-0300 (Horário Padrão de Brasília),Thu May 14 2026 00:00:00 GMT-0300 (Horário Padrão de Brasília),1,100.00,,,,Sat Jun 13 2026 23:09:34 GMT-0300 (Horário Padrão de Brasília),
1404,03-0132,CV10202VJ0038,concluida,PREVENTIVA,,true,,Fri May 15 2026 00:00:00 GMT-0300 (Horário Padrão de Brasília),Fri May 15 2026 00:00:00 GMT-0300 (Horário Padrão de Brasília),0.84,84.00,,,,Sat Jun 13 2026 23:09:34 GMT-0300 (Horário Padrão de Brasília),
1405,03-0129,CV10202VJ0041,concluida,CORRETIVA,,true,,Fri May 15 2026 00:00:00 GMT-0300 (Horário Padrão de Brasília),Fri May 15 2026 00:00:00 GMT-0300 (Horário Padrão de Brasília),0.94,94.00,,,,Sat Jun 13 2026 23:09:34 GMT-0300 (Horário Padrão de Brasília),
1406,03-0101,CV10101VJ0004,concluida,CORRETIVA,,true,,Fri May 15 2026 00:00:00 GMT-0300 (Horário Padrão de Brasília),Fri May 15 2026 00:00:00 GMT-0300 (Horário Padrão de Brasília),0.89,89.00,,,,Sat Jun 13 2026 23:09:34 GMT-0300 (Horário Padrão de Brasília),
1407,03-0090,JT10303VJ0032,concluida,CORRETIVA,,true,,Fri May 15 2026 00:00:00 GMT-0300 (Horário Padrão de Brasília),Fri May 15 2026 00:00:00 GMT-0300 (Horário Padrão de Brasília),0.74,74.00,,,,Sat Jun 13 2026 23:09:34 GMT-0300 (Horário Padrão de Brasília),
1408,03-0053,JT10303VJ0034,concluida,CORRETIVA,,true,,Fri May 15 2026 00:00:00 GMT-0300 (Horário Padrão de Brasília),Fri May 15 2026 00:00:00 GMT-0300 (Horário Padrão de Brasília),0.79,79.00,,,,Sat Jun 13 2026 23:09:34 GMT-0300 (Horário Padrão de Brasília),
1409,03-0026,JT10101VL0001,concluida,CORRETIVA,,true,,Fri May 15 2026 00:00:00 GMT-0300 (Horário Padrão de Brasília),Fri May 15 2026 00:00:00 GMT-0300 (Horário Padrão de Brasília),0.79,79.00,,,,Sat Jun 13 2026 23:09:34 GMT-0300 (Horário Padrão de Brasília),
1410,03-0042,JT10202VJ0056,concluida,CORRETIVA,,true,,Fri May 15 2026 00:00:00 GMT-0300 (Horário Padrão de Brasília),Fri May 15 2026 00:00:00 GMT-0300 (Horário Padrão de Brasília),0.94,94.00,,,,Sat Jun 13 2026 23:09:34 GMT-0300 (Horário Padrão de Brasília),
1411,03-0001,JT10303VJ0035,concluida,CORRETIVA,,true,,Fri May 15 2026 00:00:00 GMT-0300 (Horário Padrão de Brasília),Fri May 15 2026 00:00:00 GMT-0300 (Horário Padrão de Brasília),0.8,80.00,,,,Sat Jun 13 2026 23:09:34 GMT-0300 (Horário Padrão de Brasília),
1412,03-0008,JT10303VJ0036,concluida,CORRETIVA,,true,,Fri May 15 2026 00:00:00 GMT-0300 (Horário Padrão de Brasília),Fri May 15 2026 00:00:00 GMT-0300 (Horário Padrão de Brasília),1,100.00,,,,Sat Jun 13 2026 23:09:34 GMT-0300 (Horário Padrão de Brasília),
1413,03-0081,JT10303VJ0027,concluida,CORRETIVA,,false,,Fri May 15 2026 00:00:00 GMT-0300 (Horário Padrão de Brasília),Tue May 05 2026 00:00:00 GMT-0300 (Horário Padrão de Brasília),,,,,,Sat Jun 13 2026 23:09:34 GMT-0300 (Horário Padrão de Brasília),
1414,03-0094,JT10303VJ0024,concluida,CORRETIVA,,true,,Fri May 15 2026 00:00:00 GMT-0300 (Horário Padrão de Brasília),Fri May 15 2026 00:00:00 GMT-0300 (Horário Padrão de Brasília),0.88,88.00,,,,Sat Jun 13 2026 23:09:34 GMT-0300 (Horário Padrão de Brasília),
1415,03-0128,JT10303VJ0030,concluida,CORRETIVA,,true,,Fri May 15 2026 00:00:00 GMT-0300 (Horário Padrão de Brasília),Fri May 15 2026 00:00:00 GMT-0300 (Horário Padrão de Brasília),0.89,89.00,,,,Sat Jun 13 2026 23:09:34 GMT-0300 (Horário Padrão de Brasília),
1416,03-0096,CV10101VJ0007,concluida,CORRETIVA,,true,,Fri May 15 2026 00:00:00 GMT-0300 (Horário Padrão de Brasília),Fri May 15 2026 00:00:00 GMT-0300 (Horário Padrão de Brasília),0.85,85.00,,,,Sat Jun 13 2026 23:09:34 GMT-0300 (Horário Padrão de Brasília),
1417,03-0112,CV10101VJ0006,concluida,CORRETIVA,,true,,Fri May 15 2026 00:00:00 GMT-0300 (Horário Padrão de Brasília),Fri May 15 2026 00:00:00 GMT-0300 (Horário Padrão de Brasília),0.89,89.00,,,,Sat Jun 13 2026 23:09:34 GMT-0300 (Horário Padrão de Brasília),
1418,03-0102,CV10101VJ0009,concluida,CORRETIVA,,true,,Fri May 15 2026 00:00:00 GMT-0300 (Horário Padrão de Brasília),Fri May 15 2026 00:00:00 GMT-0300 (Horário Padrão de Brasília),0.94,94.00,,,,Sat Jun 13 2026 23:09:34 GMT-0300 (Horário Padrão de Brasília),
1419,03-0231,CV10101VP0006/07/08,concluida,CORRETIVA,,true,,Fri May 15 2026 00:00:00 GMT-0300 (Horário Padrão de Brasília),Fri May 15 2026 00:00:00 GMT-0300 (Horário Padrão de Brasília),1,100.00,,,,Sat Jun 13 2026 23:09:34 GMT-0300 (Horário Padrão de Brasília),
1420,03-0031,JT10304VJ0047,concluida,CORRETIVA,,true,,Sat May 16 2026 00:00:00 GMT-0300 (Horário Padrão de Brasília),Sat May 16 2026 00:00:00 GMT-0300 (Horário Padrão de Brasília),0.8,80.00,,,,Sat Jun 13 2026 23:09:34 GMT-0300 (Horário Padrão de Brasília),
1421,03-0051,JT10304VJ0041,concluida,CORRETIVA,,true,,Sat May 16 2026 00:00:00 GMT-0300 (Horário Padrão de Brasília),Sat May 16 2026 00:00:00 GMT-0300 (Horário Padrão de Brasília),0.79,79.00,,,,Sat Jun 13 2026 23:09:34 GMT-0300 (Horário Padrão de Brasília),
1422,03-0127,JT10304VJ0039,concluida,CORRETIVA,,true,,Sat May 16 2026 00:00:00 GMT-0300 (Horário Padrão de Brasília),Sat May 16 2026 00:00:00 GMT-0300 (Horário Padrão de Brasília),1,100.00,,,,Sat Jun 13 2026 23:09:34 GMT-0300 (Horário Padrão de Brasília),
1423,03-0019,JT10304VJ0049,concluida,CORRETIVA,,true,,Sat May 16 2026 00:00:00 GMT-0300 (Horário Padrão de Brasília),Sat May 16 2026 00:00:00 GMT-0300 (Horário Padrão de Brasília),0,0.00,,,,Sat Jun 13 2026 23:09:34 GMT-0300 (Horário Padrão de Brasília),
1424,03-0025,JT10304VJ0043,concluida,CORRETIVA,,true,,Sat May 16 2026 00:00:00 GMT-0300 (Horário Padrão de Brasília),Sat May 16 2026 00:00:00 GMT-0300 (Horário Padrão de Brasília),0.89,89.00,,,,Sat Jun 13 2026 23:09:34 GMT-0300 (Horário Padrão de Brasília),
1425,03-0004,JT10304VJ0059,concluida,CORRETIVA,,true,,Sat May 16 2026 00:00:00 GMT-0300 (Horário Padrão de Brasília),Sat May 16 2026 00:00:00 GMT-0300 (Horário Padrão de Brasília),0.89,89.00,,,,Sat Jun 13 2026 23:09:34 GMT-0300 (Horário Padrão de Brasília),
1426,03-0095,JT10304VJ0042,concluida,CORRETIVA,,true,,Sat May 16 2026 00:00:00 GMT-0300 (Horário Padrão de Brasília),Sat May 16 2026 00:00:00 GMT-0300 (Horário Padrão de Brasília),0.56,56.00,,,,Sat Jun 13 2026 23:09:34 GMT-0300 (Horário Padrão de Brasília),
1427,03-0027,JT10304VJ0052,concluida,CORRETIVA,,false,,Sat May 16 2026 00:00:00 GMT-0300 (Horário Padrão de Brasília),Mon May 11 2026 00:00:00 GMT-0300 (Horário Padrão de Brasília),,,,,,Sat Jun 13 2026 23:09:34 GMT-0300 (Horário Padrão de Brasília),
1428,03-0091,JT10304VJ0044,concluida,CORRETIVA,,false,,Sat May 16 2026 00:00:00 GMT-0300 (Horário Padrão de Brasília),Sat May 09 2026 00:00:00 GMT-0300 (Horário Padrão de Brasília),,,,,,Sat Jun 13 2026 23:09:34 GMT-0300 (Horário Padrão de Brasília),
1429,03-0040,JT10304VJ0037,concluida,CORRETIVA,,true,,Sat May 16 2026 00:00:00 GMT-0300 (Horário Padrão de Brasília),Sat May 16 2026 00:00:00 GMT-0300 (Horário Padrão de Brasília),0.74,74.00,,,,Sat Jun 13 2026 23:09:34 GMT-0300 (Horário Padrão de Brasília),
1430,03-0305,CV10101VP0005,concluida,CORRETIVA,,false,,Sat May 16 2026 00:00:00 GMT-0300 (Horário Padrão de Brasília),Tue May 12 2026 00:00:00 GMT-0300 (Horário Padrão de Brasília),,,,,,Sat Jun 13 2026 23:09:34 GMT-0300 (Horário Padrão de Brasília),
1431,03-0098,CV10203VJ0062,concluida,CORRETIVA,,true,,Sat May 16 2026 00:00:00 GMT-0300 (Horário Padrão de Brasília),Sat May 16 2026 00:00:00 GMT-0300 (Horário Padrão de Brasília),0.97,97.00,,,,Sat Jun 13 2026 23:09:34 GMT-0300 (Horário Padrão de Brasília),
1432,03-0039,CV10203VJ0047,concluida,CORRETIVA,,true,,Sat May 16 2026 00:00:00 GMT-0300 (Horário Padrão de Brasília),Sat May 16 2026 00:00:00 GMT-0300 (Horário Padrão de Brasília),0.84,84.00,,,,Sat Jun 13 2026 23:09:34 GMT-0300 (Horário Padrão de Brasília),
1433,03-0028,CV10203VJ0058,concluida,CORRETIVA,,true,,Sat May 16 2026 00:00:00 GMT-0300 (Horário Padrão de Brasília),Sat May 16 2026 00:00:00 GMT-0300 (Horário Padrão de Brasília),0.79,79.00,,,,Sat Jun 13 2026 23:09:34 GMT-0300 (Horário Padrão de Brasília),
1434,03-0022,CV10203VJ0056,concluida,CORRETIVA,,true,,Sat May 16 2026 00:00:00 GMT-0300 (Horário Padrão de Brasília),Sat May 16 2026 00:00:00 GMT-0300 (Horário Padrão de Brasília),0.74,74.00,,,,Sat Jun 13 2026 23:09:34 GMT-0300 (Horário Padrão de Brasília),
1435,03-0099,CV10203VJ0060,concluida,CORRETIVA,,true,,Sat May 16 2026 00:00:00 GMT-0300 (Horário Padrão de Brasília),Sat May 16 2026 00:00:00 GMT-0300 (Horário Padrão de Brasília),0.73,73.00,,,,Sat Jun 13 2026 23:09:34 GMT-0300 (Horário Padrão de Brasília),
1436,03-0237,CV10203VP0022,concluida,CORRETIVA,,true,,Sat May 16 2026 00:00:00 GMT-0300 (Horário Padrão de Brasília),Sat May 16 2026 00:00:00 GMT-0300 (Horário Padrão de Brasília),0.93,93.00,,,,Sat Jun 13 2026 23:09:34 GMT-0300 (Horário Padrão de Brasília),
1437,03-0306,CV10203VP0023,concluida,CORRETIVA,,true,,Sat May 16 2026 00:00:00 GMT-0300 (Horário Padrão de Brasília),Sat May 16 2026 00:00:00 GMT-0300 (Horário Padrão de Brasília),0.94,94.00,,,,Sat Jun 13 2026 23:09:34 GMT-0300 (Horário Padrão de Brasília),
1438,03-0145,CV10203VP0019,concluida,CORRETIVA,,true,,Sat May 16 2026 00:00:00 GMT-0300 (Horário Padrão de Brasília),Sat May 16 2026 00:00:00 GMT-0300 (Horário Padrão de Brasília),0.85,85.00,,,,Sat Jun 13 2026 23:09:34 GMT-0300 (Horário Padrão de Brasília),
1439,03-0023,JT10102VJ0003,concluida,CORRETIVA,,true,,Mon May 18 2026 00:00:00 GMT-0300 (Horário Padrão de Brasília),Mon May 18 2026 00:00:00 GMT-0300 (Horário Padrão de Brasília),0.84,84.00,,,,Sat Jun 13 2026 23:09:34 GMT-0300 (Horário Padrão de Brasília),
1440,03-0005,JT10202VJ0054,concluida,CORRETIVA,,true,,Mon May 18 2026 00:00:00 GMT-0300 (Horário Padrão de Brasília),Mon May 18 2026 00:00:00 GMT-0300 (Horário Padrão de Brasília),0.91,91.00,,,,Sat Jun 13 2026 23:09:34 GMT-0300 (Horário Padrão de Brasília),
1441,03-0141,JT10302VJ0018,concluida,CORRETIVA,,true,,Mon May 18 2026 00:00:00 GMT-0300 (Horário Padrão de Brasília),Mon May 18 2026 00:00:00 GMT-0300 (Horário Padrão de Brasília),0.84,84.00,,,,Sat Jun 13 2026 23:09:34 GMT-0300 (Horário Padrão de Brasília),
1442,03-0076,JT10302VJ0057,concluida,CORRETIVA,,true,,Mon May 18 2026 00:00:00 GMT-0300 (Horário Padrão de Brasília),Mon May 18 2026 00:00:00 GMT-0300 (Horário Padrão de Brasília),0.84,84.00,,,,Sat Jun 13 2026 23:09:34 GMT-0300 (Horário Padrão de Brasília),
1443,03-0109,JT10302VJ0020,concluida,CORRETIVA,,true,,Mon May 18 2026 00:00:00 GMT-0300 (Horário Padrão de Brasília),Mon May 18 2026 00:00:00 GMT-0300 (Horário Padrão de Brasília),0.98,98.00,,,,Sat Jun 13 2026 23:09:34 GMT-0300 (Horário Padrão de Brasília),
1444,03-0030,JT10302VJ0015,concluida,CORRETIVA,,false,,Mon May 18 2026 00:00:00 GMT-0300 (Horário Padrão de Brasília),Sun May 10 2026 00:00:00 GMT-0300 (Horário Padrão de Brasília),,,,,,Sat Jun 13 2026 23:09:34 GMT-0300 (Horário Padrão de Brasília),
1445,03-0058,JT10302VJ0019,concluida,CORRETIVA,,true,,Mon May 18 2026 00:00:00 GMT-0300 (Horário Padrão de Brasília),Mon May 18 2026 00:00:00 GMT-0300 (Horário Padrão de Brasília),0.94,94.00,,,,Sat Jun 13 2026 23:09:34 GMT-0300 (Horário Padrão de Brasília),
1446,03-0045,JT10302VJ0016,concluida,CORRETIVA,,true,,Mon May 18 2026 00:00:00 GMT-0300 (Horário Padrão de Brasília),Mon May 18 2026 00:00:00 GMT-0300 (Horário Padrão de Brasília),0.94,94.00,,,,Sat Jun 13 2026 23:09:34 GMT-0300 (Horário Padrão de Brasília),
1447,03-0093,JT10302VJ0017,concluida,CORRETIVA,,true,,Mon May 18 2026 00:00:00 GMT-0300 (Horário Padrão de Brasília),Mon May 18 2026 00:00:00 GMT-0300 (Horário Padrão de Brasília),0.84,84.00,,,,Sat Jun 13 2026 23:09:34 GMT-0300 (Horário Padrão de Brasília),
1448,03-0272,ST10101VJ0001,concluida,CORRETIVA,,true,,Mon May 18 2026 00:00:00 GMT-0300 (Horário Padrão de Brasília),Mon May 18 2026 00:00:00 GMT-0300 (Horário Padrão de Brasília),0.93,93.00,,,,Sat Jun 13 2026 23:09:34 GMT-0300 (Horário Padrão de Brasília),
1449,03-0238,ST20102VL0002,concluida,CORRETIVA,,true,,Mon May 18 2026 00:00:00 GMT-0300 (Horário Padrão de Brasília),Mon May 18 2026 00:00:00 GMT-0300 (Horário Padrão de Brasília),0.89,89.00,,,,Sat Jun 13 2026 23:09:34 GMT-0300 (Horário Padrão de Brasília),
1450,03-0152,ST10102VL0001,concluida,CORRETIVA,,false,,Mon May 18 2026 00:00:00 GMT-0300 (Horário Padrão de Brasília),Thu May 07 2026 00:00:00 GMT-0300 (Horário Padrão de Brasília),,,,,,Sat Jun 13 2026 23:09:34 GMT-0300 (Horário Padrão de Brasília),
1451,03-0301,ST10102VL0002,concluida,PREVENTIVA,,true,,Mon May 18 2026 00:00:00 GMT-0300 (Horário Padrão de Brasília),Mon May 18 2026 00:00:00 GMT-0300 (Horário Padrão de Brasília),0.84,84.00,,,,Sat Jun 13 2026 23:09:34 GMT-0300 (Horário Padrão de Brasília),
1452,03-0284,ST10101VJ0004,concluida,PREVENTIVA,,true,,Mon May 18 2026 00:00:00 GMT-0300 (Horário Padrão de Brasília),Mon May 18 2026 00:00:00 GMT-0300 (Horário Padrão de Brasília),0.89,89.00,,,,Sat Jun 13 2026 23:09:34 GMT-0300 (Horário Padrão de Brasília),
1453,03-0311,ST10101VJ0013,concluida,CORRETIVA,,true,,Mon May 18 2026 00:00:00 GMT-0300 (Horário Padrão de Brasília),Mon May 18 2026 00:00:00 GMT-0300 (Horário Padrão de Brasília),0.83,83.00,,,,Sat Jun 13 2026 23:09:34 GMT-0300 (Horário Padrão de Brasília),
1454,03-0313,ST10101VJ0016,concluida,CORRETIVA,,true,,Mon May 18 2026 00:00:00 GMT-0300 (Horário Padrão de Brasília),Mon May 18 2026 00:00:00 GMT-0300 (Horário Padrão de Brasília),0.71,71.00,,,,Sat Jun 13 2026 23:09:34 GMT-0300 (Horário Padrão de Brasília),
1455,03-0175,ST10202VJ0071,concluida,CORRETIVA,,true,,Mon May 18 2026 00:00:00 GMT-0300 (Horário Padrão de Brasília),Mon May 18 2026 00:00:00 GMT-0300 (Horário Padrão de Brasília),0.94,94.00,,,,Sat Jun 13 2026 23:09:34 GMT-0300 (Horário Padrão de Brasília),
1456,03-0176,ST10202VJ0070,concluida,CORRETIVA,,true,,Mon May 18 2026 00:00:00 GMT-0300 (Horário Padrão de Brasília),Mon May 18 2026 00:00:00 GMT-0300 (Horário Padrão de Brasília),1,100.00,,,,Sat Jun 13 2026 23:09:34 GMT-0300 (Horário Padrão de Brasília),
1457,03-0078,CV10303VJ0018,concluida,CORRETIVA,,true,,Tue May 19 2026 00:00:00 GMT-0300 (Horário Padrão de Brasília),Tue May 19 2026 00:00:00 GMT-0300 (Horário Padrão de Brasília),0.98,98.00,,,,Sat Jun 13 2026 23:09:34 GMT-0300 (Horário Padrão de Brasília),
1458,03-0055,CV10101VJ0001,concluida,CORRETIVA,,true,,Tue May 19 2026 00:00:00 GMT-0300 (Horário Padrão de Brasília),Tue May 19 2026 00:00:00 GMT-0300 (Horário Padrão de Brasília),0.59,59.00,,,,Sat Jun 13 2026 23:09:34 GMT-0300 (Horário Padrão de Brasília),
1459,03-0120,CV10101VJ0008,concluida,CORRETIVA,,true,,Tue May 19 2026 00:00:00 GMT-0300 (Horário Padrão de Brasília),Tue May 19 2026 00:00:00 GMT-0300 (Horário Padrão de Brasília),0.99,99.00,,,,Sat Jun 13 2026 23:09:34 GMT-0300 (Horário Padrão de Brasília),
1460,03-0134,CV10203VJ0049,concluida,CORRETIVA,,true,,Tue May 19 2026 00:00:00 GMT-0300 (Horário Padrão de Brasília),Tue May 19 2026 00:00:00 GMT-0300 (Horário Padrão de Brasília),0.89,89.00,,,,Sat Jun 13 2026 23:09:34 GMT-0300 (Horário Padrão de Brasília),
1461,03-0073,CV10303VJ0017,concluida,CORRETIVA,,false,,Tue May 19 2026 00:00:00 GMT-0300 (Horário Padrão de Brasília),Sat May 16 2026 00:00:00 GMT-0300 (Horário Padrão de Brasília),,,,,,Sat Jun 13 2026 23:09:34 GMT-0300 (Horário Padrão de Brasília),
1462,03-0131,CV10303VJ0020,concluida,CORRETIVA,,true,,Tue May 19 2026 00:00:00 GMT-0300 (Horário Padrão de Brasília),Tue May 19 2026 00:00:00 GMT-0300 (Horário Padrão de Brasília),0.9,90.00,,,,Sat Jun 13 2026 23:09:34 GMT-0300 (Horário Padrão de Brasília),
1463,03-0080,JT10101VJ0004,concluida,CORRETIVA,,false,,Tue May 19 2026 00:00:00 GMT-0300 (Horário Padrão de Brasília),Sun Apr 19 2026 00:00:00 GMT-0300 (Horário Padrão de Brasília),,,,,,Sat Jun 13 2026 23:09:34 GMT-0300 (Horário Padrão de Brasília),
1464,03-0135,JT10303VJ0022,concluida,CORRETIVA,,true,,Tue May 19 2026 00:00:00 GMT-0300 (Horário Padrão de Brasília),Tue May 19 2026 00:00:00 GMT-0300 (Horário Padrão de Brasília),0.84,84.00,,,,Sat Jun 13 2026 23:09:34 GMT-0300 (Horário Padrão de Brasília),
1465,03-0137,JT10303VJ0021,concluida,CORRETIVA,,false,,Tue May 19 2026 00:00:00 GMT-0300 (Horário Padrão de Brasília),Wed Apr 22 2026 00:00:00 GMT-0300 (Horário Padrão de Brasília),,,,,,Sat Jun 13 2026 23:09:34 GMT-0300 (Horário Padrão de Brasília),
1466,03-0140,JT10203VJ0053,concluida,CORRETIVA,,false,,Tue May 19 2026 00:00:00 GMT-0300 (Horário Padrão de Brasília),Sun Apr 19 2026 00:00:00 GMT-0300 (Horário Padrão de Brasília),,,,,,Sat Jun 13 2026 23:09:34 GMT-0300 (Horário Padrão de Brasília),
1467,03-0086,JT10101VL0002,concluida,CORRETIVA,,true,,Tue May 19 2026 00:00:00 GMT-0300 (Horário Padrão de Brasília),Tue May 19 2026 00:00:00 GMT-0300 (Horário Padrão de Brasília),0.83,83.00,,,,Sat Jun 13 2026 23:09:34 GMT-0300 (Horário Padrão de Brasília),
1468,03-0041,JT10303VJ0033,concluida,CORRETIVA,,true,,Tue May 19 2026 00:00:00 GMT-0300 (Horário Padrão de Brasília),Tue May 19 2026 00:00:00 GMT-0300 (Horário Padrão de Brasília),0.99,99.00,,,,Sat Jun 13 2026 23:09:34 GMT-0300 (Horário Padrão de Brasília),
1469,03-0043,JT10303VJ0029,concluida,CORRETIVA,,true,,Tue May 19 2026 00:00:00 GMT-0300 (Horário Padrão de Brasília),Tue May 19 2026 00:00:00 GMT-0300 (Horário Padrão de Brasília),0.69,69.00,,,,Sat Jun 13 2026 23:09:34 GMT-0300 (Horário Padrão de Brasília),
1470,03-0111,JT10303VJ0058,concluida,CORRETIVA,,true,,Tue May 19 2026 00:00:00 GMT-0300 (Horário Padrão de Brasília),Tue May 19 2026 00:00:00 GMT-0300 (Horário Padrão de Brasília),0.94,94.00,,,,Sat Jun 13 2026 23:09:34 GMT-0300 (Horário Padrão de Brasília),
1471,03-0049,JT10102VJ0001,concluida,CORRETIVA,,true,,Tue May 19 2026 00:00:00 GMT-0300 (Horário Padrão de Brasília),Tue May 19 2026 00:00:00 GMT-0300 (Horário Padrão de Brasília),0.59,59.00,,,,Sat Jun 13 2026 23:09:34 GMT-0300 (Horário Padrão de Brasília),
1472,03-0161,JT10101VP0001,concluida,CORRETIVA,,true,,Tue May 19 2026 00:00:00 GMT-0300 (Horário Padrão de Brasília),Tue May 19 2026 00:00:00 GMT-0300 (Horário Padrão de Brasília),0.89,89.00,,,,Sat Jun 13 2026 23:09:34 GMT-0300 (Horário Padrão de Brasília),
1473,03-0178,MG10202VJ0036,concluida,CORRETIVA,,false,,Wed May 20 2026 00:00:00 GMT-0300 (Horário Padrão de Brasília),Mon Apr 27 2026 00:00:00 GMT-0300 (Horário Padrão de Brasília),,,,,,Sat Jun 13 2026 23:09:34 GMT-0300 (Horário Padrão de Brasília),
1474,03-0319,MG10202VJ0035,concluida,CORRETIVA,,false,,Wed May 20 2026 00:00:00 GMT-0300 (Horário Padrão de Brasília),Fri Apr 24 2026 00:00:00 GMT-0300 (Horário Padrão de Brasília),,,,,,Sat Jun 13 2026 23:09:34 GMT-0300 (Horário Padrão de Brasília),
1475,03-0243,MG10202VJ0040,concluida,CORRETIVA,,true,,Wed May 20 2026 00:00:00 GMT-0300 (Horário Padrão de Brasília),Wed May 20 2026 00:00:00 GMT-0300 (Horário Padrão de Brasília),0.89,89.00,,,,Sat Jun 13 2026 23:09:34 GMT-0300 (Horário Padrão de Brasília),
1476,03-0268,MG10202VJ0038,concluida,CORRETIVA,,true,,Wed May 20 2026 00:00:00 GMT-0300 (Horário Padrão de Brasília),Wed May 20 2026 00:00:00 GMT-0300 (Horário Padrão de Brasília),0.69,69.00,,,,Sat Jun 13 2026 23:09:34 GMT-0300 (Horário Padrão de Brasília),
1477,03-0269,MG10202VJ0039,concluida,CORRETIVA,,true,,Wed May 20 2026 00:00:00 GMT-0300 (Horário Padrão de Brasília),Wed May 20 2026 00:00:00 GMT-0300 (Horário Padrão de Brasília),0.89,89.00,,,,Sat Jun 13 2026 23:09:34 GMT-0300 (Horário Padrão de Brasília),
1478,03-0307,MG10202VJ0034,concluida,CORRETIVA,,true,,Wed May 20 2026 00:00:00 GMT-0300 (Horário Padrão de Brasília),Wed May 20 2026 00:00:00 GMT-0300 (Horário Padrão de Brasília),0.94,94.00,,,,Sat Jun 13 2026 23:09:34 GMT-0300 (Horário Padrão de Brasília),
1479,03-0088,MG10101VJ0007,concluida,CORRETIVA,,false,,Wed May 20 2026 00:00:00 GMT-0300 (Horário Padrão de Brasília),Mon May 11 2026 00:00:00 GMT-0300 (Horário Padrão de Brasília),,,,,,Sat Jun 13 2026 23:09:34 GMT-0300 (Horário Padrão de Brasília),
1480,03-0182,MG10101VL0001,concluida,CORRETIVA,,true,,Wed May 20 2026 00:00:00 GMT-0300 (Horário Padrão de Brasília),Wed May 20 2026 00:00:00 GMT-0300 (Horário Padrão de Brasília),0.94,94.00,,,,Sat Jun 13 2026 23:09:34 GMT-0300 (Horário Padrão de Brasília),
1481,03-0157,MG10202VP0013/14,concluida,CORRETIVA,,false,,Wed May 20 2026 00:00:00 GMT-0300 (Horário Padrão de Brasília),Mon May 04 2026 00:00:00 GMT-0300 (Horário Padrão de Brasília),,,,,,Sat Jun 13 2026 23:09:34 GMT-0300 (Horário Padrão de Brasília),
1482,03-0234,MG10202VJ0041,concluida,CORRETIVA,,true,,Wed May 20 2026 00:00:00 GMT-0300 (Horário Padrão de Brasília),Wed May 20 2026 00:00:00 GMT-0300 (Horário Padrão de Brasília),0.84,84.00,,,,Sat Jun 13 2026 23:09:34 GMT-0300 (Horário Padrão de Brasília),
1483,03-0186,ST10304VJ0068,concluida,CORRETIVA,,false,,Wed May 20 2026 00:00:00 GMT-0300 (Horário Padrão de Brasília),Sat May 09 2026 00:00:00 GMT-0300 (Horário Padrão de Brasília),,,,,,Sat Jun 13 2026 23:09:34 GMT-0300 (Horário Padrão de Brasília),
1484,03-0299,ST10304VJ0055,concluida,CORRETIVA,,false,,Wed May 20 2026 00:00:00 GMT-0300 (Horário Padrão de Brasília),Sat May 02 2026 00:00:00 GMT-0300 (Horário Padrão de Brasília),,,,,,Sat Jun 13 2026 23:09:34 GMT-0300 (Horário Padrão de Brasília),
1485,03-0328,ST10304VJ0065,concluida,CORRETIVA,,false,,Wed May 20 2026 00:00:00 GMT-0300 (Horário Padrão de Brasília),Tue May 05 2026 00:00:00 GMT-0300 (Horário Padrão de Brasília),,,,,,Sat Jun 13 2026 23:09:34 GMT-0300 (Horário Padrão de Brasília),
1486,03-0314,ST10101VJ0008,concluida,CORRETIVA,,true,,Wed May 20 2026 00:00:00 GMT-0300 (Horário Padrão de Brasília),Wed May 20 2026 00:00:00 GMT-0300 (Horário Padrão de Brasília),0.69,69.00,,,,Sat Jun 13 2026 23:09:34 GMT-0300 (Horário Padrão de Brasília),
1487,03-0298,ST10304VJ0057,concluida,CORRETIVA,,false,,Wed May 20 2026 00:00:00 GMT-0300 (Horário Padrão de Brasília),Wed May 06 2026 00:00:00 GMT-0300 (Horário Padrão de Brasília),,,,,,Sat Jun 13 2026 23:09:34 GMT-0300 (Horário Padrão de Brasília),
1488,03-0326,ST10304VJ0062,concluida,CORRETIVA,,true,,Wed May 20 2026 00:00:00 GMT-0300 (Horário Padrão de Brasília),Wed May 20 2026 00:00:00 GMT-0300 (Horário Padrão de Brasília),1,100.00,,,,Sat Jun 13 2026 23:09:34 GMT-0300 (Horário Padrão de Brasília),
1489,03-0177,ST10202VJ0069,concluida,CORRETIVA,,true,,Wed May 20 2026 00:00:00 GMT-0300 (Horário Padrão de Brasília),Wed May 20 2026 00:00:00 GMT-0300 (Horário Padrão de Brasília),0.88,88.00,,,,Sat Jun 13 2026 23:09:34 GMT-0300 (Horário Padrão de Brasília),
1490,03-0255,ST20102VL0001,concluida,CORRETIVA,,true,,Wed May 20 2026 00:00:00 GMT-0300 (Horário Padrão de Brasília),Wed May 20 2026 00:00:00 GMT-0300 (Horário Padrão de Brasília),0.84,84.00,,,,Sat Jun 13 2026 23:09:34 GMT-0300 (Horário Padrão de Brasília),
1491,03-0258,ST10304VJ0059,concluida,CORRETIVA,,true,,Wed May 20 2026 00:00:00 GMT-0300 (Horário Padrão de Brasília),Wed May 20 2026 00:00:00 GMT-0300 (Horário Padrão de Brasília),0.89,89.00,,,,Sat Jun 13 2026 23:09:34 GMT-0300 (Horário Padrão de Brasília),
1492,03-0211,MG10203VJ0049,concluida,CORRETIVA,,true,,Thu May 21 2026 00:00:00 GMT-0300 (Horário Padrão de Brasília),Thu May 21 2026 00:00:00 GMT-0300 (Horário Padrão de Brasília),1,100.00,,,,Sat Jun 13 2026 23:09:34 GMT-0300 (Horário Padrão de Brasília),
1493,03-0191,MG10203VJ0059,concluida,CORRETIVA,,true,,Thu May 21 2026 00:00:00 GMT-0300 (Horário Padrão de Brasília),Thu May 21 2026 00:00:00 GMT-0300 (Horário Padrão de Brasília),0.79,79.00,,,,Sat Jun 13 2026 23:09:34 GMT-0300 (Horário Padrão de Brasília),
1494,03-0208,MG10203VJ0066,concluida,CORRETIVA,,true,,Thu May 21 2026 00:00:00 GMT-0300 (Horário Padrão de Brasília),Thu May 21 2026 00:00:00 GMT-0300 (Horário Padrão de Brasília),0.99,99.00,,,,Sat Jun 13 2026 23:09:34 GMT-0300 (Horário Padrão de Brasília),
1495,03-0219,MG10203VJ0064,concluida,CORRETIVA,,true,,Thu May 21 2026 00:00:00 GMT-0300 (Horário Padrão de Brasília),Thu May 21 2026 00:00:00 GMT-0300 (Horário Padrão de Brasília),0.79,79.00,,,,Sat Jun 13 2026 23:09:34 GMT-0300 (Horário Padrão de Brasília),
1496,03-0259,MG10302VP0038/39/40,concluida,CORRETIVA,,true,,Thu May 21 2026 00:00:00 GMT-0300 (Horário Padrão de Brasília),Thu May 21 2026 00:00:00 GMT-0300 (Horário Padrão de Brasília),0.73,73.00,,,,Sat Jun 13 2026 23:09:34 GMT-0300 (Horário Padrão de Brasília),
1497,03-0280,MG10302VJ0015,concluida,CORRETIVA,,true,,Thu May 21 2026 00:00:00 GMT-0300 (Horário Padrão de Brasília),Thu May 21 2026 00:00:00 GMT-0300 (Horário Padrão de Brasília),0.93,93.00,,,,Sat Jun 13 2026 23:09:34 GMT-0300 (Horário Padrão de Brasília),
1498,03-0292,MG10203VP0028/29,concluida,CORRETIVA,,true,,Thu May 21 2026 00:00:00 GMT-0300 (Horário Padrão de Brasília),Thu May 21 2026 00:00:00 GMT-0300 (Horário Padrão de Brasília),0.84,84.00,,,,Sat Jun 13 2026 23:09:34 GMT-0300 (Horário Padrão de Brasília),
1499,03-0300,MG10203VP0032/33,concluida,CORRETIVA,,true,,Thu May 21 2026 00:00:00 GMT-0300 (Horário Padrão de Brasília),Thu May 21 2026 00:00:00 GMT-0300 (Horário Padrão de Brasília),0.99,99.00,,,,Sat Jun 13 2026 23:09:34 GMT-0300 (Horário Padrão de Brasília),
1500,03-0199,MG10203VJ0068,concluida,CORRETIVA,,true,,Thu May 21 2026 00:00:00 GMT-0300 (Horário Padrão de Brasília),Thu May 21 2026 00:00:00 GMT-0300 (Horário Padrão de Brasília),0.79,79.00,,,,Sat Jun 13 2026 23:09:34 GMT-0300 (Horário Padrão de Brasília),
1501,03-0202,MG10203VP0037,concluida,CORRETIVA,,false,,Thu May 21 2026 00:00:00 GMT-0300 (Horário Padrão de Brasília),Thu Apr 23 2026 00:00:00 GMT-0300 (Horário Padrão de Brasília),,,,,,Sat Jun 13 2026 23:09:34 GMT-0300 (Horário Padrão de Brasília),
1502,03-0257,MG10203VP0034,concluida,CORRETIVA,,true,,Thu May 21 2026 00:00:00 GMT-0300 (Horário Padrão de Brasília),Thu May 21 2026 00:00:00 GMT-0300 (Horário Padrão de Brasília),0.84,84.00,,,,Sat Jun 13 2026 23:09:34 GMT-0300 (Horário Padrão de Brasília),
1503,03-0263,ST10203VJ0078,concluida,CORRETIVA,,true,,Thu May 21 2026 00:00:00 GMT-0300 (Horário Padrão de Brasília),Thu May 21 2026 00:00:00 GMT-0300 (Horário Padrão de Brasília),1,100.00,,,,Sat Jun 13 2026 23:09:34 GMT-0300 (Horário Padrão de Brasília),
1504,03-0285,ST10203VJ0077,concluida,CORRETIVA,,true,,Thu May 21 2026 00:00:00 GMT-0300 (Horário Padrão de Brasília),Thu May 21 2026 00:00:00 GMT-0300 (Horário Padrão de Brasília),0.89,89.00,,,,Sat Jun 13 2026 23:09:34 GMT-0300 (Horário Padrão de Brasília),
1505,03-0316,ST10203VJ0080,concluida,CORRETIVA,,false,,Thu May 21 2026 00:00:00 GMT-0300 (Horário Padrão de Brasília),Thu Apr 02 2026 00:00:00 GMT-0300 (Horário Padrão de Brasília),,,,,,Sat Jun 13 2026 23:09:34 GMT-0300 (Horário Padrão de Brasília),
1506,03-0321,ST10203VJ0079,concluida,CORRETIVA,,false,,Thu May 21 2026 00:00:00 GMT-0300 (Horário Padrão de Brasília),Thu Apr 02 2026 00:00:00 GMT-0300 (Horário Padrão de Brasília),0.89,89.00,,,,Sat Jun 13 2026 23:09:34 GMT-0300 (Horário Padrão de Brasília),
1507,03-0262,ST10203VJ0075,concluida,CORRETIVA,,true,,Thu May 21 2026 00:00:00 GMT-0300 (Horário Padrão de Brasília),Thu May 21 2026 00:00:00 GMT-0300 (Horário Padrão de Brasília),0.99,99.00,,,,Sat Jun 13 2026 23:09:34 GMT-0300 (Horário Padrão de Brasília),
1508,03-0264,ST10203VJ0076,concluida,CORRETIVA,,true,,Thu May 21 2026 00:00:00 GMT-0300 (Horário Padrão de Brasília),Thu May 21 2026 00:00:00 GMT-0300 (Horário Padrão de Brasília),0.96,96.00,,,,Sat Jun 13 2026 23:09:34 GMT-0300 (Horário Padrão de Brasília),
1509,03-0195,ST10302VJ0033,concluida,CORRETIVA,,true,,Thu May 21 2026 00:00:00 GMT-0300 (Horário Padrão de Brasília),Thu May 21 2026 00:00:00 GMT-0300 (Horário Padrão de Brasília),0.89,89.00,,,,Sat Jun 13 2026 23:09:34 GMT-0300 (Horário Padrão de Brasília),
1510,03-0196,ST10101VJ0014,concluida,CORRETIVA,,false,,Thu May 21 2026 00:00:00 GMT-0300 (Horário Padrão de Brasília),Fri May 08 2026 00:00:00 GMT-0300 (Horário Padrão de Brasília),,,,,,Sat Jun 13 2026 23:09:34 GMT-0300 (Horário Padrão de Brasília),
1511,03-0273,ST10101VJ0005,concluida,CORRETIVA,,true,,Thu May 21 2026 00:00:00 GMT-0300 (Horário Padrão de Brasília),Thu May 21 2026 00:00:00 GMT-0300 (Horário Padrão de Brasília),1,100.00,,,,Sat Jun 13 2026 23:09:34 GMT-0300 (Horário Padrão de Brasília),
1512,03-0275,ST10101VJ0021,concluida,CORRETIVA,,true,,Thu May 21 2026 00:00:00 GMT-0300 (Horário Padrão de Brasília),Thu May 21 2026 00:00:00 GMT-0300 (Horário Padrão de Brasília),0.84,84.00,,,,Sat Jun 13 2026 23:09:34 GMT-0300 (Horário Padrão de Brasília),
1513,03-0144,ST10101VJ0019,concluida,CORRETIVA,,true,,Thu May 21 2026 00:00:00 GMT-0300 (Horário Padrão de Brasília),Thu May 21 2026 00:00:00 GMT-0300 (Horário Padrão de Brasília),0.69,69.00,,,,Sat Jun 13 2026 23:09:34 GMT-0300 (Horário Padrão de Brasília),
1875,03-0058,JT10302VJ0019,concluida,CORRETIVA,,false,,Thu Jun 11 2026 00:00:00 GMT-0300 (Horário Padrão de Brasília),Tue Jun 09 2026 00:00:00 GMT-0300 (Horário Padrão de Brasília),,,,,,Sat Jun 13 2026 23:09:34 GMT-0300 (Horário Padrão de Brasília),
1514,03-0244,ST10101VJ0015,concluida,PREVENTIVA,,true,,Thu May 21 2026 00:00:00 GMT-0300 (Horário Padrão de Brasília),Thu May 21 2026 00:00:00 GMT-0300 (Horário Padrão de Brasília),0.99,99.00,,,,Sat Jun 13 2026 23:09:34 GMT-0300 (Horário Padrão de Brasília),
1515,03-0224,MG10202VP0017/18/19/20,concluida,CORRETIVA,,true,,Fri May 22 2026 00:00:00 GMT-0300 (Horário Padrão de Brasília),Fri May 22 2026 00:00:00 GMT-0300 (Horário Padrão de Brasília),0.82,82.00,,,,Sat Jun 13 2026 23:09:34 GMT-0300 (Horário Padrão de Brasília),
1516,03-0242,MG10202VJ0045,concluida,PREVENTIVA,,true,,Fri May 22 2026 00:00:00 GMT-0300 (Horário Padrão de Brasília),Fri May 22 2026 00:00:00 GMT-0300 (Horário Padrão de Brasília),0.94,94.00,,,,Sat Jun 13 2026 23:09:34 GMT-0300 (Horário Padrão de Brasília),
1517,03-0013,MG10101VJ0013,concluida,CORRETIVA,,true,,Fri May 22 2026 00:00:00 GMT-0300 (Horário Padrão de Brasília),Fri May 22 2026 00:00:00 GMT-0300 (Horário Padrão de Brasília),0.87,87.00,,,,Sat Jun 13 2026 23:09:34 GMT-0300 (Horário Padrão de Brasília),
1518,03-0017,MG10101VJ0012,concluida,CORRETIVA,,false,,Fri May 22 2026 00:00:00 GMT-0300 (Horário Padrão de Brasília),Thu May 07 2026 00:00:00 GMT-0300 (Horário Padrão de Brasília),,,,,,Sat Jun 13 2026 23:09:34 GMT-0300 (Horário Padrão de Brasília),
1519,03-0021,MG10101VJ0008,concluida,CORRETIVA,,true,,Fri May 22 2026 00:00:00 GMT-0300 (Horário Padrão de Brasília),Fri May 22 2026 00:00:00 GMT-0300 (Horário Padrão de Brasília),0.84,84.00,,,,Sat Jun 13 2026 23:09:34 GMT-0300 (Horário Padrão de Brasília),
1520,03-0047,MG10101VJ0002,concluida,CORRETIVA,,true,,Fri May 22 2026 00:00:00 GMT-0300 (Horário Padrão de Brasília),Fri May 22 2026 00:00:00 GMT-0300 (Horário Padrão de Brasília),0.88,88.00,,,,Sat Jun 13 2026 23:09:34 GMT-0300 (Horário Padrão de Brasília),
1521,03-0069,MG10101VJ0004,concluida,CORRETIVA,,false,,Fri May 22 2026 00:00:00 GMT-0300 (Horário Padrão de Brasília),Wed Apr 29 2026 00:00:00 GMT-0300 (Horário Padrão de Brasília),,,,,,Sat Jun 13 2026 23:09:34 GMT-0300 (Horário Padrão de Brasília),
1522,03-0087,MG10101VJ0005,concluida,CORRETIVA,,true,,Fri May 22 2026 00:00:00 GMT-0300 (Horário Padrão de Brasília),Fri May 22 2026 00:00:00 GMT-0300 (Horário Padrão de Brasília),0.96,96.00,,,,Sat Jun 13 2026 23:09:34 GMT-0300 (Horário Padrão de Brasília),
1523,03-0006,MG10101VJ0006,concluida,CORRETIVA,,true,,Fri May 22 2026 00:00:00 GMT-0300 (Horário Padrão de Brasília),Fri May 22 2026 00:00:00 GMT-0300 (Horário Padrão de Brasília),0.84,84.00,,,,Sat Jun 13 2026 23:09:34 GMT-0300 (Horário Padrão de Brasília),
1524,03-0239,MG10202VJ0030,concluida,CORRETIVA,,false,,Fri May 22 2026 00:00:00 GMT-0300 (Horário Padrão de Brasília),Tue May 19 2026 00:00:00 GMT-0300 (Horário Padrão de Brasília),,,,,,Sat Jun 13 2026 23:09:34 GMT-0300 (Horário Padrão de Brasília),
1525,03-0009,MG10101VJ0009,concluida,CORRETIVA,,true,,Fri May 22 2026 00:00:00 GMT-0300 (Horário Padrão de Brasília),Fri May 22 2026 00:00:00 GMT-0300 (Horário Padrão de Brasília),0.6,60.00,,,,Sat Jun 13 2026 23:09:34 GMT-0300 (Horário Padrão de Brasília),
1526,03-0151,ST10303VJ0044,concluida,CORRETIVA,,true,,Fri May 22 2026 00:00:00 GMT-0300 (Horário Padrão de Brasília),Fri May 22 2026 00:00:00 GMT-0300 (Horário Padrão de Brasília),0.94,94.00,,,,Sat Jun 13 2026 23:09:34 GMT-0300 (Horário Padrão de Brasília),
1527,03-0167,ST10303VJ0046,concluida,CORRETIVA,,true,,Fri May 22 2026 00:00:00 GMT-0300 (Horário Padrão de Brasília),Fri May 22 2026 00:00:00 GMT-0300 (Horário Padrão de Brasília),0.64,64.00,,,,Sat Jun 13 2026 23:09:34 GMT-0300 (Horário Padrão de Brasília),
1528,03-0185,ST10303VJ0052,concluida,CORRETIVA,,true,,Fri May 22 2026 00:00:00 GMT-0300 (Horário Padrão de Brasília),Fri May 22 2026 00:00:00 GMT-0300 (Horário Padrão de Brasília),0.94,94.00,,,,Sat Jun 13 2026 23:09:34 GMT-0300 (Horário Padrão de Brasília),
1529,03-0203,ST10303VJ0051,concluida,CORRETIVA,,true,,Fri May 22 2026 00:00:00 GMT-0300 (Horário Padrão de Brasília),Fri May 22 2026 00:00:00 GMT-0300 (Horário Padrão de Brasília),1,100.00,,,,Sat Jun 13 2026 23:09:34 GMT-0300 (Horário Padrão de Brasília),
1530,03-0226,ST10303VJ0039,concluida,CORRETIVA,,true,,Fri May 22 2026 00:00:00 GMT-0300 (Horário Padrão de Brasília),Fri May 22 2026 00:00:00 GMT-0300 (Horário Padrão de Brasília),0.91,91.00,,,,Sat Jun 13 2026 23:09:34 GMT-0300 (Horário Padrão de Brasília),
1531,03-0247,ST10303VJ0049,concluida,CORRETIVA,,true,,Fri May 22 2026 00:00:00 GMT-0300 (Horário Padrão de Brasília),Fri May 22 2026 00:00:00 GMT-0300 (Horário Padrão de Brasília),0.94,94.00,,,,Sat Jun 13 2026 23:09:34 GMT-0300 (Horário Padrão de Brasília),
1532,03-0166,ST10303VJ0045,concluida,CORRETIVA,,true,,Fri May 22 2026 00:00:00 GMT-0300 (Horário Padrão de Brasília),Fri May 22 2026 00:00:00 GMT-0300 (Horário Padrão de Brasília),1,100.00,,,,Sat Jun 13 2026 23:09:34 GMT-0300 (Horário Padrão de Brasília),
1533,03-0281,ST10303VJ0047,concluida,CORRETIVA,,false,,Fri May 22 2026 00:00:00 GMT-0300 (Horário Padrão de Brasília),Tue May 05 2026 00:00:00 GMT-0300 (Horário Padrão de Brasília),,,,,,Sat Jun 13 2026 23:09:34 GMT-0300 (Horário Padrão de Brasília),
1534,03-0289,ST10303VJ0040,concluida,CORRETIVA,,true,,Fri May 22 2026 00:00:00 GMT-0300 (Horário Padrão de Brasília),Fri May 22 2026 00:00:00 GMT-0300 (Horário Padrão de Brasília),0.89,89.00,,,,Sat Jun 13 2026 23:09:34 GMT-0300 (Horário Padrão de Brasília),
1535,03-0253,ST10101VJ0022,concluida,CORRETIVA,,true,,Fri May 22 2026 00:00:00 GMT-0300 (Horário Padrão de Brasília),Fri May 22 2026 00:00:00 GMT-0300 (Horário Padrão de Brasília),0.89,89.00,,,,Sat Jun 13 2026 23:09:34 GMT-0300 (Horário Padrão de Brasília),
1536,03-0303,ST10101VJ0003,concluida,PREVENTIVA,,true,,Fri May 22 2026 00:00:00 GMT-0300 (Horário Padrão de Brasília),Fri May 22 2026 00:00:00 GMT-0300 (Horário Padrão de Brasília),0.84,84.00,,,,Sat Jun 13 2026 23:09:34 GMT-0300 (Horário Padrão de Brasília),
1537,03-0324,ST10304VJ0060,concluida,CORRETIVA,,true,,Fri May 22 2026 00:00:00 GMT-0300 (Horário Padrão de Brasília),Fri May 22 2026 00:00:00 GMT-0300 (Horário Padrão de Brasília),0.89,89.00,,,,Sat Jun 13 2026 23:09:34 GMT-0300 (Horário Padrão de Brasília),
1538,03-0089,CV10203VJ0053,concluida,CORRETIVA,,true,,Sat May 23 2026 00:00:00 GMT-0300 (Horário Padrão de Brasília),Sat May 23 2026 00:00:00 GMT-0300 (Horário Padrão de Brasília),0.69,69.00,,,,Sat Jun 13 2026 23:09:34 GMT-0300 (Horário Padrão de Brasília),
1539,03-0035,CV10203VJ0061,concluida,CORRETIVA,,true,,Sat May 23 2026 00:00:00 GMT-0300 (Horário Padrão de Brasília),Sat May 23 2026 00:00:00 GMT-0300 (Horário Padrão de Brasília),0.65,65.00,,,,Sat Jun 13 2026 23:09:34 GMT-0300 (Horário Padrão de Brasília),
1540,03-0044,CV10304VJ0023,concluida,CORRETIVA,,true,,Sat May 23 2026 00:00:00 GMT-0300 (Horário Padrão de Brasília),Sat May 23 2026 00:00:00 GMT-0300 (Horário Padrão de Brasília),0.85,85.00,,,,Sat Jun 13 2026 23:09:34 GMT-0300 (Horário Padrão de Brasília),
1541,03-0010,CV10304VJ0027,concluida,CORRETIVA,,true,,Sat May 23 2026 00:00:00 GMT-0300 (Horário Padrão de Brasília),Sat May 23 2026 00:00:00 GMT-0300 (Horário Padrão de Brasília),0.84,84.00,,,,Sat Jun 13 2026 23:09:34 GMT-0300 (Horário Padrão de Brasília),
1542,03-0020,CV10304VJ0026,concluida,CORRETIVA,,true,,Sat May 23 2026 00:00:00 GMT-0300 (Horário Padrão de Brasília),Sat May 23 2026 00:00:00 GMT-0300 (Horário Padrão de Brasília),0.99,99.00,,,,Sat Jun 13 2026 23:09:34 GMT-0300 (Horário Padrão de Brasília),
1543,03-0062,CV10304VJ0024,concluida,CORRETIVA,,true,,Sat May 23 2026 00:00:00 GMT-0300 (Horário Padrão de Brasília),Sat May 23 2026 00:00:00 GMT-0300 (Horário Padrão de Brasília),0.49,49.00,,,,Sat Jun 13 2026 23:09:34 GMT-0300 (Horário Padrão de Brasília),
1544,03-0125,CV10304VJ0028,concluida,CORRETIVA,,true,,Sat May 23 2026 00:00:00 GMT-0300 (Horário Padrão de Brasília),Sat May 23 2026 00:00:00 GMT-0300 (Horário Padrão de Brasília),0.95,95.00,,,,Sat Jun 13 2026 23:09:34 GMT-0300 (Horário Padrão de Brasília),
1545,03-0098,CV10203VJ0062,concluida,CORRETIVA,,true,,Sat May 23 2026 00:00:00 GMT-0300 (Horário Padrão de Brasília),Sat May 23 2026 00:00:00 GMT-0300 (Horário Padrão de Brasília),0,0.00,,,,Sat Jun 13 2026 23:09:34 GMT-0300 (Horário Padrão de Brasília),
1546,03-0305,CV10101VP0005/11,concluida,CORRETIVA,,false,,Sat May 23 2026 00:00:00 GMT-0300 (Horário Padrão de Brasília),Fri May 22 2026 00:00:00 GMT-0300 (Horário Padrão de Brasília),,,,,,Sat Jun 13 2026 23:09:34 GMT-0300 (Horário Padrão de Brasília),
1547,03-0306,CV10203VP0018/23,concluida,CORRETIVA,,true,,Sat May 23 2026 00:00:00 GMT-0300 (Horário Padrão de Brasília),Sat May 23 2026 00:00:00 GMT-0300 (Horário Padrão de Brasília),1,100.00,,,,Sat Jun 13 2026 23:09:34 GMT-0300 (Horário Padrão de Brasília),
1548,03-0297,MG10203VP0026/27,concluida,CORRETIVA,,false,,Sat May 23 2026 00:00:00 GMT-0300 (Horário Padrão de Brasília),Sat Apr 25 2026 00:00:00 GMT-0300 (Horário Padrão de Brasília),,,,,,Sat Jun 13 2026 23:09:34 GMT-0300 (Horário Padrão de Brasília),
1549,03-0172,MG10203VJ0047,concluida,CORRETIVA,,true,,Sat May 23 2026 00:00:00 GMT-0300 (Horário Padrão de Brasília),Sat May 23 2026 00:00:00 GMT-0300 (Horário Padrão de Brasília),0.67,67.00,,,,Sat Jun 13 2026 23:09:34 GMT-0300 (Horário Padrão de Brasília),
1550,03-0216,MG10203VJ0060,concluida,CORRETIVA,,true,,Sat May 23 2026 00:00:00 GMT-0300 (Horário Padrão de Brasília),Sat May 23 2026 00:00:00 GMT-0300 (Horário Padrão de Brasília),0.83,83.00,,,,Sat Jun 13 2026 23:09:34 GMT-0300 (Horário Padrão de Brasília),
1551,03-0170,MG10203VJ0063,concluida,CORRETIVA,,true,,Sat May 23 2026 00:00:00 GMT-0300 (Horário Padrão de Brasília),Sat May 23 2026 00:00:00 GMT-0300 (Horário Padrão de Brasília),0.69,69.00,,,,Sat Jun 13 2026 23:09:34 GMT-0300 (Horário Padrão de Brasília),
1552,03-0210,MG10203VP0031,concluida,CORRETIVA,,true,,Sat May 23 2026 00:00:00 GMT-0300 (Horário Padrão de Brasília),Sat May 23 2026 00:00:00 GMT-0300 (Horário Padrão de Brasília),0.69,69.00,,,,Sat Jun 13 2026 23:09:34 GMT-0300 (Horário Padrão de Brasília),
1553,03-0190,MG10203VJ0069,concluida,CORRETIVA,,true,,Sat May 23 2026 00:00:00 GMT-0300 (Horário Padrão de Brasília),Sat May 23 2026 00:00:00 GMT-0300 (Horário Padrão de Brasília),0.74,74.00,,,,Sat Jun 13 2026 23:09:34 GMT-0300 (Horário Padrão de Brasília),
1554,03-0310,MG10101VL0002VL,concluida,CORRETIVA,,true,,Sat May 23 2026 00:00:00 GMT-0300 (Horário Padrão de Brasília),Sat May 23 2026 00:00:00 GMT-0300 (Horário Padrão de Brasília),0.75,75.00,,,,Sat Jun 13 2026 23:09:34 GMT-0300 (Horário Padrão de Brasília),
1555,03-0220,MG10304VJ0022,concluida,CORRETIVA,,true,,Sat May 23 2026 00:00:00 GMT-0300 (Horário Padrão de Brasília),Sat May 23 2026 00:00:00 GMT-0300 (Horário Padrão de Brasília),0.94,94.00,,,,Sat Jun 13 2026 23:09:34 GMT-0300 (Horário Padrão de Brasília),
1556,03-0251,MG10304VJ0020,concluida,CORRETIVA,,true,,Sat May 23 2026 00:00:00 GMT-0300 (Horário Padrão de Brasília),Sat May 23 2026 00:00:00 GMT-0300 (Horário Padrão de Brasília),0.84,84.00,,,,Sat Jun 13 2026 23:09:34 GMT-0300 (Horário Padrão de Brasília),
1557,03-0323,MG10304VJ0021,concluida,CORRETIVA,,true,,Sat May 23 2026 00:00:00 GMT-0300 (Horário Padrão de Brasília),Sat May 23 2026 00:00:00 GMT-0300 (Horário Padrão de Brasília),0.71,71.00,,,,Sat Jun 13 2026 23:09:34 GMT-0300 (Horário Padrão de Brasília),
1558,03-0084,CV10302VJ0011,concluida,CORRETIVA,,true,,Mon May 25 2026 00:00:00 GMT-0300 (Horário Padrão de Brasília),Mon May 25 2026 00:00:00 GMT-0300 (Horário Padrão de Brasília),0.79,79.00,,,,Sat Jun 13 2026 23:09:34 GMT-0300 (Horário Padrão de Brasília),
1559,03-0070,CV10302VJ0016,concluida,PREVENTIVA,,true,,Mon May 25 2026 00:00:00 GMT-0300 (Horário Padrão de Brasília),Mon May 25 2026 00:00:00 GMT-0300 (Horário Padrão de Brasília),0.99,99.00,,,,Sat Jun 13 2026 23:09:34 GMT-0300 (Horário Padrão de Brasília),
1560,03-0139,CV10302VJ0014,concluida,CORRETIVA,,true,,Mon May 25 2026 00:00:00 GMT-0300 (Horário Padrão de Brasília),Mon May 25 2026 00:00:00 GMT-0300 (Horário Padrão de Brasília),0.39,39.00,,,,Sat Jun 13 2026 23:09:34 GMT-0300 (Horário Padrão de Brasília),
1561,03-0126,CV10202VJ0033,concluida,CORRETIVA,,false,,Mon May 25 2026 00:00:00 GMT-0300 (Horário Padrão de Brasília),Wed May 20 2026 00:00:00 GMT-0300 (Horário Padrão de Brasília),,,,,,Sat Jun 13 2026 23:09:34 GMT-0300 (Horário Padrão de Brasília),
1562,03-0105,CV10302VJ0015,concluida,CORRETIVA,,true,,Mon May 25 2026 00:00:00 GMT-0300 (Horário Padrão de Brasília),Mon May 25 2026 00:00:00 GMT-0300 (Horário Padrão de Brasília),0.94,94.00,,,,Sat Jun 13 2026 23:09:34 GMT-0300 (Horário Padrão de Brasília),
1563,03-0107,CV10202VJ0046,concluida,CORRETIVA,,true,,Mon May 25 2026 00:00:00 GMT-0300 (Horário Padrão de Brasília),Mon May 25 2026 00:00:00 GMT-0300 (Horário Padrão de Brasília),0.75,75.00,,,,Sat Jun 13 2026 23:09:34 GMT-0300 (Horário Padrão de Brasília),
1564,03-0113,CV10202VJ0044,concluida,CORRETIVA,,false,,Mon May 25 2026 00:00:00 GMT-0300 (Horário Padrão de Brasília),Mon Apr 20 2026 00:00:00 GMT-0300 (Horário Padrão de Brasília),,,,,,Sat Jun 13 2026 23:09:34 GMT-0300 (Horário Padrão de Brasília),
1565,03-0092,CV10302VJ0012,concluida,CORRETIVA,,false,,Mon May 25 2026 00:00:00 GMT-0300 (Horário Padrão de Brasília),Thu May 21 2026 00:00:00 GMT-0300 (Horário Padrão de Brasília),,,,,,Sat Jun 13 2026 23:09:34 GMT-0300 (Horário Padrão de Brasília),
1566,03-0038,CV10202VJ0030,concluida,CORRETIVA,,true,,Mon May 25 2026 00:00:00 GMT-0300 (Horário Padrão de Brasília),Mon May 25 2026 00:00:00 GMT-0300 (Horário Padrão de Brasília),0.84,84.00,,,,Sat Jun 13 2026 23:09:34 GMT-0300 (Horário Padrão de Brasília),
1567,03-0065,CV10302VJ0013,concluida,CORRETIVA,,true,,Mon May 25 2026 00:00:00 GMT-0300 (Horário Padrão de Brasília),Mon May 25 2026 00:00:00 GMT-0300 (Horário Padrão de Brasília),1,100.00,,,,Sat Jun 13 2026 23:09:34 GMT-0300 (Horário Padrão de Brasília),
1568,03-0122,CV10202VJ0039,concluida,CORRETIVA,,true,,Mon May 25 2026 00:00:00 GMT-0300 (Horário Padrão de Brasília),Mon May 25 2026 00:00:00 GMT-0300 (Horário Padrão de Brasília),0.97,97.00,,,,Sat Jun 13 2026 23:09:34 GMT-0300 (Horário Padrão de Brasília),
1569,03-0207,MG10302VJ0014,concluida,CORRETIVA,,true,,Mon May 25 2026 00:00:00 GMT-0300 (Horário Padrão de Brasília),Mon May 25 2026 00:00:00 GMT-0300 (Horário Padrão de Brasília),0.79,79.00,,,,Sat Jun 13 2026 23:09:34 GMT-0300 (Horário Padrão de Brasília),
1570,03-0290,MG10202VJ0027,concluida,CORRETIVA,,true,,Mon May 25 2026 00:00:00 GMT-0300 (Horário Padrão de Brasília),Mon May 25 2026 00:00:00 GMT-0300 (Horário Padrão de Brasília),0.79,79.00,,,,Sat Jun 13 2026 23:09:34 GMT-0300 (Horário Padrão de Brasília),
1571,03-0147,MG10202VP0021,concluida,DESNECESSÁRIA,,true,,Mon May 25 2026 00:00:00 GMT-0300 (Horário Padrão de Brasília),Mon May 25 2026 00:00:00 GMT-0300 (Horário Padrão de Brasília),0.74,74.00,,,,Sat Jun 13 2026 23:09:34 GMT-0300 (Horário Padrão de Brasília),
1572,03-0179,MG10202VJ0026,concluida,CORRETIVA,,false,,Mon May 25 2026 00:00:00 GMT-0300 (Horário Padrão de Brasília),Sat May 16 2026 00:00:00 GMT-0300 (Horário Padrão de Brasília),,,,,,Sat Jun 13 2026 23:09:34 GMT-0300 (Horário Padrão de Brasília),
1573,03-0235,MG10202VJ0043,concluida,CORRETIVA,,false,,Mon May 25 2026 00:00:00 GMT-0300 (Horário Padrão de Brasília),Sat May 16 2026 00:00:00 GMT-0300 (Horário Padrão de Brasília),,,,,,Sat Jun 13 2026 23:09:34 GMT-0300 (Horário Padrão de Brasília),
1574,03-0236,MG10202VJ0042,concluida,CORRETIVA,,false,,Mon May 25 2026 00:00:00 GMT-0300 (Horário Padrão de Brasília),Sun May 17 2026 00:00:00 GMT-0300 (Horário Padrão de Brasília),,,,,,Sat Jun 13 2026 23:09:34 GMT-0300 (Horário Padrão de Brasília),
1575,03-0240,MG10202VJ0031,concluida,CORRETIVA,,false,,Mon May 25 2026 00:00:00 GMT-0300 (Horário Padrão de Brasília),Mon May 18 2026 00:00:00 GMT-0300 (Horário Padrão de Brasília),,,,,,Sat Jun 13 2026 23:09:34 GMT-0300 (Horário Padrão de Brasília),
1576,03-0088,MG10101VJ0007,concluida,CORRETIVA,,true,,Mon May 25 2026 00:00:00 GMT-0300 (Horário Padrão de Brasília),Mon May 25 2026 00:00:00 GMT-0300 (Horário Padrão de Brasília),1,100.00,,,,Sat Jun 13 2026 23:09:34 GMT-0300 (Horário Padrão de Brasília),
1577,03-0250,MG10202VJ0028,concluida,CORRETIVA,,false,,Mon May 25 2026 00:00:00 GMT-0300 (Horário Padrão de Brasília),Mon May 18 2026 00:00:00 GMT-0300 (Horário Padrão de Brasília),,,,,,Sat Jun 13 2026 23:09:34 GMT-0300 (Horário Padrão de Brasília),
1578,03-0017,MG10101VJ0012,concluida,CORRETIVA,,true,,Mon May 25 2026 00:00:00 GMT-0300 (Horário Padrão de Brasília),Mon May 25 2026 00:00:00 GMT-0300 (Horário Padrão de Brasília),0.59,59.00,,,,Sat Jun 13 2026 23:09:34 GMT-0300 (Horário Padrão de Brasília),
1579,03-0069,MG10101VJ0004,concluida,CORRETIVA,,false,,Mon May 25 2026 00:00:00 GMT-0300 (Horário Padrão de Brasília),Wed Apr 29 2026 00:00:00 GMT-0300 (Horário Padrão de Brasília),,,,,,Sat Jun 13 2026 23:09:34 GMT-0300 (Horário Padrão de Brasília),
1580,03-0308,MG10202VJ0033,concluida,CORRETIVA,,true,,Mon May 25 2026 00:00:00 GMT-0300 (Horário Padrão de Brasília),Mon May 25 2026 00:00:00 GMT-0300 (Horário Padrão de Brasília),0.8,80.00,,,,Sat Jun 13 2026 23:09:34 GMT-0300 (Horário Padrão de Brasília),
1581,03-0309,MG10202VJ0023,concluida,CORRETIVA,,false,,Mon May 25 2026 00:00:00 GMT-0300 (Horário Padrão de Brasília),Wed May 20 2026 00:00:00 GMT-0300 (Horário Padrão de Brasília),,,,,,Sat Jun 13 2026 23:09:34 GMT-0300 (Horário Padrão de Brasília),
1582,03-0066,CV10203VJ0048,concluida,DESNECESSÁRIA,,true,,Tue May 26 2026 00:00:00 GMT-0300 (Horário Padrão de Brasília),Tue May 26 2026 00:00:00 GMT-0300 (Horário Padrão de Brasília),0.79,79.00,,,,Sat Jun 13 2026 23:09:34 GMT-0300 (Horário Padrão de Brasília),
1583,03-0011,CV10203VJ0051,concluida,DESNECESSÁRIA,,true,,Tue May 26 2026 00:00:00 GMT-0300 (Horário Padrão de Brasília),Tue May 26 2026 00:00:00 GMT-0300 (Horário Padrão de Brasília),0.98,98.00,,,,Sat Jun 13 2026 23:09:34 GMT-0300 (Horário Padrão de Brasília),
1584,03-0100,CV10203VJ0054,concluida,DESNECESSÁRIA,,true,,Tue May 26 2026 00:00:00 GMT-0300 (Horário Padrão de Brasília),Tue May 26 2026 00:00:00 GMT-0300 (Horário Padrão de Brasília),1,100.00,,,,Sat Jun 13 2026 23:09:34 GMT-0300 (Horário Padrão de Brasília),
1585,03-0035,CV10203VJ0061,concluida,DESNECESSÁRIA,,true,,Tue May 26 2026 00:00:00 GMT-0300 (Horário Padrão de Brasília),Tue May 26 2026 00:00:00 GMT-0300 (Horário Padrão de Brasília),1,100.00,,,,Sat Jun 13 2026 23:09:34 GMT-0300 (Horário Padrão de Brasília),
1586,03-0098,CV10203VJ0062,concluida,CORRETIVA,,true,,Tue May 26 2026 00:00:00 GMT-0300 (Horário Padrão de Brasília),Tue May 26 2026 00:00:00 GMT-0300 (Horário Padrão de Brasília),0.84,84.00,,,,Sat Jun 13 2026 23:09:34 GMT-0300 (Horário Padrão de Brasília),
1587,03-0083,CV10203VJ0063,concluida,DESNECESSÁRIA,,true,,Tue May 26 2026 00:00:00 GMT-0300 (Horário Padrão de Brasília),Tue May 26 2026 00:00:00 GMT-0300 (Horário Padrão de Brasília),0.69,69.00,,,,Sat Jun 13 2026 23:09:34 GMT-0300 (Horário Padrão de Brasília),
1588,03-0050,CV10203VJ0064,concluida,DESNECESSÁRIA,,true,,Tue May 26 2026 00:00:00 GMT-0300 (Horário Padrão de Brasília),Tue May 26 2026 00:00:00 GMT-0300 (Horário Padrão de Brasília),0.48,48.00,,,,Sat Jun 13 2026 23:09:34 GMT-0300 (Horário Padrão de Brasília),
1589,03-0036,CV10101VL0001,concluida,DESNECESSÁRIA,,true,,Tue May 26 2026 00:00:00 GMT-0300 (Horário Padrão de Brasília),Tue May 26 2026 00:00:00 GMT-0300 (Horário Padrão de Brasília),0.94,94.00,,,,Sat Jun 13 2026 23:09:34 GMT-0300 (Horário Padrão de Brasília),
1590,03-0130,CV10102VJ0010,concluida,DESNECESSÁRIA,,true,,Tue May 26 2026 00:00:00 GMT-0300 (Horário Padrão de Brasília),Tue May 26 2026 00:00:00 GMT-0300 (Horário Padrão de Brasília),1,100.00,,,,Sat Jun 13 2026 23:09:34 GMT-0300 (Horário Padrão de Brasília),
1591,03-0278,ST10101VJ0010,concluida,CORRETIVA,,true,,Tue May 26 2026 00:00:00 GMT-0300 (Horário Padrão de Brasília),Tue May 26 2026 00:00:00 GMT-0300 (Horário Padrão de Brasília),0.79,79.00,,,,Sat Jun 13 2026 23:09:34 GMT-0300 (Horário Padrão de Brasília),
1592,03-0172,MG10203VJ0047,concluida,DESNECESSÁRIA,,true,,Tue May 26 2026 00:00:00 GMT-0300 (Horário Padrão de Brasília),Tue May 26 2026 00:00:00 GMT-0300 (Horário Padrão de Brasília),0.64,64.00,,,,Sat Jun 13 2026 23:09:34 GMT-0300 (Horário Padrão de Brasília),
1593,03-0211,MG10203VJ0049,concluida,DESNECESSÁRIA,,true,,Tue May 26 2026 00:00:00 GMT-0300 (Horário Padrão de Brasília),Tue May 26 2026 00:00:00 GMT-0300 (Horário Padrão de Brasília),0.38,38.00,,,,Sat Jun 13 2026 23:09:34 GMT-0300 (Horário Padrão de Brasília),
1594,03-0183,MG10203VJ0050,concluida,DESNECESSÁRIA,,true,,Tue May 26 2026 00:00:00 GMT-0300 (Horário Padrão de Brasília),Tue May 26 2026 00:00:00 GMT-0300 (Horário Padrão de Brasília),0.79,79.00,,,,Sat Jun 13 2026 23:09:34 GMT-0300 (Horário Padrão de Brasília),
1595,03-0200,MG10203VJ0054,concluida,PREVENTIVA,,true,,Tue May 26 2026 00:00:00 GMT-0300 (Horário Padrão de Brasília),Tue May 26 2026 00:00:00 GMT-0300 (Horário Padrão de Brasília),0.84,84.00,,,,Sat Jun 13 2026 23:09:34 GMT-0300 (Horário Padrão de Brasília),
1596,03-0202,MG10203VP0037,concluida,CORRETIVA,,true,,Tue May 26 2026 00:00:00 GMT-0300 (Horário Padrão de Brasília),Tue May 26 2026 00:00:00 GMT-0300 (Horário Padrão de Brasília),1,100.00,,,,Sat Jun 13 2026 23:09:34 GMT-0300 (Horário Padrão de Brasília),
1597,03-0209,MG10203VP0036,concluida,PREVENTIVA,,true,,Tue May 26 2026 00:00:00 GMT-0300 (Horário Padrão de Brasília),Tue May 26 2026 00:00:00 GMT-0300 (Horário Padrão de Brasília),1,100.00,,,,Sat Jun 13 2026 23:09:34 GMT-0300 (Horário Padrão de Brasília),
1598,03-0260,MG10303VP0041/42/43/44/45,concluida,CORRETIVA,,true,,Tue May 26 2026 00:00:00 GMT-0300 (Horário Padrão de Brasília),Tue May 26 2026 00:00:00 GMT-0300 (Horário Padrão de Brasília),0.81,81.00,,,,Sat Jun 13 2026 23:09:34 GMT-0300 (Horário Padrão de Brasília),
1599,03-0228,MG10203VP0035,concluida,DESNECESSÁRIA,,true,,Tue May 26 2026 00:00:00 GMT-0300 (Horário Padrão de Brasília),Tue May 26 2026 00:00:00 GMT-0300 (Horário Padrão de Brasília),0.83,83.00,,,,Sat Jun 13 2026 23:09:34 GMT-0300 (Horário Padrão de Brasília),
1600,03-0300,MG10203VP0032/33,concluida,DESNECESSÁRIA,,true,,Tue May 26 2026 00:00:00 GMT-0300 (Horário Padrão de Brasília),Tue May 26 2026 00:00:00 GMT-0300 (Horário Padrão de Brasília),0.85,85.00,,,,Sat Jun 13 2026 23:09:34 GMT-0300 (Horário Padrão de Brasília),
1601,03-0297,MG10203VP0026/27,concluida,CORRETIVA,,true,,Tue May 26 2026 00:00:00 GMT-0300 (Horário Padrão de Brasília),Tue May 26 2026 00:00:00 GMT-0300 (Horário Padrão de Brasília),0.84,84.00,,,,Sat Jun 13 2026 23:09:34 GMT-0300 (Horário Padrão de Brasília),
1602,03-0143,JT10304VJ0038,concluida,CORRETIVA,,true,,Wed May 27 2026 00:00:00 GMT-0300 (Horário Padrão de Brasília),Wed May 27 2026 00:00:00 GMT-0300 (Horário Padrão de Brasília),0.96,96.00,,,,Sat Jun 13 2026 23:09:34 GMT-0300 (Horário Padrão de Brasília),
1603,03-0016,JT10304VJ0050,concluida,CORRETIVA,,true,,Wed May 27 2026 00:00:00 GMT-0300 (Horário Padrão de Brasília),Wed May 27 2026 00:00:00 GMT-0300 (Horário Padrão de Brasília),0.89,89.00,,,,Sat Jun 13 2026 23:09:34 GMT-0300 (Horário Padrão de Brasília),
1604,03-0024,JT10304VJ0046,concluida,CORRETIVA,,true,,Wed May 27 2026 00:00:00 GMT-0300 (Horário Padrão de Brasília),Wed May 27 2026 00:00:00 GMT-0300 (Horário Padrão de Brasília),0.73,73.00,,,,Sat Jun 13 2026 23:09:34 GMT-0300 (Horário Padrão de Brasília),
1605,03-0032,JT10304VJ0051,concluida,CORRETIVA,,true,,Wed May 27 2026 00:00:00 GMT-0300 (Horário Padrão de Brasília),Wed May 27 2026 00:00:00 GMT-0300 (Horário Padrão de Brasília),0.89,89.00,,,,Sat Jun 13 2026 23:09:34 GMT-0300 (Horário Padrão de Brasília),
1606,03-0160,JT10304VP0013,concluida,CORRETIVA,,false,,Wed May 27 2026 00:00:00 GMT-0300 (Horário Padrão de Brasília),Mon May 04 2026 00:00:00 GMT-0300 (Horário Padrão de Brasília),,,,,,Sat Jun 13 2026 23:09:34 GMT-0300 (Horário Padrão de Brasília),
1607,03-0162,JT10304VP0012,concluida,CORRETIVA,,false,,Wed May 27 2026 00:00:00 GMT-0300 (Horário Padrão de Brasília),Tue May 05 2026 00:00:00 GMT-0300 (Horário Padrão de Brasília),,,,,,Sat Jun 13 2026 23:09:34 GMT-0300 (Horário Padrão de Brasília),
1608,03-0059,JT20102VJ0003,concluida,CORRETIVA,,true,,Wed May 27 2026 00:00:00 GMT-0300 (Horário Padrão de Brasília),Wed May 27 2026 00:00:00 GMT-0300 (Horário Padrão de Brasília),0.86,86.00,,,,Sat Jun 13 2026 23:09:34 GMT-0300 (Horário Padrão de Brasília),
1609,03-0153,JT10101VP0002/03,concluida,CORRETIVA,,true,,Wed May 27 2026 00:00:00 GMT-0300 (Horário Padrão de Brasília),Wed May 27 2026 00:00:00 GMT-0300 (Horário Padrão de Brasília),0.89,89.00,,,,Sat Jun 13 2026 23:09:34 GMT-0300 (Horário Padrão de Brasília),
1610,03-0103,JT20102VJ0001,concluida,CORRETIVA,,false,,Wed May 27 2026 00:00:00 GMT-0300 (Horário Padrão de Brasília),Fri May 22 2026 00:00:00 GMT-0300 (Horário Padrão de Brasília),,,,,,Sat Jun 13 2026 23:09:34 GMT-0300 (Horário Padrão de Brasília),
1611,03-0025,JT10304VJ0043,concluida,CORRETIVA,,true,,Wed May 27 2026 00:00:00 GMT-0300 (Horário Padrão de Brasília),Wed May 27 2026 00:00:00 GMT-0300 (Horário Padrão de Brasília),0.89,89.00,,,,Sat Jun 13 2026 23:09:34 GMT-0300 (Horário Padrão de Brasília),
1612,03-0019,JT10304VJ0049,concluida,CORRETIVA,,true,,Wed May 27 2026 00:00:00 GMT-0300 (Horário Padrão de Brasília),Wed May 27 2026 00:00:00 GMT-0300 (Horário Padrão de Brasília),0.82,82.00,,,,Sat Jun 13 2026 23:09:34 GMT-0300 (Horário Padrão de Brasília),
1613,03-0174,ST10202VJ0072,concluida,PREVENTIVA,,true,,Wed May 27 2026 00:00:00 GMT-0300 (Horário Padrão de Brasília),Wed May 27 2026 00:00:00 GMT-0300 (Horário Padrão de Brasília),0.96,96.00,,,,Sat Jun 13 2026 23:09:34 GMT-0300 (Horário Padrão de Brasília),
1614,03-0282,ST10202VJ0073,concluida,CORRETIVA,,true,,Wed May 27 2026 00:00:00 GMT-0300 (Horário Padrão de Brasília),Wed May 27 2026 00:00:00 GMT-0300 (Horário Padrão de Brasília),0.88,88.00,,,,Sat Jun 13 2026 23:09:34 GMT-0300 (Horário Padrão de Brasília),
1615,03-0252,ST10304VJ0054,concluida,CORRETIVA,,true,,Wed May 27 2026 00:00:00 GMT-0300 (Horário Padrão de Brasília),Wed May 27 2026 00:00:00 GMT-0300 (Horário Padrão de Brasília),1,100.00,,,,Sat Jun 13 2026 23:09:34 GMT-0300 (Horário Padrão de Brasília),
1616,03-0293,ST10101VJ0023,concluida,PREVENTIVA,,true,,Wed May 27 2026 00:00:00 GMT-0300 (Horário Padrão de Brasília),Wed May 27 2026 00:00:00 GMT-0300 (Horário Padrão de Brasília),1,100.00,,,,Sat Jun 13 2026 23:09:34 GMT-0300 (Horário Padrão de Brasília),
1617,03-0148,ST10304VJ0067,concluida,CORRETIVA,,true,,Wed May 27 2026 00:00:00 GMT-0300 (Horário Padrão de Brasília),Wed May 27 2026 00:00:00 GMT-0300 (Horário Padrão de Brasília),0.94,94.00,,,,Sat Jun 13 2026 23:09:34 GMT-0300 (Horário Padrão de Brasília),
1618,03-0150,ST10304VJ0066,concluida,CORRETIVA,,true,,Wed May 27 2026 00:00:00 GMT-0300 (Horário Padrão de Brasília),Wed May 27 2026 00:00:00 GMT-0300 (Horário Padrão de Brasília),1,100.00,,,,Sat Jun 13 2026 23:09:34 GMT-0300 (Horário Padrão de Brasília),
1619,03-0189,ST10304VJ0061,concluida,CORRETIVA,,true,,Wed May 27 2026 00:00:00 GMT-0300 (Horário Padrão de Brasília),Wed May 27 2026 00:00:00 GMT-0300 (Horário Padrão de Brasília),0.74,74.00,,,,Sat Jun 13 2026 23:09:34 GMT-0300 (Horário Padrão de Brasília),
1620,03-0322,ST10304VJ0063,concluida,CORRETIVA,,false,,Wed May 27 2026 00:00:00 GMT-0300 (Horário Padrão de Brasília),Wed May 20 2026 00:00:00 GMT-0300 (Horário Padrão de Brasília),,,,,,Sat Jun 13 2026 23:09:34 GMT-0300 (Horário Padrão de Brasília),
1621,03-0329,ST10304VJ0064,concluida,CORRETIVA,,true,,Wed May 27 2026 00:00:00 GMT-0300 (Horário Padrão de Brasília),Wed May 27 2026 00:00:00 GMT-0300 (Horário Padrão de Brasília),0.89,89.00,,,,Sat Jun 13 2026 23:09:34 GMT-0300 (Horário Padrão de Brasília),
1622,03-0245,ST10101VJ0012,concluida,CORRETIVA,,true,,Wed May 27 2026 00:00:00 GMT-0300 (Horário Padrão de Brasília),Wed May 27 2026 00:00:00 GMT-0300 (Horário Padrão de Brasília),0.83,83.00,,,,Sat Jun 13 2026 23:09:34 GMT-0300 (Horário Padrão de Brasília),
1623,03-0267,ST10101VJ0007,concluida,CORRETIVA,,true,,Wed May 27 2026 00:00:00 GMT-0300 (Horário Padrão de Brasília),Wed May 27 2026 00:00:00 GMT-0300 (Horário Padrão de Brasília),1,100.00,,,,Sat Jun 13 2026 23:09:34 GMT-0300 (Horário Padrão de Brasília),
1624,03-0152,ST10102VL0001,concluida,CORRETIVA,,true,,Wed May 27 2026 00:00:00 GMT-0300 (Horário Padrão de Brasília),Wed May 27 2026 00:00:00 GMT-0300 (Horário Padrão de Brasília),1,100.00,,,,Sat Jun 13 2026 23:09:34 GMT-0300 (Horário Padrão de Brasília),
1625,03-0156,JT10302VP0004/05,concluida,CORRETIVA,,true,,Thu May 28 2026 00:00:00 GMT-0300 (Horário Padrão de Brasília),Thu May 28 2026 00:00:00 GMT-0300 (Horário Padrão de Brasília),0.89,89.00,,,,Sat Jun 13 2026 23:09:34 GMT-0300 (Horário Padrão de Brasília),
1626,03-0304,JT10302VP0006/07,concluida,CORRETIVA,,true,,Thu May 28 2026 00:00:00 GMT-0300 (Horário Padrão de Brasília),Thu May 28 2026 00:00:00 GMT-0300 (Horário Padrão de Brasília),0.78,78.00,,,,Sat Jun 13 2026 23:09:34 GMT-0300 (Horário Padrão de Brasília),
1627,03-0023,JT10102VJ0003,concluida,CORRETIVA,,false,,Thu May 28 2026 00:00:00 GMT-0300 (Horário Padrão de Brasília),Mon May 25 2026 00:00:00 GMT-0300 (Horário Padrão de Brasília),,,,,,Sat Jun 13 2026 23:09:34 GMT-0300 (Horário Padrão de Brasília),
1628,03-0030,JT10302VJ0015,concluida,CORRETIVA,,true,,Thu May 28 2026 00:00:00 GMT-0300 (Horário Padrão de Brasília),Thu May 28 2026 00:00:00 GMT-0300 (Horário Padrão de Brasília),0.84,84.00,,,,Sat Jun 13 2026 23:09:34 GMT-0300 (Horário Padrão de Brasília),
1629,03-0076,JT10302VJ0057,concluida,CORRETIVA,,true,,Thu May 28 2026 00:00:00 GMT-0300 (Horário Padrão de Brasília),Thu May 28 2026 00:00:00 GMT-0300 (Horário Padrão de Brasília),0.84,84.00,,,,Sat Jun 13 2026 23:09:34 GMT-0300 (Horário Padrão de Brasília),
1630,03-0049,JT10102VJ0001,concluida,CORRETIVA,,true,,Thu May 28 2026 00:00:00 GMT-0300 (Horário Padrão de Brasília),Thu May 28 2026 00:00:00 GMT-0300 (Horário Padrão de Brasília),0.99,99.00,,,,Sat Jun 13 2026 23:09:34 GMT-0300 (Horário Padrão de Brasília),
1631,03-0140,JT10203VJ0053,concluida,CORRETIVA,,true,,Thu May 28 2026 00:00:00 GMT-0300 (Horário Padrão de Brasília),Thu May 28 2026 00:00:00 GMT-0300 (Horário Padrão de Brasília),0.88,88.00,,,,Sat Jun 13 2026 23:09:34 GMT-0300 (Horário Padrão de Brasília),
1632,03-0325,MG10203VJ0056,concluida,CORRETIVA,,true,,Thu May 28 2026 00:00:00 GMT-0300 (Horário Padrão de Brasília),Thu May 28 2026 00:00:00 GMT-0300 (Horário Padrão de Brasília),0.79,79.00,,,,Sat Jun 13 2026 23:09:34 GMT-0300 (Horário Padrão de Brasília),
1633,03-0221,MG10203VJ0062,concluida,CORRETIVA,,true,,Thu May 28 2026 00:00:00 GMT-0300 (Horário Padrão de Brasília),Thu May 28 2026 00:00:00 GMT-0300 (Horário Padrão de Brasília),1,100.00,,,,Sat Jun 13 2026 23:09:34 GMT-0300 (Horário Padrão de Brasília),
1634,03-0146,MG10203VP0025,concluida,CORRETIVA,,false,,Thu May 28 2026 00:00:00 GMT-0300 (Horário Padrão de Brasília),Wed May 27 2026 00:00:00 GMT-0300 (Horário Padrão de Brasília),,,,,,Sat Jun 13 2026 23:09:34 GMT-0300 (Horário Padrão de Brasília),
1635,03-0256,MG10203VJ0061,concluida,CORRETIVA,,true,,Thu May 28 2026 00:00:00 GMT-0300 (Horário Padrão de Brasília),Thu May 28 2026 00:00:00 GMT-0300 (Horário Padrão de Brasília),0.8,80.00,,,,Sat Jun 13 2026 23:09:34 GMT-0300 (Horário Padrão de Brasília),
1636,03-0265,ST10302VJ0037,concluida,CORRETIVA,,true,,Thu May 28 2026 00:00:00 GMT-0300 (Horário Padrão de Brasília),Thu May 28 2026 00:00:00 GMT-0300 (Horário Padrão de Brasília),0.97,97.00,,,,Sat Jun 13 2026 23:09:34 GMT-0300 (Horário Padrão de Brasília),
1637,03-0168,ST10302VJ0029,concluida,CORRETIVA,,true,,Thu May 28 2026 00:00:00 GMT-0300 (Horário Padrão de Brasília),Thu May 28 2026 00:00:00 GMT-0300 (Horário Padrão de Brasília),0.99,99.00,,,,Sat Jun 13 2026 23:09:34 GMT-0300 (Horário Padrão de Brasília),
1638,03-0173,ST10302VJ0028,concluida,CORRETIVA,,true,,Thu May 28 2026 00:00:00 GMT-0300 (Horário Padrão de Brasília),Thu May 28 2026 00:00:00 GMT-0300 (Horário Padrão de Brasília),0.98,98.00,,,,Sat Jun 13 2026 23:09:34 GMT-0300 (Horário Padrão de Brasília),
1639,03-0192,ST10302VJ0032,concluida,CORRETIVA,,false,,Thu May 28 2026 00:00:00 GMT-0300 (Horário Padrão de Brasília),Mon May 25 2026 00:00:00 GMT-0300 (Horário Padrão de Brasília),,,,,,Sat Jun 13 2026 23:09:34 GMT-0300 (Horário Padrão de Brasília),
1640,03-0225,ST10302VJ0027,concluida,CORRETIVA,,false,,Thu May 28 2026 00:00:00 GMT-0300 (Horário Padrão de Brasília),Mon May 25 2026 00:00:00 GMT-0300 (Horário Padrão de Brasília),,,,,,Sat Jun 13 2026 23:09:34 GMT-0300 (Horário Padrão de Brasília),
1641,03-0283,ST10302VJ0034,concluida,CORRETIVA,,true,,Thu May 28 2026 00:00:00 GMT-0300 (Horário Padrão de Brasília),Thu May 28 2026 00:00:00 GMT-0300 (Horário Padrão de Brasília),0.99,99.00,,,,Sat Jun 13 2026 23:09:34 GMT-0300 (Horário Padrão de Brasília),
1642,03-0291,ST10302VJ0024,concluida,CORRETIVA,,false,,Thu May 28 2026 00:00:00 GMT-0300 (Horário Padrão de Brasília),Sun Apr 19 2026 00:00:00 GMT-0300 (Horário Padrão de Brasília),,,,,,Sat Jun 13 2026 23:09:34 GMT-0300 (Horário Padrão de Brasília),
1643,03-0311,ST10101VJ0013,concluida,CORRETIVA,,false,,Thu May 28 2026 00:00:00 GMT-0300 (Horário Padrão de Brasília),Wed May 27 2026 00:00:00 GMT-0300 (Horário Padrão de Brasília),,,,,,Sat Jun 13 2026 23:09:34 GMT-0300 (Horário Padrão de Brasília),
1644,03-0195,ST10302VJ0033,concluida,CORRETIVA,,true,,Thu May 28 2026 00:00:00 GMT-0300 (Horário Padrão de Brasília),Thu May 28 2026 00:00:00 GMT-0300 (Horário Padrão de Brasília),1,100.00,,,,Sat Jun 13 2026 23:09:34 GMT-0300 (Horário Padrão de Brasília),
1645,03-0262,ST10203VJ0075,concluida,CORRETIVA,,true,,Thu May 28 2026 00:00:00 GMT-0300 (Horário Padrão de Brasília),Thu May 28 2026 00:00:00 GMT-0300 (Horário Padrão de Brasília),0.74,74.00,,,,Sat Jun 13 2026 23:09:34 GMT-0300 (Horário Padrão de Brasília),
1646,03-0273,ST10101VJ0005,concluida,CORRETIVA,,true,,Thu May 28 2026 00:00:00 GMT-0300 (Horário Padrão de Brasília),Thu May 28 2026 00:00:00 GMT-0300 (Horário Padrão de Brasília),0.99,99.00,,,,Sat Jun 13 2026 23:09:34 GMT-0300 (Horário Padrão de Brasília),
1647,03-0118,CV10202VJ0045,concluida,CORRETIVA,,true,,Fri May 29 2026 00:00:00 GMT-0300 (Horário Padrão de Brasília),Fri May 29 2026 00:00:00 GMT-0300 (Horário Padrão de Brasília),0.98,98.00,,,,Sat Jun 13 2026 23:09:34 GMT-0300 (Horário Padrão de Brasília),
1648,03-0121,CV10202VJ0040,concluida,CORRETIVA,,true,,Fri May 29 2026 00:00:00 GMT-0300 (Horário Padrão de Brasília),Fri May 29 2026 00:00:00 GMT-0300 (Horário Padrão de Brasília),0.94,94.00,,,,Sat Jun 13 2026 23:09:34 GMT-0300 (Horário Padrão de Brasília),
1649,03-0213,CV10101VP0004,concluida,CORRETIVA,,false,,Fri May 29 2026 00:00:00 GMT-0300 (Horário Padrão de Brasília),Tue May 26 2026 00:00:00 GMT-0300 (Horário Padrão de Brasília),,,,,,Sat Jun 13 2026 23:09:34 GMT-0300 (Horário Padrão de Brasília),
1650,03-0136,CV10202VJ0031,concluida,CORRETIVA,,true,,Fri May 29 2026 00:00:00 GMT-0300 (Horário Padrão de Brasília),Fri May 29 2026 00:00:00 GMT-0300 (Horário Padrão de Brasília),0.81,81.00,,,,Sat Jun 13 2026 23:09:34 GMT-0300 (Horário Padrão de Brasília),
1651,03-0115,CV10202VJ0037,concluida,PREVENTIVA,,true,,Fri May 29 2026 00:00:00 GMT-0300 (Horário Padrão de Brasília),Fri May 29 2026 00:00:00 GMT-0300 (Horário Padrão de Brasília),0.64,64.00,,,,Sat Jun 13 2026 23:09:34 GMT-0300 (Horário Padrão de Brasília),
1652,03-0294,CV10202VP0012,concluida,PREVENTIVA,,true,,Fri May 29 2026 00:00:00 GMT-0300 (Horário Padrão de Brasília),Fri May 29 2026 00:00:00 GMT-0300 (Horário Padrão de Brasília),0.91,91.00,,,,Sat Jun 13 2026 23:09:34 GMT-0300 (Horário Padrão de Brasília),
1653,03-0133,JT10303VJ0031,concluida,CORRETIVA,,false,,Fri May 29 2026 00:00:00 GMT-0300 (Horário Padrão de Brasília),Fri Apr 10 2026 00:00:00 GMT-0300 (Horário Padrão de Brasília),,,,,,Sat Jun 13 2026 23:09:34 GMT-0300 (Horário Padrão de Brasília),
1654,03-0165,JT10303VP0008/09,concluida,CORRETIVA,,true,,Fri May 29 2026 00:00:00 GMT-0300 (Horário Padrão de Brasília),Fri May 29 2026 00:00:00 GMT-0300 (Horário Padrão de Brasília),0,0.00,,,,Sat Jun 13 2026 23:09:34 GMT-0300 (Horário Padrão de Brasília),
1655,03-0053,JT10303VJ0034,concluida,CORRETIVA,,true,,Fri May 29 2026 00:00:00 GMT-0300 (Horário Padrão de Brasília),Fri May 29 2026 00:00:00 GMT-0300 (Horário Padrão de Brasília),0.88,88.00,,,,Sat Jun 13 2026 23:09:34 GMT-0300 (Horário Padrão de Brasília),
1656,03-0075,MG10101VJ0010,concluida,CORRETIVA,,true,,Fri May 29 2026 00:00:00 GMT-0300 (Horário Padrão de Brasília),Fri May 29 2026 00:00:00 GMT-0300 (Horário Padrão de Brasília),0.84,84.00,,,,Sat Jun 13 2026 23:09:34 GMT-0300 (Horário Padrão de Brasília),
1657,03-0180,MG10202VJ0037,concluida,CORRETIVA,,true,,Fri May 29 2026 00:00:00 GMT-0300 (Horário Padrão de Brasília),Fri May 29 2026 00:00:00 GMT-0300 (Horário Padrão de Brasília),0.94,94.00,,,,Sat Jun 13 2026 23:09:34 GMT-0300 (Horário Padrão de Brasília),
1658,03-0204,MG10202VP0001/02/03,concluida,CORRETIVA,,true,,Fri May 29 2026 00:00:00 GMT-0300 (Horário Padrão de Brasília),Fri May 29 2026 00:00:00 GMT-0300 (Horário Padrão de Brasília),0.79,79.00,,,,Sat Jun 13 2026 23:09:34 GMT-0300 (Horário Padrão de Brasília),
1659,03-0312,MG10202VJ0024,concluida,CORRETIVA,,true,,Fri May 29 2026 00:00:00 GMT-0300 (Horário Padrão de Brasília),Fri May 29 2026 00:00:00 GMT-0300 (Horário Padrão de Brasília),0.89,89.00,,,,Sat Jun 13 2026 23:09:34 GMT-0300 (Horário Padrão de Brasília),
1660,03-0327,MG10202VP0010/11/12,concluida,CORRETIVA,,true,,Fri May 29 2026 00:00:00 GMT-0300 (Horário Padrão de Brasília),Fri May 29 2026 00:00:00 GMT-0300 (Horário Padrão de Brasília),0.79,79.00,,,,Sat Jun 13 2026 23:09:34 GMT-0300 (Horário Padrão de Brasília),
1661,03-0330,MG10202VP0004/05,concluida,CORRETIVA,,true,,Fri May 29 2026 00:00:00 GMT-0300 (Horário Padrão de Brasília),Fri May 29 2026 00:00:00 GMT-0300 (Horário Padrão de Brasília),0.78,78.00,,,,Sat Jun 13 2026 23:09:34 GMT-0300 (Horário Padrão de Brasília),
1662,03-0072,MG10101VJ0011,concluida,PREVENTIVA,,true,,Fri May 29 2026 00:00:00 GMT-0300 (Horário Padrão de Brasília),Fri May 29 2026 00:00:00 GMT-0300 (Horário Padrão de Brasília),0.89,89.00,,,,Sat Jun 13 2026 23:09:34 GMT-0300 (Horário Padrão de Brasília),
1663,03-0119,MG10101VJ0003,concluida,PREVENTIVA,,true,,Fri May 29 2026 00:00:00 GMT-0300 (Horário Padrão de Brasília),Fri May 29 2026 00:00:00 GMT-0300 (Horário Padrão de Brasília),0.74,74.00,,,,Sat Jun 13 2026 23:09:34 GMT-0300 (Horário Padrão de Brasília),
1664,03-0246,ST10303VJ0050,concluida,CORRETIVA,,true,,Fri May 29 2026 00:00:00 GMT-0300 (Horário Padrão de Brasília),Fri May 29 2026 00:00:00 GMT-0300 (Horário Padrão de Brasília),1,100.00,,,,Sat Jun 13 2026 23:09:34 GMT-0300 (Horário Padrão de Brasília),
1665,03-0187,ST10303VJ0053,concluida,CORRETIVA,,true,,Fri May 29 2026 00:00:00 GMT-0300 (Horário Padrão de Brasília),Fri May 29 2026 00:00:00 GMT-0300 (Horário Padrão de Brasília),0.84,84.00,,,,Sat Jun 13 2026 23:09:34 GMT-0300 (Horário Padrão de Brasília),
1666,03-0232,ST10303VJ0042,concluida,CORRETIVA,,true,,Fri May 29 2026 00:00:00 GMT-0300 (Horário Padrão de Brasília),Fri May 29 2026 00:00:00 GMT-0300 (Horário Padrão de Brasília),0.94,94.00,,,,Sat Jun 13 2026 23:09:34 GMT-0300 (Horário Padrão de Brasília),
1667,03-0270,ST10101VJ0009,concluida,CORRETIVA,,true,,Fri May 29 2026 00:00:00 GMT-0300 (Horário Padrão de Brasília),Fri May 29 2026 00:00:00 GMT-0300 (Horário Padrão de Brasília),1,100.00,,,,Sat Jun 13 2026 23:09:34 GMT-0300 (Horário Padrão de Brasília),
1668,03-0302,ST10101VJ0006,concluida,CORRETIVA,,false,,Fri May 29 2026 00:00:00 GMT-0300 (Horário Padrão de Brasília),Thu May 28 2026 00:00:00 GMT-0300 (Horário Padrão de Brasília),,,,,,Sat Jun 13 2026 23:09:34 GMT-0300 (Horário Padrão de Brasília),
1669,03-0015,CV10203VJ0057,concluida,CORRETIVA,,true,,Sat May 30 2026 00:00:00 GMT-0300 (Horário Padrão de Brasília),Sat May 30 2026 00:00:00 GMT-0300 (Horário Padrão de Brasília),0.89,89.00,,,,Sat Jun 13 2026 23:09:34 GMT-0300 (Horário Padrão de Brasília),
1670,03-0034,CV10203VJ0059,concluida,CORRETIVA,,true,,Sat May 30 2026 00:00:00 GMT-0300 (Horário Padrão de Brasília),Sat May 30 2026 00:00:00 GMT-0300 (Horário Padrão de Brasília),0.94,94.00,,,,Sat Jun 13 2026 23:09:34 GMT-0300 (Horário Padrão de Brasília),
1671,03-0112,CV10101VJ0006,concluida,CORRETIVA,,true,,Sat May 30 2026 00:00:00 GMT-0300 (Horário Padrão de Brasília),Sat May 30 2026 00:00:00 GMT-0300 (Horário Padrão de Brasília),0.66,66.00,,,,Sat Jun 13 2026 23:09:34 GMT-0300 (Horário Padrão de Brasília),
1672,03-0007,JT10304VJ0048,concluida,PREVENTIVA,,true,,Sat May 30 2026 00:00:00 GMT-0300 (Horário Padrão de Brasília),Sat May 30 2026 00:00:00 GMT-0300 (Horário Padrão de Brasília),0,0.00,,,,Sat Jun 13 2026 23:09:34 GMT-0300 (Horário Padrão de Brasília),
1673,03-0054,JT10304VJ0040,concluida,CORRETIVA,,true,,Sat May 30 2026 00:00:00 GMT-0300 (Horário Padrão de Brasília),Sat May 30 2026 00:00:00 GMT-0300 (Horário Padrão de Brasília),0.62,62.00,,,,Sat Jun 13 2026 23:09:34 GMT-0300 (Horário Padrão de Brasília),
1674,03-0104,JT10304VJ0045,concluida,CORRETIVA,,true,,Sat May 30 2026 00:00:00 GMT-0300 (Horário Padrão de Brasília),Sat May 30 2026 00:00:00 GMT-0300 (Horário Padrão de Brasília),0.74,74.00,,,,Sat Jun 13 2026 23:09:34 GMT-0300 (Horário Padrão de Brasília),
1675,03-0004,JT10304VJ0059,concluida,CORRETIVA,,true,,Sat May 30 2026 00:00:00 GMT-0300 (Horário Padrão de Brasília),Sat May 30 2026 00:00:00 GMT-0300 (Horário Padrão de Brasília),0.84,84.00,,,,Sat Jun 13 2026 23:09:34 GMT-0300 (Horário Padrão de Brasília),
1676,03-0027,JT10304VJ0052,concluida,CORRETIVA,,false,,Sat May 30 2026 00:00:00 GMT-0300 (Horário Padrão de Brasília),Wed May 20 2026 00:00:00 GMT-0300 (Horário Padrão de Brasília),,,,,,Sat Jun 13 2026 23:09:34 GMT-0300 (Horário Padrão de Brasília),
1677,03-0051,JT10304VJ0041,concluida,CORRETIVA,,true,,Sat May 30 2026 00:00:00 GMT-0300 (Horário Padrão de Brasília),Sat May 30 2026 00:00:00 GMT-0300 (Horário Padrão de Brasília),0.33,33.00,,,,Sat Jun 13 2026 23:09:34 GMT-0300 (Horário Padrão de Brasília),
1678,03-0091,JT10304VJ0044,concluida,CORRETIVA,,true,,Sat May 30 2026 00:00:00 GMT-0300 (Horário Padrão de Brasília),Sat May 30 2026 00:00:00 GMT-0300 (Horário Padrão de Brasília),0.74,74.00,,,,Sat Jun 13 2026 23:09:34 GMT-0300 (Horário Padrão de Brasília),
1679,03-0274,MG10203VJ0070,concluida,PREVENTIVA,,true,,Sat May 30 2026 00:00:00 GMT-0300 (Horário Padrão de Brasília),Sat May 30 2026 00:00:00 GMT-0300 (Horário Padrão de Brasília),0.89,89.00,,,,Sat Jun 13 2026 23:09:34 GMT-0300 (Horário Padrão de Brasília),
1680,03-0154,MG10203VJ0058,concluida,PREVENTIVA,,true,,Sat May 30 2026 00:00:00 GMT-0300 (Horário Padrão de Brasília),Sat May 30 2026 00:00:00 GMT-0300 (Horário Padrão de Brasília),0.86,86.00,,,,Sat Jun 13 2026 23:09:34 GMT-0300 (Horário Padrão de Brasília),
1681,03-0149,MG10203VP0030,concluida,CORRETIVA,,true,,Sat May 30 2026 00:00:00 GMT-0300 (Horário Padrão de Brasília),Sat May 30 2026 00:00:00 GMT-0300 (Horário Padrão de Brasília),0.83,83.00,,,,Sat Jun 13 2026 23:09:34 GMT-0300 (Horário Padrão de Brasília),
1682,03-0188,MG10203VJ0052,concluida,CORRETIVA,,true,,Sat May 30 2026 00:00:00 GMT-0300 (Horário Padrão de Brasília),Sat May 30 2026 00:00:00 GMT-0300 (Horário Padrão de Brasília),0.76,76.00,,,,Sat Jun 13 2026 23:09:34 GMT-0300 (Horário Padrão de Brasília),
1683,03-0205,ST10304VJ0058,concluida,PREVENTIVA,,true,,Sat May 30 2026 00:00:00 GMT-0300 (Horário Padrão de Brasília),Sat May 30 2026 00:00:00 GMT-0300 (Horário Padrão de Brasília),0.79,79.00,,,,Sat Jun 13 2026 23:09:34 GMT-0300 (Horário Padrão de Brasília),
1684,03-0313,ST10101VJ0016,concluida,CORRETIVA,,true,,Sat May 30 2026 00:00:00 GMT-0300 (Horário Padrão de Brasília),Sat May 30 2026 00:00:00 GMT-0300 (Horário Padrão de Brasília),0.79,79.00,,,,Sat Jun 13 2026 23:09:34 GMT-0300 (Horário Padrão de Brasília),
1685,03-0186,ST10304VJ0068,concluida,CORRETIVA,,true,,Sat May 30 2026 00:00:00 GMT-0300 (Horário Padrão de Brasília),Sat May 30 2026 00:00:00 GMT-0300 (Horário Padrão de Brasília),0.75,75.00,,,,Sat Jun 13 2026 23:09:34 GMT-0300 (Horário Padrão de Brasília),
1686,03-0298,ST10304VJ0057,concluida,CORRETIVA,,true,,Sat May 30 2026 00:00:00 GMT-0300 (Horário Padrão de Brasília),Sat May 30 2026 00:00:00 GMT-0300 (Horário Padrão de Brasília),0.74,74.00,,,,Sat Jun 13 2026 23:09:34 GMT-0300 (Horário Padrão de Brasília),
1687,03-0299,ST10304VJ0055,concluida,CORRETIVA,,true,,Sat May 30 2026 00:00:00 GMT-0300 (Horário Padrão de Brasília),Sat May 30 2026 00:00:00 GMT-0300 (Horário Padrão de Brasília),0.92,92.00,,,,Sat Jun 13 2026 23:09:34 GMT-0300 (Horário Padrão de Brasília),
1688,03-0326,ST10304VJ0062,concluida,CORRETIVA,,true,,Sat May 30 2026 00:00:00 GMT-0300 (Horário Padrão de Brasília),Sat May 30 2026 00:00:00 GMT-0300 (Horário Padrão de Brasília),0.64,64.00,,,,Sat Jun 13 2026 23:09:34 GMT-0300 (Horário Padrão de Brasília),
1689,03-0328,ST10304VJ0065,concluida,CORRETIVA,,false,,Sat May 30 2026 00:00:00 GMT-0300 (Horário Padrão de Brasília),Tue May 05 2026 00:00:00 GMT-0300 (Horário Padrão de Brasília),,,,,,Sat Jun 13 2026 23:09:34 GMT-0300 (Horário Padrão de Brasília),
1690,03-0196,ST10101VJ0014,concluida,CORRETIVA,,false,,Sat May 30 2026 00:00:00 GMT-0300 (Horário Padrão de Brasília),Fri May 08 2026 00:00:00 GMT-0300 (Horário Padrão de Brasília),,,,,,Sat Jun 13 2026 23:09:34 GMT-0300 (Horário Padrão de Brasília),
1691,03-0114,CV10202VJ0043,concluida,CORRETIVA,,false,,Mon Jun 01 2026 00:00:00 GMT-0300 (Horário Padrão de Brasília),Fri May 29 2026 00:00:00 GMT-0300 (Horário Padrão de Brasília),,,,,,Sat Jun 13 2026 23:09:34 GMT-0300 (Horário Padrão de Brasília),
1692,03-0056,CV10202VJ0032,concluida,CORRETIVA,,true,,Mon Jun 01 2026 00:00:00 GMT-0300 (Horário Padrão de Brasília),Mon Jun 01 2026 00:00:00 GMT-0300 (Horário Padrão de Brasília),1,100.00,,,,Sat Jun 13 2026 23:09:34 GMT-0300 (Horário Padrão de Brasília),
1693,03-0108,CV10202VJ0042,concluida,CORRETIVA,,false,,Mon Jun 01 2026 00:00:00 GMT-0300 (Horário Padrão de Brasília),Mon May 25 2026 00:00:00 GMT-0300 (Horário Padrão de Brasília),,,,,,Sat Jun 13 2026 23:09:34 GMT-0300 (Horário Padrão de Brasília),
1694,03-0305,CV10101VP0005/11,concluida,CORRETIVA,,false,,Mon Jun 01 2026 00:00:00 GMT-0300 (Horário Padrão de Brasília),Sat May 23 2026 00:00:00 GMT-0300 (Horário Padrão de Brasília),,,,,,Sat Jun 13 2026 23:09:34 GMT-0300 (Horário Padrão de Brasília),
1695,03-0065,CV10302VJ0013,concluida,CORRETIVA,,true,,Mon Jun 01 2026 00:00:00 GMT-0300 (Horário Padrão de Brasília),Mon Jun 01 2026 00:00:00 GMT-0300 (Horário Padrão de Brasília),0.49,49.00,,,,Sat Jun 13 2026 23:09:34 GMT-0300 (Horário Padrão de Brasília),
1696,03-0092,CV10302VJ0012,concluida,CORRETIVA,,false,,Mon Jun 01 2026 00:00:00 GMT-0300 (Horário Padrão de Brasília),Thu May 21 2026 00:00:00 GMT-0300 (Horário Padrão de Brasília),,,,,,Sat Jun 13 2026 23:09:34 GMT-0300 (Horário Padrão de Brasília),
1697,03-0158,CV10202VP0009/14,concluida,CORRETIVA,,true,,Mon Jun 01 2026 00:00:00 GMT-0300 (Horário Padrão de Brasília),Mon Jun 01 2026 00:00:00 GMT-0300 (Horário Padrão de Brasília),1,100.00,,,,Sat Jun 13 2026 23:09:34 GMT-0300 (Horário Padrão de Brasília),
1698,03-0296,CV10202VP0010/16,concluida,CORRETIVA,,false,,Mon Jun 01 2026 00:00:00 GMT-0300 (Horário Padrão de Brasília),Wed May 27 2026 00:00:00 GMT-0300 (Horário Padrão de Brasília),,,,,,Sat Jun 13 2026 23:09:34 GMT-0300 (Horário Padrão de Brasília),
1699,03-0059,JT20102VJ0003,concluida,CORRETIVA,,true,,Mon Jun 01 2026 00:00:00 GMT-0300 (Horário Padrão de Brasília),Mon Jun 01 2026 00:00:00 GMT-0300 (Horário Padrão de Brasília),0.88,88.00,,,,Sat Jun 13 2026 23:09:34 GMT-0300 (Horário Padrão de Brasília),
1700,03-0103,JT20102VJ0001,concluida,CORRETIVA,,true,,Mon Jun 01 2026 00:00:00 GMT-0300 (Horário Padrão de Brasília),Mon Jun 01 2026 00:00:00 GMT-0300 (Horário Padrão de Brasília),0.79,79.00,,,,Sat Jun 13 2026 23:09:34 GMT-0300 (Horário Padrão de Brasília),
1701,03-0249,MG10202VJ0044,concluida,CORRETIVA,,true,,Mon Jun 01 2026 00:00:00 GMT-0300 (Horário Padrão de Brasília),Mon Jun 01 2026 00:00:00 GMT-0300 (Horário Padrão de Brasília),0.7,70.00,,,,Sat Jun 13 2026 23:09:34 GMT-0300 (Horário Padrão de Brasília),
1702,03-0178,MG10202VJ0036,concluida,CORRETIVA,,false,,Mon Jun 01 2026 00:00:00 GMT-0300 (Horário Padrão de Brasília),Thu May 28 2026 00:00:00 GMT-0300 (Horário Padrão de Brasília),,,,,,Sat Jun 13 2026 23:09:34 GMT-0300 (Horário Padrão de Brasília),
1703,03-0319,MG10202VJ0035,concluida,CORRETIVA,,true,,Mon Jun 01 2026 00:00:00 GMT-0300 (Horário Padrão de Brasília),Mon Jun 01 2026 00:00:00 GMT-0300 (Horário Padrão de Brasília),0.69,69.00,,,,Sat Jun 13 2026 23:09:34 GMT-0300 (Horário Padrão de Brasília),
1704,03-0259,MG10302VP0038/39/40,concluida,CORRETIVA,,true,,Mon Jun 01 2026 00:00:00 GMT-0300 (Horário Padrão de Brasília),Mon Jun 01 2026 00:00:00 GMT-0300 (Horário Padrão de Brasília),0.69,69.00,,,,Sat Jun 13 2026 23:09:34 GMT-0300 (Horário Padrão de Brasília),
1705,03-0009,MG10101VJ0009,concluida,CORRETIVA,,false,,Mon Jun 01 2026 00:00:00 GMT-0300 (Horário Padrão de Brasília),Fri May 22 2026 00:00:00 GMT-0300 (Horário Padrão de Brasília),,,,,,Sat Jun 13 2026 23:09:34 GMT-0300 (Horário Padrão de Brasília),
1706,03-0224,MG10202VP0017/18/19/20,concluida,CORRETIVA,,true,,Mon Jun 01 2026 00:00:00 GMT-0300 (Horário Padrão de Brasília),Mon Jun 01 2026 00:00:00 GMT-0300 (Horário Padrão de Brasília),0.89,89.00,,,,Sat Jun 13 2026 23:09:34 GMT-0300 (Horário Padrão de Brasília),
1707,03-0235,MG10202VJ0043,concluida,CORRETIVA,,false,,Mon Jun 01 2026 00:00:00 GMT-0300 (Horário Padrão de Brasília),Wed May 20 2026 00:00:00 GMT-0300 (Horário Padrão de Brasília),,,,,,Sat Jun 13 2026 23:09:34 GMT-0300 (Horário Padrão de Brasília),
1708,03-0236,MG10202VJ0042,concluida,CORRETIVA,,false,,Mon Jun 01 2026 00:00:00 GMT-0300 (Horário Padrão de Brasília),Thu May 28 2026 00:00:00 GMT-0300 (Horário Padrão de Brasília),,,,,,Sat Jun 13 2026 23:09:34 GMT-0300 (Horário Padrão de Brasília),
1709,03-0240,MG10202VJ0031,concluida,CORRETIVA,,false,,Mon Jun 01 2026 00:00:00 GMT-0300 (Horário Padrão de Brasília),Fri May 29 2026 00:00:00 GMT-0300 (Horário Padrão de Brasília),,,,,,Sat Jun 13 2026 23:09:34 GMT-0300 (Horário Padrão de Brasília),
1710,03-0250,MG10202VJ0028,concluida,CORRETIVA,,false,,Mon Jun 01 2026 00:00:00 GMT-0300 (Horário Padrão de Brasília),Thu May 28 2026 00:00:00 GMT-0300 (Horário Padrão de Brasília),,,,,,Sat Jun 13 2026 23:09:34 GMT-0300 (Horário Padrão de Brasília),
1711,03-0266,ST10302VJ0036,concluida,PREVENTIVA,,true,,Mon Jun 01 2026 00:00:00 GMT-0300 (Horário Padrão de Brasília),Mon Jun 01 2026 00:00:00 GMT-0300 (Horário Padrão de Brasília),0.94,94.00,,,,Sat Jun 13 2026 23:09:34 GMT-0300 (Horário Padrão de Brasília),
1712,03-0222,ST10302VJ0025,concluida,CORRETIVA,,true,,Mon Jun 01 2026 00:00:00 GMT-0300 (Horário Padrão de Brasília),Mon Jun 01 2026 00:00:00 GMT-0300 (Horário Padrão de Brasília),0.69,69.00,,,,Sat Jun 13 2026 23:09:34 GMT-0300 (Horário Padrão de Brasília),
1713,03-0320,ST10302VJ0026,concluida,CORRETIVA,,false,,Mon Jun 01 2026 00:00:00 GMT-0300 (Horário Padrão de Brasília),Wed May 27 2026 00:00:00 GMT-0300 (Horário Padrão de Brasília),,,,,,Sat Jun 13 2026 23:09:34 GMT-0300 (Horário Padrão de Brasília),
1714,03-0071,CV10203VJ0050,concluida,PREVENTIVA,,true,,Tue Jun 02 2026 00:00:00 GMT-0300 (Horário Padrão de Brasília),Tue Jun 02 2026 00:00:00 GMT-0300 (Horário Padrão de Brasília),0.79,79.00,,,,Sat Jun 13 2026 23:09:34 GMT-0300 (Horário Padrão de Brasília),
1715,03-0116,CV10303VJ0022,concluida,CORRETIVA,,true,,Tue Jun 02 2026 00:00:00 GMT-0300 (Horário Padrão de Brasília),Tue Jun 02 2026 00:00:00 GMT-0300 (Horário Padrão de Brasília),0.89,89.00,,,,Sat Jun 13 2026 23:09:34 GMT-0300 (Horário Padrão de Brasília),
1716,03-0055,CV10101VJ0001,concluida,CORRETIVA,,false,,Tue Jun 02 2026 00:00:00 GMT-0300 (Horário Padrão de Brasília),Sat May 30 2026 00:00:00 GMT-0300 (Horário Padrão de Brasília),,,,,,Sat Jun 13 2026 23:09:34 GMT-0300 (Horário Padrão de Brasília),
1717,03-0073,CV10303VJ0017,concluida,CORRETIVA,,true,,Tue Jun 02 2026 00:00:00 GMT-0300 (Horário Padrão de Brasília),Tue Jun 02 2026 00:00:00 GMT-0300 (Horário Padrão de Brasília),1,100.00,,,,Sat Jun 13 2026 23:09:34 GMT-0300 (Horário Padrão de Brasília),
1718,03-0131,CV10303VJ0020,concluida,CORRETIVA,,true,,Tue Jun 02 2026 00:00:00 GMT-0300 (Horário Padrão de Brasília),Tue Jun 02 2026 00:00:00 GMT-0300 (Horário Padrão de Brasília),0.74,74.00,,,,Sat Jun 13 2026 23:09:34 GMT-0300 (Horário Padrão de Brasília),
1719,03-0081,JT10303VJ0027,concluida,CORRETIVA,,true,,Tue Jun 02 2026 00:00:00 GMT-0300 (Horário Padrão de Brasília),Tue Jun 02 2026 00:00:00 GMT-0300 (Horário Padrão de Brasília),0.99,99.00,,,,Sat Jun 13 2026 23:09:34 GMT-0300 (Horário Padrão de Brasília),
1720,03-0090,JT10303VJ0032,concluida,CORRETIVA,,false,,Tue Jun 02 2026 00:00:00 GMT-0300 (Horário Padrão de Brasília),Tue May 26 2026 00:00:00 GMT-0300 (Horário Padrão de Brasília),,,,,,Sat Jun 13 2026 23:09:34 GMT-0300 (Horário Padrão de Brasília),
1721,03-0128,JT10303VJ0030,concluida,CORRETIVA,,false,,Tue Jun 02 2026 00:00:00 GMT-0300 (Horário Padrão de Brasília),Fri May 29 2026 00:00:00 GMT-0300 (Horário Padrão de Brasília),,,,,,Sat Jun 13 2026 23:09:34 GMT-0300 (Horário Padrão de Brasília),
1722,03-0043,JT10303VJ0029,concluida,CORRETIVA,,false,,Tue Jun 02 2026 00:00:00 GMT-0300 (Horário Padrão de Brasília),Fri May 29 2026 00:00:00 GMT-0300 (Horário Padrão de Brasília),,,,,,Sat Jun 13 2026 23:09:34 GMT-0300 (Horário Padrão de Brasília),
1723,03-0080,JT10101VJ0004,concluida,PREVENTIVA,,true,,Tue Jun 02 2026 00:00:00 GMT-0300 (Horário Padrão de Brasília),Tue Jun 02 2026 00:00:00 GMT-0300 (Horário Padrão de Brasília),0.89,89.00,,,,Sat Jun 13 2026 23:09:34 GMT-0300 (Horário Padrão de Brasília),
1724,03-0111,JT10303VJ0058,concluida,CORRETIVA,,false,,Tue Jun 02 2026 00:00:00 GMT-0300 (Horário Padrão de Brasília),Fri May 29 2026 00:00:00 GMT-0300 (Horário Padrão de Brasília),,,,,,Sat Jun 13 2026 23:09:34 GMT-0300 (Horário Padrão de Brasília),
1725,03-0137,JT10303VJ0021,concluida,CORRETIVA,,true,,Tue Jun 02 2026 00:00:00 GMT-0300 (Horário Padrão de Brasília),Tue Jun 02 2026 00:00:00 GMT-0300 (Horário Padrão de Brasília),0.84,84.00,,,,Sat Jun 13 2026 23:09:34 GMT-0300 (Horário Padrão de Brasília),
1726,03-0276,MG10203VJ0067,concluida,CORRETIVA,,true,,Tue Jun 02 2026 00:00:00 GMT-0300 (Horário Padrão de Brasília),Tue Jun 02 2026 00:00:00 GMT-0300 (Horário Padrão de Brasília),0.94,94.00,,,,Sat Jun 13 2026 23:09:34 GMT-0300 (Horário Padrão de Brasília),
1727,03-0214,MG10303VJ0019,concluida,CORRETIVA,,true,,Tue Jun 02 2026 00:00:00 GMT-0300 (Horário Padrão de Brasília),Tue Jun 02 2026 00:00:00 GMT-0300 (Horário Padrão de Brasília),1,100.00,,,,Sat Jun 13 2026 23:09:34 GMT-0300 (Horário Padrão de Brasília),
1728,03-0197,MG10203VJ0065,concluida,PREVENTIVA,,true,,Tue Jun 02 2026 00:00:00 GMT-0300 (Horário Padrão de Brasília),Tue Jun 02 2026 00:00:00 GMT-0300 (Horário Padrão de Brasília),0.89,89.00,,,,Sat Jun 13 2026 23:09:34 GMT-0300 (Horário Padrão de Brasília),
1729,03-0191,MG10203VJ0059,concluida,CORRETIVA,,true,,Tue Jun 02 2026 00:00:00 GMT-0300 (Horário Padrão de Brasília),Tue Jun 02 2026 00:00:00 GMT-0300 (Horário Padrão de Brasília),0.77,77.00,,,,Sat Jun 13 2026 23:09:34 GMT-0300 (Horário Padrão de Brasília),
1730,03-0219,MG10203VJ0064,concluida,CORRETIVA,,true,,Tue Jun 02 2026 00:00:00 GMT-0300 (Horário Padrão de Brasília),Tue Jun 02 2026 00:00:00 GMT-0300 (Horário Padrão de Brasília),0.84,84.00,,,,Sat Jun 13 2026 23:09:34 GMT-0300 (Horário Padrão de Brasília),
1731,03-0194,ST10303VJ0043,concluida,PREVENTIVA,,true,,Tue Jun 02 2026 00:00:00 GMT-0300 (Horário Padrão de Brasília),Tue Jun 02 2026 00:00:00 GMT-0300 (Horário Padrão de Brasília),0.78,78.00,,,,Sat Jun 13 2026 23:09:34 GMT-0300 (Horário Padrão de Brasília),
1732,03-0287,ST10303VJ0041,concluida,CORRETIVA,,true,,Tue Jun 02 2026 00:00:00 GMT-0300 (Horário Padrão de Brasília),Tue Jun 02 2026 00:00:00 GMT-0300 (Horário Padrão de Brasília),0.74,74.00,,,,Sat Jun 13 2026 23:09:34 GMT-0300 (Horário Padrão de Brasília),
1733,03-0193,ST10101VJ0011,concluida,CORRETIVA,,true,,Tue Jun 02 2026 00:00:00 GMT-0300 (Horário Padrão de Brasília),Tue Jun 02 2026 00:00:00 GMT-0300 (Horário Padrão de Brasília),1,100.00,,,,Sat Jun 13 2026 23:09:34 GMT-0300 (Horário Padrão de Brasília),
1734,03-0288,ST10101VJ0002,concluida,CORRETIVA,,true,,Tue Jun 02 2026 00:00:00 GMT-0300 (Horário Padrão de Brasília),Tue Jun 02 2026 00:00:00 GMT-0300 (Horário Padrão de Brasília),0.99,99.00,,,,Sat Jun 13 2026 23:09:34 GMT-0300 (Horário Padrão de Brasília),
1735,03-0264,ST10203VJ0076,concluida,CORRETIVA,,true,,Tue Jun 02 2026 00:00:00 GMT-0300 (Horário Padrão de Brasília),Tue Jun 02 2026 00:00:00 GMT-0300 (Horário Padrão de Brasília),1,100.00,,,,Sat Jun 13 2026 23:09:34 GMT-0300 (Horário Padrão de Brasília),
1736,03-0285,ST10203VJ0077,concluida,CORRETIVA,,false,,Tue Jun 02 2026 00:00:00 GMT-0300 (Horário Padrão de Brasília),Thu May 28 2026 00:00:00 GMT-0300 (Horário Padrão de Brasília),,,,,,Sat Jun 13 2026 23:09:34 GMT-0300 (Horário Padrão de Brasília),
1737,03-0077,CV10202VJ0034,concluida,PREVENTIVA,,true,,Wed Jun 03 2026 00:00:00 GMT-0300 (Horário Padrão de Brasília),Wed Jun 03 2026 00:00:00 GMT-0300 (Horário Padrão de Brasília),0.04,4.00,,,,Sat Jun 13 2026 23:09:34 GMT-0300 (Horário Padrão de Brasília),
1738,03-0003,CV10304VJ0025,concluida,CORRETIVA,,true,,Wed Jun 03 2026 00:00:00 GMT-0300 (Horário Padrão de Brasília),Wed Jun 03 2026 00:00:00 GMT-0300 (Horário Padrão de Brasília),1,100.00,,,,Sat Jun 13 2026 23:09:34 GMT-0300 (Horário Padrão de Brasília),
1739,03-0082,CV10202VJ0029,concluida,CORRETIVA,,false,,Wed Jun 03 2026 00:00:00 GMT-0300 (Horário Padrão de Brasília),Mon May 25 2026 00:00:00 GMT-0300 (Horário Padrão de Brasília),,,,,,Sat Jun 13 2026 23:09:34 GMT-0300 (Horário Padrão de Brasília),
1740,03-0010,CV10304VJ0027,concluida,CORRETIVA,,true,,Wed Jun 03 2026 00:00:00 GMT-0300 (Horário Padrão de Brasília),Wed Jun 03 2026 00:00:00 GMT-0300 (Horário Padrão de Brasília),0.84,84.00,,,,Sat Jun 13 2026 23:09:34 GMT-0300 (Horário Padrão de Brasília),
1741,03-0020,CV10304VJ0026,concluida,CORRETIVA,,true,,Wed Jun 03 2026 00:00:00 GMT-0300 (Horário Padrão de Brasília),Wed Jun 03 2026 00:00:00 GMT-0300 (Horário Padrão de Brasília),0.61,61.00,,,,Sat Jun 13 2026 23:09:34 GMT-0300 (Horário Padrão de Brasília),
1742,03-0044,CV10304VJ0023,concluida,CORRETIVA,,true,,Wed Jun 03 2026 00:00:00 GMT-0300 (Horário Padrão de Brasília),Wed Jun 03 2026 00:00:00 GMT-0300 (Horário Padrão de Brasília),0.79,79.00,,,,Sat Jun 13 2026 23:09:34 GMT-0300 (Horário Padrão de Brasília),
1743,03-0062,CV10304VJ0024,concluida,CORRETIVA,,false,,Wed Jun 03 2026 00:00:00 GMT-0300 (Horário Padrão de Brasília),Sat May 23 2026 00:00:00 GMT-0300 (Horário Padrão de Brasília),,,,,,Sat Jun 13 2026 23:09:34 GMT-0300 (Horário Padrão de Brasília),
1744,03-0038,CV10202VJ0030,concluida,CORRETIVA,,true,,Wed Jun 03 2026 00:00:00 GMT-0300 (Horário Padrão de Brasília),Wed Jun 03 2026 00:00:00 GMT-0300 (Horário Padrão de Brasília),0.94,94.00,,,,Sat Jun 13 2026 23:09:34 GMT-0300 (Horário Padrão de Brasília),
1745,03-0107,CV10202VJ0046,concluida,CORRETIVA,,true,,Wed Jun 03 2026 00:00:00 GMT-0300 (Horário Padrão de Brasília),Wed Jun 03 2026 00:00:00 GMT-0300 (Horário Padrão de Brasília),0,0.00,,,,Sat Jun 13 2026 23:09:34 GMT-0300 (Horário Padrão de Brasília),
1746,03-0122,CV10202VJ0039,concluida,CORRETIVA,,true,,Wed Jun 03 2026 00:00:00 GMT-0300 (Horário Padrão de Brasília),Wed Jun 03 2026 00:00:00 GMT-0300 (Horário Padrão de Brasília),0.94,94.00,,,,Sat Jun 13 2026 23:09:34 GMT-0300 (Horário Padrão de Brasília),
1747,03-0033,JT20102VJ0002,concluida,CORRETIVA,,true,,Wed Jun 03 2026 00:00:00 GMT-0300 (Horário Padrão de Brasília),Wed Jun 03 2026 00:00:00 GMT-0300 (Horário Padrão de Brasília),0.89,89.00,,,,Sat Jun 13 2026 23:09:34 GMT-0300 (Horário Padrão de Brasília),
1748,03-0127,JT10304VJ0039,concluida,CORRETIVA,,true,,Wed Jun 03 2026 00:00:00 GMT-0300 (Horário Padrão de Brasília),Wed Jun 03 2026 00:00:00 GMT-0300 (Horário Padrão de Brasília),0.84,84.00,,,,Sat Jun 13 2026 23:09:34 GMT-0300 (Horário Padrão de Brasília),
1749,03-0241,MG10202VJ0046,concluida,PREVENTIVA,,true,,Wed Jun 03 2026 00:00:00 GMT-0300 (Horário Padrão de Brasília),Wed Jun 03 2026 00:00:00 GMT-0300 (Horário Padrão de Brasília),0.79,79.00,,,,Sat Jun 13 2026 23:09:34 GMT-0300 (Horário Padrão de Brasília),
1750,03-0157,MG10202VP0013/14,concluida,CORRETIVA,,true,,Wed Jun 03 2026 00:00:00 GMT-0300 (Horário Padrão de Brasília),Wed Jun 03 2026 00:00:00 GMT-0300 (Horário Padrão de Brasília),0.89,89.00,,,,Sat Jun 13 2026 23:09:34 GMT-0300 (Horário Padrão de Brasília),
1751,03-0234,MG10202VJ0041,concluida,CORRETIVA,,true,,Wed Jun 03 2026 00:00:00 GMT-0300 (Horário Padrão de Brasília),Wed Jun 03 2026 00:00:00 GMT-0300 (Horário Padrão de Brasília),0.23,23.00,,,,Sat Jun 13 2026 23:09:34 GMT-0300 (Horário Padrão de Brasília),
1752,03-0269,MG10202VJ0039,concluida,CORRETIVA,,true,,Wed Jun 03 2026 00:00:00 GMT-0300 (Horário Padrão de Brasília),Wed Jun 03 2026 00:00:00 GMT-0300 (Horário Padrão de Brasília),0.84,84.00,,,,Sat Jun 13 2026 23:09:34 GMT-0300 (Horário Padrão de Brasília),
1753,03-0307,MG10202VJ0034,concluida,CORRETIVA,,true,,Wed Jun 03 2026 00:00:00 GMT-0300 (Horário Padrão de Brasília),Wed Jun 03 2026 00:00:00 GMT-0300 (Horário Padrão de Brasília),0.94,94.00,,,,Sat Jun 13 2026 23:09:34 GMT-0300 (Horário Padrão de Brasília),
1754,03-0006,MG10101VJ0006,concluida,CORRETIVA,,true,,Wed Jun 03 2026 00:00:00 GMT-0300 (Horário Padrão de Brasília),Wed Jun 03 2026 00:00:00 GMT-0300 (Horário Padrão de Brasília),0.79,79.00,,,,Sat Jun 13 2026 23:09:34 GMT-0300 (Horário Padrão de Brasília),
1755,03-0220,MG10304VJ0022,concluida,CORRETIVA,,true,,Wed Jun 03 2026 00:00:00 GMT-0300 (Horário Padrão de Brasília),Wed Jun 03 2026 00:00:00 GMT-0300 (Horário Padrão de Brasília),0.99,99.00,,,,Sat Jun 13 2026 23:09:34 GMT-0300 (Horário Padrão de Brasília),
1756,03-0251,MG10304VJ0020,concluida,CORRETIVA,,true,,Wed Jun 03 2026 00:00:00 GMT-0300 (Horário Padrão de Brasília),Wed Jun 03 2026 00:00:00 GMT-0300 (Horário Padrão de Brasília),0.69,69.00,,,,Sat Jun 13 2026 23:09:34 GMT-0300 (Horário Padrão de Brasília),
1757,03-0179,MG10202VJ0026,concluida,CORRETIVA,,true,,Wed Jun 03 2026 00:00:00 GMT-0300 (Horário Padrão de Brasília),Wed Jun 03 2026 00:00:00 GMT-0300 (Horário Padrão de Brasília),0.69,69.00,,,,Sat Jun 13 2026 23:09:34 GMT-0300 (Horário Padrão de Brasília),
1758,03-0290,MG10202VJ0027,concluida,CORRETIVA,,true,,Wed Jun 03 2026 00:00:00 GMT-0300 (Horário Padrão de Brasília),Wed Jun 03 2026 00:00:00 GMT-0300 (Horário Padrão de Brasília),1,100.00,,,,Sat Jun 13 2026 23:09:34 GMT-0300 (Horário Padrão de Brasília),
1759,03-0286,ST10202VJ0074,concluida,PREVENTIVA,,true,,Wed Jun 03 2026 00:00:00 GMT-0300 (Horário Padrão de Brasília),Wed Jun 03 2026 00:00:00 GMT-0300 (Horário Padrão de Brasília),0.79,79.00,,,,Sat Jun 13 2026 23:09:34 GMT-0300 (Horário Padrão de Brasília),
1760,03-0271,ST10101VJ0017,concluida,CORRETIVA,,true,,Wed Jun 03 2026 00:00:00 GMT-0300 (Horário Padrão de Brasília),Wed Jun 03 2026 00:00:00 GMT-0300 (Horário Padrão de Brasília),0.88,88.00,,,,Sat Jun 13 2026 23:09:34 GMT-0300 (Horário Padrão de Brasília),
1761,03-0231,CV10101VP0006/07/08,concluida,PREVENTIVA,,true,,Fri Jun 05 2026 00:00:00 GMT-0300 (Horário Padrão de Brasília),Fri Jun 05 2026 00:00:00 GMT-0300 (Horário Padrão de Brasília),0.94,94.00,,,,Sat Jun 13 2026 23:09:34 GMT-0300 (Horário Padrão de Brasília),
1762,03-0126,CV10202VJ0033,concluida,CORRETIVA,,true,,Fri Jun 05 2026 00:00:00 GMT-0300 (Horário Padrão de Brasília),Fri Jun 05 2026 00:00:00 GMT-0300 (Horário Padrão de Brasília),0.83,83.00,,,,Sat Jun 13 2026 23:09:34 GMT-0300 (Horário Padrão de Brasília),
1763,03-0130,CV10102VJ0010,concluida,CORRETIVA,,true,,Fri Jun 05 2026 00:00:00 GMT-0300 (Horário Padrão de Brasília),Fri Jun 05 2026 00:00:00 GMT-0300 (Horário Padrão de Brasília),0.83,83.00,,,,Sat Jun 13 2026 23:09:34 GMT-0300 (Horário Padrão de Brasília),
1764,03-0213,CV10101VP0004,concluida,CORRETIVA,,false,,Fri Jun 05 2026 00:00:00 GMT-0300 (Horário Padrão de Brasília),Tue May 26 2026 00:00:00 GMT-0300 (Horário Padrão de Brasília),,,,,,Sat Jun 13 2026 23:09:34 GMT-0300 (Horário Padrão de Brasília),
1765,03-0305,CV10101VP0005/11,concluida,CORRETIVA,,false,,Fri Jun 05 2026 00:00:00 GMT-0300 (Horário Padrão de Brasília),Sat May 30 2026 00:00:00 GMT-0300 (Horário Padrão de Brasília),,,,,,Sat Jun 13 2026 23:09:34 GMT-0300 (Horário Padrão de Brasília),
1766,03-0108,CV10202VJ0042,concluida,CORRETIVA,,false,,Fri Jun 05 2026 00:00:00 GMT-0300 (Horário Padrão de Brasília),Mon May 25 2026 00:00:00 GMT-0300 (Horário Padrão de Brasília),,,,,,Sat Jun 13 2026 23:09:34 GMT-0300 (Horário Padrão de Brasília),
1767,03-0026,JT10101VL0001,concluida,PREVENTIVA,,true,,Fri Jun 05 2026 00:00:00 GMT-0300 (Horário Padrão de Brasília),Fri Jun 05 2026 00:00:00 GMT-0300 (Horário Padrão de Brasília),0.84,84.00,,,,Sat Jun 13 2026 23:09:34 GMT-0300 (Horário Padrão de Brasília),
1768,03-0086,JT10101VL0002,concluida,PREVENTIVA,,true,,Fri Jun 05 2026 00:00:00 GMT-0300 (Horário Padrão de Brasília),Fri Jun 05 2026 00:00:00 GMT-0300 (Horário Padrão de Brasília),0,0.00,,,,Sat Jun 13 2026 23:09:34 GMT-0300 (Horário Padrão de Brasília),
1769,03-0023,JT10102VJ0003,concluida,CORRETIVA,,false,,Fri Jun 05 2026 00:00:00 GMT-0300 (Horário Padrão de Brasília),Mon May 25 2026 00:00:00 GMT-0300 (Horário Padrão de Brasília),,,,,,Sat Jun 13 2026 23:09:34 GMT-0300 (Horário Padrão de Brasília),
1770,03-0053,JT10303VJ0034,concluida,CORRETIVA,,true,,Fri Jun 05 2026 00:00:00 GMT-0300 (Horário Padrão de Brasília),Fri Jun 05 2026 00:00:00 GMT-0300 (Horário Padrão de Brasília),0.84,84.00,,,,Sat Jun 13 2026 23:09:34 GMT-0300 (Horário Padrão de Brasília),
1771,03-0133,JT10303VJ0031,concluida,CORRETIVA,,true,,Fri Jun 05 2026 00:00:00 GMT-0300 (Horário Padrão de Brasília),Fri Jun 05 2026 00:00:00 GMT-0300 (Horário Padrão de Brasília),1,100.00,,,,Sat Jun 13 2026 23:09:34 GMT-0300 (Horário Padrão de Brasília),
1772,03-0165,JT10303VP0008/09,concluida,CORRETIVA,,true,,Fri Jun 05 2026 00:00:00 GMT-0300 (Horário Padrão de Brasília),Fri Jun 05 2026 00:00:00 GMT-0300 (Horário Padrão de Brasília),0,0.00,,,,Sat Jun 13 2026 23:09:34 GMT-0300 (Horário Padrão de Brasília),
1773,03-0218,MG10303VJ0017,concluida,CORRETIVA,,true,,Fri Jun 05 2026 00:00:00 GMT-0300 (Horário Padrão de Brasília),Fri Jun 05 2026 00:00:00 GMT-0300 (Horário Padrão de Brasília),0.91,91.00,,,,Sat Jun 13 2026 23:09:34 GMT-0300 (Horário Padrão de Brasília),
1774,03-0182,MG10101VL0001,concluida,PREVENTIVA,,true,,Fri Jun 05 2026 00:00:00 GMT-0300 (Horário Padrão de Brasília),Fri Jun 05 2026 00:00:00 GMT-0300 (Horário Padrão de Brasília),0.86,86.00,,,,Sat Jun 13 2026 23:09:34 GMT-0300 (Horário Padrão de Brasília),
1775,03-0243,MG10202VJ0040,concluida,PREVENTIVA,,true,,Fri Jun 05 2026 00:00:00 GMT-0300 (Horário Padrão de Brasília),Fri Jun 05 2026 00:00:00 GMT-0300 (Horário Padrão de Brasília),0.94,94.00,,,,Sat Jun 13 2026 23:09:34 GMT-0300 (Horário Padrão de Brasília),
1776,03-0260,MG10303VP0041/42/43/44/45,concluida,CORRETIVA,,true,,Fri Jun 05 2026 00:00:00 GMT-0300 (Horário Padrão de Brasília),Fri Jun 05 2026 00:00:00 GMT-0300 (Horário Padrão de Brasília),0.98,98.00,,,,Sat Jun 13 2026 23:09:34 GMT-0300 (Horário Padrão de Brasília),
1777,03-0327,MG10202VP0010/11/12,concluida,CORRETIVA,,true,,Fri Jun 05 2026 00:00:00 GMT-0300 (Horário Padrão de Brasília),Fri Jun 05 2026 00:00:00 GMT-0300 (Horário Padrão de Brasília),0.94,94.00,,,,Sat Jun 13 2026 23:09:34 GMT-0300 (Horário Padrão de Brasília),
1778,03-0278,ST10101VJ0010,concluida,DESNECESSÁRIA,,true,,Fri Jun 05 2026 00:00:00 GMT-0300 (Horário Padrão de Brasília),Fri Jun 05 2026 00:00:00 GMT-0300 (Horário Padrão de Brasília),0.79,79.00,,,,Sat Jun 13 2026 23:09:34 GMT-0300 (Horário Padrão de Brasília),
1779,03-0255,ST20102VL0001,concluida,DESNECESSÁRIA,,true,,Fri Jun 05 2026 00:00:00 GMT-0300 (Horário Padrão de Brasília),Fri Jun 05 2026 00:00:00 GMT-0300 (Horário Padrão de Brasília),0.44,44.00,,,,Sat Jun 13 2026 23:09:34 GMT-0300 (Horário Padrão de Brasília),
1780,03-0273,ST10101VJ0005,concluida,DESNECESSÁRIA,,true,,Fri Jun 05 2026 00:00:00 GMT-0300 (Horário Padrão de Brasília),Fri Jun 05 2026 00:00:00 GMT-0300 (Horário Padrão de Brasília),0.89,89.00,,,,Sat Jun 13 2026 23:09:34 GMT-0300 (Horário Padrão de Brasília),
1781,03-0196,ST10101VJ0014,concluida,CORRETIVA,,false,,Fri Jun 05 2026 00:00:00 GMT-0300 (Horário Padrão de Brasília),Fri May 08 2026 00:00:00 GMT-0300 (Horário Padrão de Brasília),,,,,,Sat Jun 13 2026 23:09:34 GMT-0300 (Horário Padrão de Brasília),
1782,03-0060,CV10101VJ0002,concluida,PREVENTIVA,,true,,Sat Jun 06 2026 00:00:00 GMT-0300 (Horário Padrão de Brasília),Sat Jun 06 2026 00:00:00 GMT-0300 (Horário Padrão de Brasília),0.89,89.00,,,,Sat Jun 13 2026 23:09:34 GMT-0300 (Horário Padrão de Brasília),
1783,03-0101,CV10101VJ0004,concluida,PREVENTIVA,,true,,Sat Jun 06 2026 00:00:00 GMT-0300 (Horário Padrão de Brasília),Sat Jun 06 2026 00:00:00 GMT-0300 (Horário Padrão de Brasília),0.29,29.00,,,,Sat Jun 13 2026 23:09:34 GMT-0300 (Horário Padrão de Brasília),
1784,03-0145,CV10203VP0019,concluida,CORRETIVA,,true,,Sat Jun 06 2026 00:00:00 GMT-0300 (Horário Padrão de Brasília),Sat Jun 06 2026 00:00:00 GMT-0300 (Horário Padrão de Brasília),1,100.00,,,,Sat Jun 13 2026 23:09:34 GMT-0300 (Horário Padrão de Brasília),
1785,03-0125,CV10304VJ0028,concluida,PREVENTIVA,,true,,Sat Jun 06 2026 00:00:00 GMT-0300 (Horário Padrão de Brasília),Sat Jun 06 2026 00:00:00 GMT-0300 (Horário Padrão de Brasília),0.89,89.00,,,,Sat Jun 13 2026 23:09:34 GMT-0300 (Horário Padrão de Brasília),
1786,03-0306,CV10203VP0018/23,concluida,CORRETIVA,,true,,Sat Jun 06 2026 00:00:00 GMT-0300 (Horário Padrão de Brasília),Sat Jun 06 2026 00:00:00 GMT-0300 (Horário Padrão de Brasília),0.78,78.00,,,,Sat Jun 13 2026 23:09:34 GMT-0300 (Horário Padrão de Brasília),
1787,03-0046,JT10203VJ0055,concluida,CORRETIVA,,true,,Sat Jun 06 2026 00:00:00 GMT-0300 (Horário Padrão de Brasília),Sat Jun 06 2026 00:00:00 GMT-0300 (Horário Padrão de Brasília),0.71,71.00,,,,Sat Jun 13 2026 23:09:34 GMT-0300 (Horário Padrão de Brasília),
1788,03-0138,JT10102VJ0002,concluida,PREVENTIVA,,true,,Sat Jun 06 2026 00:00:00 GMT-0300 (Horário Padrão de Brasília),Sat Jun 06 2026 00:00:00 GMT-0300 (Horário Padrão de Brasília),0.72,72.00,,,,Sat Jun 13 2026 23:09:34 GMT-0300 (Horário Padrão de Brasília),
1789,03-0095,JT10304VJ0042,concluida,CORRETIVA,,true,,Sat Jun 06 2026 00:00:00 GMT-0300 (Horário Padrão de Brasília),Sat Jun 06 2026 00:00:00 GMT-0300 (Horário Padrão de Brasília),0.69,69.00,,,,Sat Jun 13 2026 23:09:34 GMT-0300 (Horário Padrão de Brasília),
1790,03-0171,MG10203VJ0048,concluida,PREVENTIVA,,true,,Sat Jun 06 2026 00:00:00 GMT-0300 (Horário Padrão de Brasília),Sat Jun 06 2026 00:00:00 GMT-0300 (Horário Padrão de Brasília),0.85,85.00,,,,Sat Jun 13 2026 23:09:34 GMT-0300 (Horário Padrão de Brasília),
1791,03-0257,MG10203VP0034,concluida,CORRETIVA,,true,,Sat Jun 06 2026 00:00:00 GMT-0300 (Horário Padrão de Brasília),Sat Jun 06 2026 00:00:00 GMT-0300 (Horário Padrão de Brasília),0.72,72.00,,,,Sat Jun 13 2026 23:09:34 GMT-0300 (Horário Padrão de Brasília),
1792,03-0292,MG10203VP0028/29,concluida,CORRETIVA,,false,,Sat Jun 06 2026 00:00:00 GMT-0300 (Horário Padrão de Brasília),Tue May 26 2026 00:00:00 GMT-0300 (Horário Padrão de Brasília),,,,,,Sat Jun 13 2026 23:09:34 GMT-0300 (Horário Padrão de Brasília),
1793,03-0216,MG10203VJ0060,concluida,CORRETIVA,,true,,Sat Jun 06 2026 00:00:00 GMT-0300 (Horário Padrão de Brasília),Sat Jun 06 2026 00:00:00 GMT-0300 (Horário Padrão de Brasília),0.83,83.00,,,,Sat Jun 13 2026 23:09:34 GMT-0300 (Horário Padrão de Brasília),
1794,03-0202,MG10203VP0037,concluida,CORRETIVA,,true,,Sat Jun 06 2026 00:00:00 GMT-0300 (Horário Padrão de Brasília),Sat Jun 06 2026 00:00:00 GMT-0300 (Horário Padrão de Brasília),0.72,72.00,,,,Sat Jun 13 2026 23:09:34 GMT-0300 (Horário Padrão de Brasília),
1795,03-0211,MG10203VJ0049,concluida,CORRETIVA,,true,,Sat Jun 06 2026 00:00:00 GMT-0300 (Horário Padrão de Brasília),Sat Jun 06 2026 00:00:00 GMT-0300 (Horário Padrão de Brasília),0.84,84.00,,,,Sat Jun 13 2026 23:09:34 GMT-0300 (Horário Padrão de Brasília),
1796,03-0297,MG10203VP0026/27,concluida,CORRETIVA,,true,,Sat Jun 06 2026 00:00:00 GMT-0300 (Horário Padrão de Brasília),Sat Jun 06 2026 00:00:00 GMT-0300 (Horário Padrão de Brasília),0.77,77.00,,,,Sat Jun 13 2026 23:09:34 GMT-0300 (Horário Padrão de Brasília),
1797,03-0272,ST10101VJ0001,concluida,PREVENTIVA,,true,,Sat Jun 06 2026 00:00:00 GMT-0300 (Horário Padrão de Brasília),Sat Jun 06 2026 00:00:00 GMT-0300 (Horário Padrão de Brasília),0.79,79.00,,,,Sat Jun 13 2026 23:09:34 GMT-0300 (Horário Padrão de Brasília),
1798,03-0244,ST10101VJ0015,concluida,PREVENTIVA,,true,,Sat Jun 06 2026 00:00:00 GMT-0300 (Horário Padrão de Brasília),Sat Jun 06 2026 00:00:00 GMT-0300 (Horário Padrão de Brasília),0.89,89.00,,,,Sat Jun 13 2026 23:09:34 GMT-0300 (Horário Padrão de Brasília),
1799,03-0316,ST10203VJ0080,concluida,CORRETIVA,,true,,Sat Jun 06 2026 00:00:00 GMT-0300 (Horário Padrão de Brasília),Sat Jun 06 2026 00:00:00 GMT-0300 (Horário Padrão de Brasília),0.81,81.00,,,,Sat Jun 13 2026 23:09:34 GMT-0300 (Horário Padrão de Brasília),
1800,03-0321,ST10203VJ0079,concluida,PREVENTIVA,,true,,Sat Jun 06 2026 00:00:00 GMT-0300 (Horário Padrão de Brasília),Sat Jun 06 2026 00:00:00 GMT-0300 (Horário Padrão de Brasília),0.98,98.00,,,,Sat Jun 13 2026 23:09:34 GMT-0300 (Horário Padrão de Brasília),
1801,03-0253,ST10101VJ0022,concluida,CORRETIVA,,true,,Sat Jun 06 2026 00:00:00 GMT-0300 (Horário Padrão de Brasília),Sat Jun 06 2026 00:00:00 GMT-0300 (Horário Padrão de Brasília),0.64,64.00,,,,Sat Jun 13 2026 23:09:34 GMT-0300 (Horário Padrão de Brasília),
1802,03-0303,ST10101VJ0003,concluida,PREVENTIVA,,true,,Sat Jun 06 2026 00:00:00 GMT-0300 (Horário Padrão de Brasília),Sat Jun 06 2026 00:00:00 GMT-0300 (Horário Padrão de Brasília),1,100.00,,,,Sat Jun 13 2026 23:09:34 GMT-0300 (Horário Padrão de Brasília),
1803,03-0065,CV10302VJ0013,concluida,CORRETIVA,,false,,Mon Jun 08 2026 00:00:00 GMT-0300 (Horário Padrão de Brasília),Mon Jun 01 2026 00:00:00 GMT-0300 (Horário Padrão de Brasília),,,,,,Sat Jun 13 2026 23:09:34 GMT-0300 (Horário Padrão de Brasília),
1804,03-0077,CV10202VJ0034,concluida,CORRETIVA,,true,,Mon Jun 08 2026 00:00:00 GMT-0300 (Horário Padrão de Brasília),Mon Jun 08 2026 00:00:00 GMT-0300 (Horário Padrão de Brasília),0.94,94.00,,,,Sat Jun 13 2026 23:09:34 GMT-0300 (Horário Padrão de Brasília),
1805,03-0085,CV10202VJ0036,concluida,PREVENTIVA,,true,,Mon Jun 08 2026 00:00:00 GMT-0300 (Horário Padrão de Brasília),Mon Jun 08 2026 00:00:00 GMT-0300 (Horário Padrão de Brasília),0.94,94.00,,,,Sat Jun 13 2026 23:09:34 GMT-0300 (Horário Padrão de Brasília),
1806,03-0092,CV10302VJ0012,concluida,CORRETIVA,,true,,Mon Jun 08 2026 00:00:00 GMT-0300 (Horário Padrão de Brasília),Mon Jun 08 2026 00:00:00 GMT-0300 (Horário Padrão de Brasília),0.65,65.00,,,,Sat Jun 13 2026 23:09:34 GMT-0300 (Horário Padrão de Brasília),
1807,03-0097,CV10202VJ0035,concluida,PREVENTIVA,,true,,Mon Jun 08 2026 00:00:00 GMT-0300 (Horário Padrão de Brasília),Mon Jun 08 2026 00:00:00 GMT-0300 (Horário Padrão de Brasília),0.89,89.00,,,,Sat Jun 13 2026 23:09:34 GMT-0300 (Horário Padrão de Brasília),
1808,03-0107,CV10202VJ0046,concluida,CORRETIVA,,true,,Mon Jun 08 2026 00:00:00 GMT-0300 (Horário Padrão de Brasília),Mon Jun 08 2026 00:00:00 GMT-0300 (Horário Padrão de Brasília),0.84,84.00,,,,Sat Jun 13 2026 23:09:34 GMT-0300 (Horário Padrão de Brasília),
1809,03-0108,CV10202VJ0042,concluida,CORRETIVA,,true,,Mon Jun 08 2026 00:00:00 GMT-0300 (Horário Padrão de Brasília),Mon Jun 08 2026 00:00:00 GMT-0300 (Horário Padrão de Brasília),1,100.00,,,,Sat Jun 13 2026 23:09:34 GMT-0300 (Horário Padrão de Brasília),
1810,03-0114,CV10202VJ0043,concluida,CORRETIVA,,true,,Mon Jun 08 2026 00:00:00 GMT-0300 (Horário Padrão de Brasília),Mon Jun 08 2026 00:00:00 GMT-0300 (Horário Padrão de Brasília),0.94,94.00,,,,Sat Jun 13 2026 23:09:34 GMT-0300 (Horário Padrão de Brasília),
1811,03-0115,CV10202VJ0037,concluida,CORRETIVA,,true,,Mon Jun 08 2026 00:00:00 GMT-0300 (Horário Padrão de Brasília),Mon Jun 08 2026 00:00:00 GMT-0300 (Horário Padrão de Brasília),0.89,89.00,,,,Sat Jun 13 2026 23:09:34 GMT-0300 (Horário Padrão de Brasília),
1812,03-0132,CV10202VJ0038,concluida,PREVENTIVA,,true,,Mon Jun 08 2026 00:00:00 GMT-0300 (Horário Padrão de Brasília),Mon Jun 08 2026 00:00:00 GMT-0300 (Horário Padrão de Brasília),0.94,94.00,,,,Sat Jun 13 2026 23:09:34 GMT-0300 (Horário Padrão de Brasília),
1813,03-0052,JT10302VJ0006,concluida,CORRETIVA,,true,,Mon Jun 08 2026 00:00:00 GMT-0300 (Horário Padrão de Brasília),Mon Jun 08 2026 00:00:00 GMT-0300 (Horário Padrão de Brasília),0.84,84.00,,,,Sat Jun 13 2026 23:09:34 GMT-0300 (Horário Padrão de Brasília),
1814,03-0076,JT10302VJ0057,concluida,CORRETIVA,,true,,Mon Jun 08 2026 00:00:00 GMT-0300 (Horário Padrão de Brasília),Mon Jun 08 2026 00:00:00 GMT-0300 (Horário Padrão de Brasília),0.84,84.00,,,,Sat Jun 13 2026 23:09:34 GMT-0300 (Horário Padrão de Brasília),
1815,03-0059,JT20102VJ0003,concluida,CORRETIVA,,true,,Mon Jun 08 2026 00:00:00 GMT-0300 (Horário Padrão de Brasília),Mon Jun 08 2026 00:00:00 GMT-0300 (Horário Padrão de Brasília),0.89,89.00,,,,Sat Jun 13 2026 23:09:34 GMT-0300 (Horário Padrão de Brasília),
1816,03-0103,JT20102VJ0001,concluida,CORRETIVA,,false,,Mon Jun 08 2026 00:00:00 GMT-0300 (Horário Padrão de Brasília),Fri Jun 05 2026 00:00:00 GMT-0300 (Horário Padrão de Brasília),,,,,,Sat Jun 13 2026 23:09:34 GMT-0300 (Horário Padrão de Brasília),
1817,03-0164,MG10202VP0022/23,concluida,PREVENTIVA,,true,,Mon Jun 08 2026 00:00:00 GMT-0300 (Horário Padrão de Brasília),Mon Jun 08 2026 00:00:00 GMT-0300 (Horário Padrão de Brasília),0.85,85.00,,,,Sat Jun 13 2026 23:09:34 GMT-0300 (Horário Padrão de Brasília),
1818,03-0178,MG10202VJ0036,concluida,CORRETIVA,,true,,Mon Jun 08 2026 00:00:00 GMT-0300 (Horário Padrão de Brasília),Mon Jun 08 2026 00:00:00 GMT-0300 (Horário Padrão de Brasília),0.54,54.00,,,,Sat Jun 13 2026 23:09:34 GMT-0300 (Horário Padrão de Brasília),
1819,03-0181,MG10202VJ0025,concluida,PREVENTIVA,,true,,Mon Jun 08 2026 00:00:00 GMT-0300 (Horário Padrão de Brasília),Mon Jun 08 2026 00:00:00 GMT-0300 (Horário Padrão de Brasília),0.99,99.00,,,,Sat Jun 13 2026 23:09:34 GMT-0300 (Horário Padrão de Brasília),
1820,03-0234,MG10202VJ0041,concluida,CORRETIVA,,true,,Mon Jun 08 2026 00:00:00 GMT-0300 (Horário Padrão de Brasília),Mon Jun 08 2026 00:00:00 GMT-0300 (Horário Padrão de Brasília),0.8,80.00,,,,Sat Jun 13 2026 23:09:34 GMT-0300 (Horário Padrão de Brasília),
1821,03-0235,MG10202VJ0043,concluida,CORRETIVA,,false,,Mon Jun 08 2026 00:00:00 GMT-0300 (Horário Padrão de Brasília),Sat May 30 2026 00:00:00 GMT-0300 (Horário Padrão de Brasília),,,,,,Sat Jun 13 2026 23:09:34 GMT-0300 (Horário Padrão de Brasília),
1822,03-0236,MG10202VJ0042,concluida,CORRETIVA,,false,,Mon Jun 08 2026 00:00:00 GMT-0300 (Horário Padrão de Brasília),Sat Jun 06 2026 00:00:00 GMT-0300 (Horário Padrão de Brasília),,,,,,Sat Jun 13 2026 23:09:34 GMT-0300 (Horário Padrão de Brasília),
1823,03-0240,MG10202VJ0031,concluida,CORRETIVA,,false,,Mon Jun 08 2026 00:00:00 GMT-0300 (Horário Padrão de Brasília),Mon Jun 01 2026 00:00:00 GMT-0300 (Horário Padrão de Brasília),,,,,,Sat Jun 13 2026 23:09:34 GMT-0300 (Horário Padrão de Brasília),
1824,03-0250,MG10202VJ0028,concluida,CORRETIVA,,false,,Mon Jun 08 2026 00:00:00 GMT-0300 (Horário Padrão de Brasília),Thu Jun 04 2026 00:00:00 GMT-0300 (Horário Padrão de Brasília),,,,,,Sat Jun 13 2026 23:09:34 GMT-0300 (Horário Padrão de Brasília),
1825,03-0168,ST10302VJ0029,concluida,CORRETIVA,,true,,Mon Jun 08 2026 00:00:00 GMT-0300 (Horário Padrão de Brasília),Mon Jun 08 2026 00:00:00 GMT-0300 (Horário Padrão de Brasília),0.94,94.00,,,,Sat Jun 13 2026 23:09:34 GMT-0300 (Horário Padrão de Brasília),
1826,03-0173,ST10302VJ0028,concluida,PREVENTIVA,,true,,Mon Jun 08 2026 00:00:00 GMT-0300 (Horário Padrão de Brasília),Mon Jun 08 2026 00:00:00 GMT-0300 (Horário Padrão de Brasília),0.64,64.00,,,,Sat Jun 13 2026 23:09:34 GMT-0300 (Horário Padrão de Brasília),
1827,03-0064,CV10101VJ0003,concluida,PREVENTIVA,,true,,Tue Jun 09 2026 00:00:00 GMT-0300 (Horário Padrão de Brasília),Tue Jun 09 2026 00:00:00 GMT-0300 (Horário Padrão de Brasília),1,100.00,,,,Sat Jun 13 2026 23:09:34 GMT-0300 (Horário Padrão de Brasília),
1828,03-0061,CV10303VJ0019,concluida,PREVENTIVA,,false,,Tue Jun 09 2026 00:00:00 GMT-0300 (Horário Padrão de Brasília),Mon Jun 08 2026 00:00:00 GMT-0300 (Horário Padrão de Brasília),,,,,,Sat Jun 13 2026 23:09:34 GMT-0300 (Horário Padrão de Brasília),
1829,03-0066,CV10203VJ0048,concluida,CORRETIVA,,true,,Tue Jun 09 2026 00:00:00 GMT-0300 (Horário Padrão de Brasília),Tue Jun 09 2026 00:00:00 GMT-0300 (Horário Padrão de Brasília),0.99,99.00,,,,Sat Jun 13 2026 23:09:34 GMT-0300 (Horário Padrão de Brasília),
1830,03-0159,JT10303VP0010/11,concluida,CORRETIVA,,true,,Tue Jun 09 2026 00:00:00 GMT-0300 (Horário Padrão de Brasília),Tue Jun 09 2026 00:00:00 GMT-0300 (Horário Padrão de Brasília),0.5,50.00,,,,Sat Jun 13 2026 23:09:34 GMT-0300 (Horário Padrão de Brasília),
1831,03-0001,JT10303VJ0035,concluida,CORRETIVA,,true,,Tue Jun 09 2026 00:00:00 GMT-0300 (Horário Padrão de Brasília),Tue Jun 09 2026 00:00:00 GMT-0300 (Horário Padrão de Brasília),1,100.00,,,,Sat Jun 13 2026 23:09:34 GMT-0300 (Horário Padrão de Brasília),
1832,03-0043,JT10303VJ0029,concluida,CORRETIVA,,true,,Tue Jun 09 2026 00:00:00 GMT-0300 (Horário Padrão de Brasília),Tue Jun 09 2026 00:00:00 GMT-0300 (Horário Padrão de Brasília),0.53,53.00,,,,Sat Jun 13 2026 23:09:34 GMT-0300 (Horário Padrão de Brasília),
1833,03-0090,JT10303VJ0032,concluida,CORRETIVA,,false,,Tue Jun 09 2026 00:00:00 GMT-0300 (Horário Padrão de Brasília),Tue May 26 2026 00:00:00 GMT-0300 (Horário Padrão de Brasília),,,,,,Sat Jun 13 2026 23:09:34 GMT-0300 (Horário Padrão de Brasília),
1834,03-0111,JT10303VJ0058,concluida,CORRETIVA,,true,,Tue Jun 09 2026 00:00:00 GMT-0300 (Horário Padrão de Brasília),Tue Jun 09 2026 00:00:00 GMT-0300 (Horário Padrão de Brasília),0.59,59.00,,,,Sat Jun 13 2026 23:09:34 GMT-0300 (Horário Padrão de Brasília),
1835,03-0128,JT10303VJ0030,concluida,CORRETIVA,,false,,Tue Jun 09 2026 00:00:00 GMT-0300 (Horário Padrão de Brasília),Mon Jun 08 2026 00:00:00 GMT-0300 (Horário Padrão de Brasília),,,,,,Sat Jun 13 2026 23:09:34 GMT-0300 (Horário Padrão de Brasília),
1836,03-0137,JT10303VJ0021,concluida,CORRETIVA,,false,,Tue Jun 09 2026 00:00:00 GMT-0300 (Horário Padrão de Brasília),Sun Jun 07 2026 00:00:00 GMT-0300 (Horário Padrão de Brasília),,,,,,Sat Jun 13 2026 23:09:34 GMT-0300 (Horário Padrão de Brasília),
1837,03-0198,MG10203VJ0055,concluida,CORRETIVA,,true,,Tue Jun 09 2026 00:00:00 GMT-0300 (Horário Padrão de Brasília),Tue Jun 09 2026 00:00:00 GMT-0300 (Horário Padrão de Brasília),1,100.00,,,,Sat Jun 13 2026 23:09:34 GMT-0300 (Horário Padrão de Brasília),
1838,03-0087,MG10101VJ0005,concluida,CORRETIVA,,false,,Tue Jun 09 2026 00:00:00 GMT-0300 (Horário Padrão de Brasília),Wed Jun 03 2026 00:00:00 GMT-0300 (Horário Padrão de Brasília),,,,,,Sat Jun 13 2026 23:09:34 GMT-0300 (Horário Padrão de Brasília),
1839,03-0146,MG10203VP0025,concluida,CORRETIVA,,false,,Tue Jun 09 2026 00:00:00 GMT-0300 (Horário Padrão de Brasília),Sun Jun 07 2026 00:00:00 GMT-0300 (Horário Padrão de Brasília),,,,,,Sat Jun 13 2026 23:09:34 GMT-0300 (Horário Padrão de Brasília),
1840,03-0256,MG10203VJ0061,concluida,CORRETIVA,,true,,Tue Jun 09 2026 00:00:00 GMT-0300 (Horário Padrão de Brasília),Tue Jun 09 2026 00:00:00 GMT-0300 (Horário Padrão de Brasília),0.84,84.00,,,,Sat Jun 13 2026 23:09:34 GMT-0300 (Horário Padrão de Brasília),
1841,03-0191,MG10203VJ0059,concluida,CORRETIVA,,true,,Tue Jun 09 2026 00:00:00 GMT-0300 (Horário Padrão de Brasília),Tue Jun 09 2026 00:00:00 GMT-0300 (Horário Padrão de Brasília),0.79,79.00,,,,Sat Jun 13 2026 23:09:34 GMT-0300 (Horário Padrão de Brasília),
1842,03-0277,ST10101VJ0020,concluida,CORRETIVA,,true,,Tue Jun 09 2026 00:00:00 GMT-0300 (Horário Padrão de Brasília),Tue Jun 09 2026 00:00:00 GMT-0300 (Horário Padrão de Brasília),0.99,99.00,,,,Sat Jun 13 2026 23:09:34 GMT-0300 (Horário Padrão de Brasília),
1843,03-0275,ST10101VJ0021,concluida,PREVENTIVA,,true,,Tue Jun 09 2026 00:00:00 GMT-0300 (Horário Padrão de Brasília),Tue Jun 09 2026 00:00:00 GMT-0300 (Horário Padrão de Brasília),0.86,86.00,,,,Sat Jun 13 2026 23:09:34 GMT-0300 (Horário Padrão de Brasília),
1844,03-0167,ST10303VJ0046,concluida,CORRETIVA,,true,,Tue Jun 09 2026 00:00:00 GMT-0300 (Horário Padrão de Brasília),Tue Jun 09 2026 00:00:00 GMT-0300 (Horário Padrão de Brasília),0.74,74.00,,,,Sat Jun 13 2026 23:09:34 GMT-0300 (Horário Padrão de Brasília),
1845,03-0185,ST10303VJ0052,concluida,CORRETIVA,,true,,Tue Jun 09 2026 00:00:00 GMT-0300 (Horário Padrão de Brasília),Tue Jun 09 2026 00:00:00 GMT-0300 (Horário Padrão de Brasília),0.6,60.00,,,,Sat Jun 13 2026 23:09:34 GMT-0300 (Horário Padrão de Brasília),
1846,03-0203,ST10303VJ0051,concluida,CORRETIVA,,true,,Tue Jun 09 2026 00:00:00 GMT-0300 (Horário Padrão de Brasília),Tue Jun 09 2026 00:00:00 GMT-0300 (Horário Padrão de Brasília),1,100.00,,,,Sat Jun 13 2026 23:09:34 GMT-0300 (Horário Padrão de Brasília),
1847,03-0281,ST10303VJ0047,concluida,CORRETIVA,,false,,Tue Jun 09 2026 00:00:00 GMT-0300 (Horário Padrão de Brasília),Thu Jun 04 2026 00:00:00 GMT-0300 (Horário Padrão de Brasília),,,,,,Sat Jun 13 2026 23:09:34 GMT-0300 (Horário Padrão de Brasília),
1848,03-0289,ST10303VJ0040,concluida,CORRETIVA,,true,,Tue Jun 09 2026 00:00:00 GMT-0300 (Horário Padrão de Brasília),Tue Jun 09 2026 00:00:00 GMT-0300 (Horário Padrão de Brasília),0.79,79.00,,,,Sat Jun 13 2026 23:09:34 GMT-0300 (Horário Padrão de Brasília),
1849,03-0302,ST10101VJ0006,concluida,PREVENTIVA,,true,,Tue Jun 09 2026 00:00:00 GMT-0300 (Horário Padrão de Brasília),Tue Jun 09 2026 00:00:00 GMT-0300 (Horário Padrão de Brasília),0.99,99.00,,,,Sat Jun 13 2026 23:09:34 GMT-0300 (Horário Padrão de Brasília),
1850,03-0136,CV10202VJ0031,concluida,CORRETIVA,,true,,Wed Jun 10 2026 00:00:00 GMT-0300 (Horário Padrão de Brasília),Wed Jun 10 2026 00:00:00 GMT-0300 (Horário Padrão de Brasília),0.85,85.00,,,,Sat Jun 13 2026 23:09:34 GMT-0300 (Horário Padrão de Brasília),
1851,03-0056,CV10202VJ0032,concluida,CORRETIVA,,true,,Wed Jun 10 2026 00:00:00 GMT-0300 (Horário Padrão de Brasília),Wed Jun 10 2026 00:00:00 GMT-0300 (Horário Padrão de Brasília),0.84,84.00,,,,Sat Jun 13 2026 23:09:34 GMT-0300 (Horário Padrão de Brasília),
1852,03-0025,JT10304VJ0043,concluida,CORRETIVA,,true,,Wed Jun 10 2026 00:00:00 GMT-0300 (Horário Padrão de Brasília),Wed Jun 10 2026 00:00:00 GMT-0300 (Horário Padrão de Brasília),0.39,39.00,,,,Sat Jun 13 2026 23:09:34 GMT-0300 (Horário Padrão de Brasília),
1853,03-0019,JT10304VJ0049,concluida,CORRETIVA,,true,,Wed Jun 10 2026 00:00:00 GMT-0300 (Horário Padrão de Brasília),Wed Jun 10 2026 00:00:00 GMT-0300 (Horário Padrão de Brasília),0.74,74.00,,,,Sat Jun 13 2026 23:09:34 GMT-0300 (Horário Padrão de Brasília),
1854,03-0032,JT10304VJ0051,concluida,CORRETIVA,,false,,Wed Jun 10 2026 00:00:00 GMT-0300 (Horário Padrão de Brasília),Wed Jun 03 2026 00:00:00 GMT-0300 (Horário Padrão de Brasília),,,,,,Sat Jun 13 2026 23:09:34 GMT-0300 (Horário Padrão de Brasília),
1855,03-0254,MG10202VP0006/07/08/09,concluida,PREVENTIVA,,true,,Wed Jun 10 2026 00:00:00 GMT-0300 (Horário Padrão de Brasília),Wed Jun 10 2026 00:00:00 GMT-0300 (Horário Padrão de Brasília),0.94,94.00,,,,Sat Jun 13 2026 23:09:34 GMT-0300 (Horário Padrão de Brasília),
1856,03-0318,MG10202VP0015/16,concluida,CORRETIVA,,true,,Wed Jun 10 2026 00:00:00 GMT-0300 (Horário Padrão de Brasília),Wed Jun 10 2026 00:00:00 GMT-0300 (Horário Padrão de Brasília),0.78,78.00,,,,Sat Jun 13 2026 23:09:34 GMT-0300 (Horário Padrão de Brasília),
1857,03-0268,MG10202VJ0038,concluida,CORRETIVA,,true,,Wed Jun 10 2026 00:00:00 GMT-0300 (Horário Padrão de Brasília),Wed Jun 10 2026 00:00:00 GMT-0300 (Horário Padrão de Brasília),0.89,89.00,,,,Sat Jun 13 2026 23:09:34 GMT-0300 (Horário Padrão de Brasília),
1858,03-0239,MG10202VJ0030,concluida,PREVENTIVA,,true,,Wed Jun 10 2026 00:00:00 GMT-0300 (Horário Padrão de Brasília),Wed Jun 10 2026 00:00:00 GMT-0300 (Horário Padrão de Brasília),0.04,4.00,,,,Sat Jun 13 2026 23:09:34 GMT-0300 (Horário Padrão de Brasília),
1859,03-0242,MG10202VJ0045,concluida,CORRETIVA,,true,,Wed Jun 10 2026 00:00:00 GMT-0300 (Horário Padrão de Brasília),Wed Jun 10 2026 00:00:00 GMT-0300 (Horário Padrão de Brasília),0.89,89.00,,,,Sat Jun 13 2026 23:09:34 GMT-0300 (Horário Padrão de Brasília),
1860,03-0308,MG10202VJ0033,concluida,CORRETIVA,,false,,Wed Jun 10 2026 00:00:00 GMT-0300 (Horário Padrão de Brasília),Mon Jun 08 2026 00:00:00 GMT-0300 (Horário Padrão de Brasília),,,,,,Sat Jun 13 2026 23:09:34 GMT-0300 (Horário Padrão de Brasília),
1861,03-0309,MG10202VJ0023,concluida,CORRETIVA,,true,,Wed Jun 10 2026 00:00:00 GMT-0300 (Horário Padrão de Brasília),Wed Jun 10 2026 00:00:00 GMT-0300 (Horário Padrão de Brasília),0.89,89.00,,,,Sat Jun 13 2026 23:09:34 GMT-0300 (Horário Padrão de Brasília),
1862,03-0312,MG10202VJ0024,concluida,CORRETIVA,,true,,Wed Jun 10 2026 00:00:00 GMT-0300 (Horário Padrão de Brasília),Wed Jun 10 2026 00:00:00 GMT-0300 (Horário Padrão de Brasília),0.97,97.00,,,,Sat Jun 13 2026 23:09:34 GMT-0300 (Horário Padrão de Brasília),
1863,03-0175,ST10202VJ0071,concluida,PREVENTIVA,,true,,Wed Jun 10 2026 00:00:00 GMT-0300 (Horário Padrão de Brasília),Wed Jun 10 2026 00:00:00 GMT-0300 (Horário Padrão de Brasília),0.99,99.00,,,,Sat Jun 13 2026 23:09:34 GMT-0300 (Horário Padrão de Brasília),
1864,03-0148,ST10304VJ0067,concluida,CORRETIVA,,true,,Wed Jun 10 2026 00:00:00 GMT-0300 (Horário Padrão de Brasília),Wed Jun 10 2026 00:00:00 GMT-0300 (Horário Padrão de Brasília),0.44,44.00,,,,Sat Jun 13 2026 23:09:34 GMT-0300 (Horário Padrão de Brasília),
1865,03-0150,ST10304VJ0066,concluida,CORRETIVA,,true,,Wed Jun 10 2026 00:00:00 GMT-0300 (Horário Padrão de Brasília),Wed Jun 10 2026 00:00:00 GMT-0300 (Horário Padrão de Brasília),1,100.00,,,,Sat Jun 13 2026 23:09:34 GMT-0300 (Horário Padrão de Brasília),
1866,03-0189,ST10304VJ0061,concluida,CORRETIVA,,true,,Wed Jun 10 2026 00:00:00 GMT-0300 (Horário Padrão de Brasília),Wed Jun 10 2026 00:00:00 GMT-0300 (Horário Padrão de Brasília),1,100.00,,,,Sat Jun 13 2026 23:09:34 GMT-0300 (Horário Padrão de Brasília),
1867,03-0245,ST10101VJ0012,concluida,CORRETIVA,,false,,Wed Jun 10 2026 00:00:00 GMT-0300 (Horário Padrão de Brasília),Sun Jun 07 2026 00:00:00 GMT-0300 (Horário Padrão de Brasília),,,,,,Sat Jun 13 2026 23:09:34 GMT-0300 (Horário Padrão de Brasília),
1868,03-0322,ST10304VJ0063,concluida,CORRETIVA,,false,,Wed Jun 10 2026 00:00:00 GMT-0300 (Horário Padrão de Brasília),Wed May 20 2026 00:00:00 GMT-0300 (Horário Padrão de Brasília),,,,,,Sat Jun 13 2026 23:09:34 GMT-0300 (Horário Padrão de Brasília),
1869,03-0186,ST10304VJ0068,concluida,CORRETIVA,,false,,Wed Jun 10 2026 00:00:00 GMT-0300 (Horário Padrão de Brasília),Sun Jun 07 2026 00:00:00 GMT-0300 (Horário Padrão de Brasília),,,,,,Sat Jun 13 2026 23:09:34 GMT-0300 (Horário Padrão de Brasília),
1870,03-0298,ST10304VJ0057,concluida,CORRETIVA,,true,,Wed Jun 10 2026 00:00:00 GMT-0300 (Horário Padrão de Brasília),Wed Jun 10 2026 00:00:00 GMT-0300 (Horário Padrão de Brasília),0.94,94.00,,,,Sat Jun 13 2026 23:09:34 GMT-0300 (Horário Padrão de Brasília),
1871,03-0299,ST10304VJ0055,concluida,CORRETIVA,,true,,Wed Jun 10 2026 00:00:00 GMT-0300 (Horário Padrão de Brasília),Wed Jun 10 2026 00:00:00 GMT-0300 (Horário Padrão de Brasília),0.79,79.00,,,,Sat Jun 13 2026 23:09:34 GMT-0300 (Horário Padrão de Brasília),
1872,03-0326,ST10304VJ0062,concluida,CORRETIVA,,true,,Wed Jun 10 2026 00:00:00 GMT-0300 (Horário Padrão de Brasília),Wed Jun 10 2026 00:00:00 GMT-0300 (Horário Padrão de Brasília),0.94,94.00,,,,Sat Jun 13 2026 23:09:34 GMT-0300 (Horário Padrão de Brasília),
1873,03-0139,CV10302VJ0014,concluida,CORRETIVA,,true,,Thu Jun 11 2026 00:00:00 GMT-0300 (Horário Padrão de Brasília),Thu Jun 11 2026 00:00:00 GMT-0300 (Horário Padrão de Brasília),0.83,83.00,,,,Sat Jun 13 2026 23:09:34 GMT-0300 (Horário Padrão de Brasília),
1874,03-0068,JT10302VJ0007,concluida,CORRETIVA,,true,,Thu Jun 11 2026 00:00:00 GMT-0300 (Horário Padrão de Brasília),Thu Jun 11 2026 00:00:00 GMT-0300 (Horário Padrão de Brasília),0.89,89.00,,,,Sat Jun 13 2026 23:09:34 GMT-0300 (Horário Padrão de Brasília),
1876,03-0093,JT10302VJ0017,concluida,CORRETIVA,,true,,Thu Jun 11 2026 00:00:00 GMT-0300 (Horário Padrão de Brasília),Thu Jun 11 2026 00:00:00 GMT-0300 (Horário Padrão de Brasília),0.78,78.00,,,,Sat Jun 13 2026 23:09:34 GMT-0300 (Horário Padrão de Brasília),
1877,03-0109,JT10302VJ0020,concluida,CORRETIVA,,true,,Thu Jun 11 2026 00:00:00 GMT-0300 (Horário Padrão de Brasília),Thu Jun 11 2026 00:00:00 GMT-0300 (Horário Padrão de Brasília),0.89,89.00,,,,Sat Jun 13 2026 23:09:34 GMT-0300 (Horário Padrão de Brasília),
1878,03-0161,JT10101VP0001,concluida,PREVENTIVA,,true,,Thu Jun 11 2026 00:00:00 GMT-0300 (Horário Padrão de Brasília),Thu Jun 11 2026 00:00:00 GMT-0300 (Horário Padrão de Brasília),0.94,94.00,,,,Sat Jun 13 2026 23:09:34 GMT-0300 (Horário Padrão de Brasília),
1879,03-0304,JT10302VP0006/07,concluida,CORRETIVA,,true,,Thu Jun 11 2026 00:00:00 GMT-0300 (Horário Padrão de Brasília),Thu Jun 11 2026 00:00:00 GMT-0300 (Horário Padrão de Brasília),1,100.00,,,,Sat Jun 13 2026 23:09:34 GMT-0300 (Horário Padrão de Brasília),
1880,03-0279,MG10302VJ0016,concluida,PREVENTIVA,,true,,Thu Jun 11 2026 00:00:00 GMT-0300 (Horário Padrão de Brasília),Thu Jun 11 2026 00:00:00 GMT-0300 (Horário Padrão de Brasília),0.85,85.00,,,,Sat Jun 13 2026 23:09:34 GMT-0300 (Horário Padrão de Brasília),
1881,03-0172,MG10203VJ0047,concluida,CORRETIVA,,true,,Thu Jun 11 2026 00:00:00 GMT-0300 (Horário Padrão de Brasília),Thu Jun 11 2026 00:00:00 GMT-0300 (Horário Padrão de Brasília),0.79,79.00,,,,Sat Jun 13 2026 23:09:34 GMT-0300 (Horário Padrão de Brasília),
1882,03-0221,MG10203VJ0062,concluida,CORRETIVA,,true,,Thu Jun 11 2026 00:00:00 GMT-0300 (Horário Padrão de Brasília),Thu Jun 11 2026 00:00:00 GMT-0300 (Horário Padrão de Brasília),0.79,79.00,,,,Sat Jun 13 2026 23:09:34 GMT-0300 (Horário Padrão de Brasília),
1883,03-0188,MG10203VJ0052,concluida,CORRETIVA,,true,,Thu Jun 11 2026 00:00:00 GMT-0300 (Horário Padrão de Brasília),Thu Jun 11 2026 00:00:00 GMT-0300 (Horário Padrão de Brasília),0.89,89.00,,,,Sat Jun 13 2026 23:09:34 GMT-0300 (Horário Padrão de Brasília),
1884,03-0206,ST10302VJ0031,concluida,PREVENTIVA,,true,,Thu Jun 11 2026 00:00:00 GMT-0300 (Horário Padrão de Brasília),Thu Jun 11 2026 00:00:00 GMT-0300 (Horário Padrão de Brasília),0,0.00,,,,Sat Jun 13 2026 23:09:34 GMT-0300 (Horário Padrão de Brasília),
1885,03-0227,ST10302VJ0038,concluida,CORRETIVA,,true,,Thu Jun 11 2026 00:00:00 GMT-0300 (Horário Padrão de Brasília),Thu Jun 11 2026 00:00:00 GMT-0300 (Horário Padrão de Brasília),0.69,69.00,,,,Sat Jun 13 2026 23:09:34 GMT-0300 (Horário Padrão de Brasília),
1886,03-0263,ST10203VJ0078,concluida,CORRETIVA,,true,,Thu Jun 11 2026 00:00:00 GMT-0300 (Horário Padrão de Brasília),Thu Jun 11 2026 00:00:00 GMT-0300 (Horário Padrão de Brasília),0.74,74.00,,,,Sat Jun 13 2026 23:09:34 GMT-0300 (Horário Padrão de Brasília),
1887,03-0192,ST10302VJ0032,concluida,CORRETIVA,,false,,Thu Jun 11 2026 00:00:00 GMT-0300 (Horário Padrão de Brasília),Mon Jun 08 2026 00:00:00 GMT-0300 (Horário Padrão de Brasília),,,,,,Sat Jun 13 2026 23:09:34 GMT-0300 (Horário Padrão de Brasília),
1888,03-0195,ST10302VJ0033,concluida,CORRETIVA,,true,,Thu Jun 11 2026 00:00:00 GMT-0300 (Horário Padrão de Brasília),Thu Jun 11 2026 00:00:00 GMT-0300 (Horário Padrão de Brasília),0.86,86.00,,,,Sat Jun 13 2026 23:09:34 GMT-0300 (Horário Padrão de Brasília),
1889,03-0225,ST10302VJ0027,concluida,CORRETIVA,,false,,Thu Jun 11 2026 00:00:00 GMT-0300 (Horário Padrão de Brasília),Tue Jun 09 2026 00:00:00 GMT-0300 (Horário Padrão de Brasília),,,,,,Sat Jun 13 2026 23:09:34 GMT-0300 (Horário Padrão de Brasília),
1890,03-0262,ST10203VJ0075,concluida,CORRETIVA,,true,,Thu Jun 11 2026 00:00:00 GMT-0300 (Horário Padrão de Brasília),Thu Jun 11 2026 00:00:00 GMT-0300 (Horário Padrão de Brasília),0.89,89.00,,,,Sat Jun 13 2026 23:09:34 GMT-0300 (Horário Padrão de Brasília),
1891,03-0313,ST10101VJ0016,concluida,CORRETIVA,,true,,Thu Jun 11 2026 00:00:00 GMT-0300 (Horário Padrão de Brasília),Thu Jun 11 2026 00:00:00 GMT-0300 (Horário Padrão de Brasília),0.73,73.00,,,,Sat Jun 13 2026 23:09:34 GMT-0300 (Horário Padrão de Brasília),
1892,03-0222,ST10302VJ0025,concluida,CORRETIVA,,true,,Thu Jun 11 2026 00:00:00 GMT-0300 (Horário Padrão de Brasília),Thu Jun 11 2026 00:00:00 GMT-0300 (Horário Padrão de Brasília),0.89,89.00,,,,Sat Jun 13 2026 23:09:34 GMT-0300 (Horário Padrão de Brasília),
1893,03-0112,CV10101VJ0006,concluida,PREVENTIVA,,true,,Fri Jun 12 2026 00:00:00 GMT-0300 (Horário Padrão de Brasília),Fri Jun 12 2026 00:00:00 GMT-0300 (Horário Padrão de Brasília),0.89,89.00,,,,Sat Jun 13 2026 23:09:34 GMT-0300 (Horário Padrão de Brasília),
1894,03-0296,CV10202VP0010/16,concluida,CORRETIVA,,true,,Fri Jun 12 2026 00:00:00 GMT-0300 (Horário Padrão de Brasília),Fri Jun 12 2026 00:00:00 GMT-0300 (Horário Padrão de Brasília),0.99,99.00,,,,Sat Jun 13 2026 23:09:34 GMT-0300 (Horário Padrão de Brasília),
1895,03-0073,CV10303VJ0017,concluida,CORRETIVA,,false,,Fri Jun 12 2026 00:00:00 GMT-0300 (Horário Padrão de Brasília),Tue Jun 09 2026 00:00:00 GMT-0300 (Horário Padrão de Brasília),,,,,,Sat Jun 13 2026 23:09:34 GMT-0300 (Horário Padrão de Brasília),
1896,03-0131,CV10303VJ0020,concluida,CORRETIVA,,false,,Fri Jun 12 2026 00:00:00 GMT-0300 (Horário Padrão de Brasília),Tue Jun 09 2026 00:00:00 GMT-0300 (Horário Padrão de Brasília),,,,,,Sat Jun 13 2026 23:09:34 GMT-0300 (Horário Padrão de Brasília),
1897,03-0082,CV10202VJ0029,concluida,CORRETIVA,,false,,Fri Jun 12 2026 00:00:00 GMT-0300 (Horário Padrão de Brasília),Mon Jun 08 2026 00:00:00 GMT-0300 (Horário Padrão de Brasília),,,,,,Sat Jun 13 2026 23:09:34 GMT-0300 (Horário Padrão de Brasília),
1898,03-0229,CV10202VP0015,concluida,CORRETIVA,,false,,Fri Jun 12 2026 00:00:00 GMT-0300 (Horário Padrão de Brasília),Wed Jun 10 2026 00:00:00 GMT-0300 (Horário Padrão de Brasília),,,,,,Sat Jun 13 2026 23:09:34 GMT-0300 (Horário Padrão de Brasília),
1899,03-0094,JT10303VJ0024,concluida,CORRETIVA,,true,,Fri Jun 12 2026 00:00:00 GMT-0300 (Horário Padrão de Brasília),Fri Jun 12 2026 00:00:00 GMT-0300 (Horário Padrão de Brasília),0.79,79.00,,,,Sat Jun 13 2026 23:09:34 GMT-0300 (Horário Padrão de Brasília),
1900,03-0049,JT10102VJ0001,concluida,CORRETIVA,,false,,Fri Jun 12 2026 00:00:00 GMT-0300 (Horário Padrão de Brasília),Wed Jun 10 2026 00:00:00 GMT-0300 (Horário Padrão de Brasília),,,,,,Sat Jun 13 2026 23:09:34 GMT-0300 (Horário Padrão de Brasília),
1901,03-0315,MG10202VJ0029,concluida,PREVENTIVA,,true,,Fri Jun 12 2026 00:00:00 GMT-0300 (Horário Padrão de Brasília),Fri Jun 12 2026 00:00:00 GMT-0300 (Horário Padrão de Brasília),0.82,82.00,,,,Sat Jun 13 2026 23:09:34 GMT-0300 (Horário Padrão de Brasília),
1902,03-0310,MG10101VL0002,concluida,PREVENTIVA,,true,,Fri Jun 12 2026 00:00:00 GMT-0300 (Horário Padrão de Brasília),Fri Jun 12 2026 00:00:00 GMT-0300 (Horário Padrão de Brasília),0.89,89.00,,,,Sat Jun 13 2026 23:09:34 GMT-0300 (Horário Padrão de Brasília),
1903,03-0047,MG10101VJ0002,concluida,PREVENTIVA,,true,,Fri Jun 12 2026 00:00:00 GMT-0300 (Horário Padrão de Brasília),Fri Jun 12 2026 00:00:00 GMT-0300 (Horário Padrão de Brasília),1,100.00,,,,Sat Jun 13 2026 23:09:34 GMT-0300 (Horário Padrão de Brasília),
1904,03-0017,MG10101VJ0012,concluida,PREVENTIVA,,true,,Fri Jun 12 2026 00:00:00 GMT-0300 (Horário Padrão de Brasília),Fri Jun 12 2026 00:00:00 GMT-0300 (Horário Padrão de Brasília),0.94,94.00,,,,Sat Jun 13 2026 23:09:34 GMT-0300 (Horário Padrão de Brasília),
1905,03-0224,MG10202VP0017/18/19/20,concluida,CORRETIVA,,true,,Fri Jun 12 2026 00:00:00 GMT-0300 (Horário Padrão de Brasília),Fri Jun 12 2026 00:00:00 GMT-0300 (Horário Padrão de Brasília),1,100.00,,,,Sat Jun 13 2026 23:09:34 GMT-0300 (Horário Padrão de Brasília),
1906,03-0319,MG10202VJ0035,concluida,CORRETIVA,,true,,Fri Jun 12 2026 00:00:00 GMT-0300 (Horário Padrão de Brasília),Fri Jun 12 2026 00:00:00 GMT-0300 (Horário Padrão de Brasília),0.95,95.00,,,,Sat Jun 13 2026 23:09:34 GMT-0300 (Horário Padrão de Brasília),
1907,03-0214,MG10303VJ0019,concluida,CORRETIVA,,true,,Fri Jun 12 2026 00:00:00 GMT-0300 (Horário Padrão de Brasília),Fri Jun 12 2026 00:00:00 GMT-0300 (Horário Padrão de Brasília),0.99,99.00,,,,Sat Jun 13 2026 23:09:34 GMT-0300 (Horário Padrão de Brasília),
1908,03-0157,MG10202VP0013/14,concluida,CORRETIVA,,true,,Fri Jun 12 2026 00:00:00 GMT-0300 (Horário Padrão de Brasília),Fri Jun 12 2026 00:00:00 GMT-0300 (Horário Padrão de Brasília),0.74,74.00,,,,Sat Jun 13 2026 23:09:34 GMT-0300 (Horário Padrão de Brasília),
1909,03-0295,ST10101VJ0018,concluida,PREVENTIVA,,true,,Fri Jun 12 2026 00:00:00 GMT-0300 (Horário Padrão de Brasília),Fri Jun 12 2026 00:00:00 GMT-0300 (Horário Padrão de Brasília),1,100.00,,,,Sat Jun 13 2026 23:09:34 GMT-0300 (Horário Padrão de Brasília),
1910,03-0284,ST10101VJ0004,concluida,PREVENTIVA,,true,,Fri Jun 12 2026 00:00:00 GMT-0300 (Horário Padrão de Brasília),Fri Jun 12 2026 00:00:00 GMT-0300 (Horário Padrão de Brasília),1,100.00,,,,Sat Jun 13 2026 23:09:34 GMT-0300 (Horário Padrão de Brasília),
1911,03-0144,ST10101VJ0019,concluida,PREVENTIVA,,true,,Fri Jun 12 2026 00:00:00 GMT-0300 (Horário Padrão de Brasília),Fri Jun 12 2026 00:00:00 GMT-0300 (Horário Padrão de Brasília),0,0.00,,,,Sat Jun 13 2026 23:09:34 GMT-0300 (Horário Padrão de Brasília),
1912,03-0226,ST10303VJ0039,concluida,CORRETIVA,,true,,Fri Jun 12 2026 00:00:00 GMT-0300 (Horário Padrão de Brasília),Fri Jun 12 2026 00:00:00 GMT-0300 (Horário Padrão de Brasília),0.99,99.00,,,,Sat Jun 13 2026 23:09:34 GMT-0300 (Horário Padrão de Brasília),
1913,03-0001,JT10303VJ0035,concluida,Manutenção,,true,93.00,Tue Jun 16 2026 00:00:00 GMT-0300 (Horário Padrão de Brasília),Tue Jun 16 2026 00:00:00 GMT-0300 (Horário Padrão de Brasília),93%,93.00,ALTA,93.00,COM SINAL,Tue Jun 16 2026 07:16:25 GMT-0300 (Horário Padrão de Brasília),
1925,03-0038,CV10202VJ0030,agendada,Corretiva,Wed Jun 17 2026 00:00:00 GMT-0300 (Horário Padrão de Brasília),,,,,,,,,,Tue Jun 16 2026 17:12:41 GMT-0300 (Horário Padrão de Brasília),
1951,03-0038,CV10202VJ0030,concluida,,,false,,Wed Jun 03 2026 00:00:00 GMT-0300 (Horário Padrão de Brasília),Thu Jun 04 2026 00:00:00 GMT-0300 (Horário Padrão de Brasília),86%,86.00,ALTA,,,Wed Jun 17 2026 19:21:58 GMT-0300 (Horário Padrão de Brasília),
1956,03-0107,CV10202VJ0046,concluida,,Thu Jun 18 2026 00:00:00 GMT-0300 (Horário Padrão de Brasília),false,,Wed Jun 17 2026 00:00:00 GMT-0300 (Horário Padrão de Brasília),Wed Jun 17 2026 00:00:00 GMT-0300 (Horário Padrão de Brasília),14%,14.00,CRÍTICA,,,Wed Jun 17 2026 20:13:49 GMT-0300 (Horário Padrão de Brasília),Thu Jun 18 2026 00:00:00 GMT-0300 (Horário Padrão de Brasília)